number_of_qubits,qft_variant,process_fidelity,backend,bootstrap sample size,number bootstrap samples,data file
2,Fowler QFT,0.985147433593057,ibm_boston,20,20,~/Nextcloud/Projects/IBM/qft_experiments/analysis_boston_linear_fowler_non_synchronized_layouting_dd_10-02-2026.json.gz
2,Fowler QFT,0.9846213102126518,ibm_boston,20,20,~/Nextcloud/Projects/IBM/qft_experiments/analysis_boston_linear_fowler_non_synchronized_layouting_dd_10-02-2026.json.gz
2,Fowler QFT,0.9833212215154132,ibm_boston,20,20,~/Nextcloud/Projects/IBM/qft_experiments/analysis_boston_linear_fowler_non_synchronized_layouting_dd_10-02-2026.json.gz
2,Fowler QFT,0.9837212229880548,ibm_boston,20,20,~/Nextcloud/Projects/IBM/qft_experiments/analysis_boston_linear_fowler_non_synchronized_layouting_dd_10-02-2026.json.gz
2,Fowler QFT,0.9849466022975756,ibm_boston,20,20,~/Nextcloud/Projects/IBM/qft_experiments/analysis_boston_linear_fowler_non_synchronized_layouting_dd_10-02-2026.json.gz
2,Fowler QFT,0.9855218506760728,ibm_boston,20,20,~/Nextcloud/Projects/IBM/qft_experiments/analysis_boston_linear_fowler_non_synchronized_layouting_dd_10-02-2026.json.gz
2,Fowler QFT,0.9854222457968556,ibm_boston,20,20,~/Nextcloud/Projects/IBM/qft_experiments/analysis_boston_linear_fowler_non_synchronized_layouting_dd_10-02-2026.json.gz
2,Fowler QFT,0.984023573035237,ibm_boston,20,20,~/Nextcloud/Projects/IBM/qft_experiments/analysis_boston_linear_fowler_non_synchronized_layouting_dd_10-02-2026.json.gz
2,Fowler QFT,0.9848221094690912,ibm_boston,20,20,~/Nextcloud/Projects/IBM/qft_experiments/analysis_boston_linear_fowler_non_synchronized_layouting_dd_10-02-2026.json.gz
2,Fowler QFT,0.9844968837174192,ibm_boston,20,20,~/Nextcloud/Projects/IBM/qft_experiments/analysis_boston_linear_fowler_non_synchronized_layouting_dd_10-02-2026.json.gz
2,Fowler QFT,0.9838453172622368,ibm_boston,20,20,~/Nextcloud/Projects/IBM/qft_experiments/analysis_boston_linear_fowler_non_synchronized_layouting_dd_10-02-2026.json.gz
2,Fowler QFT,0.984647586408046,ibm_boston,20,20,~/Nextcloud/Projects/IBM/qft_experiments/analysis_boston_linear_fowler_non_synchronized_layouting_dd_10-02-2026.json.gz
2,Fowler QFT,0.9848475608540994,ibm_boston,20,20,~/Nextcloud/Projects/IBM/qft_experiments/analysis_boston_linear_fowler_non_synchronized_layouting_dd_10-02-2026.json.gz
2,Fowler QFT,0.984547151963616,ibm_boston,20,20,~/Nextcloud/Projects/IBM/qft_experiments/analysis_boston_linear_fowler_non_synchronized_layouting_dd_10-02-2026.json.gz
2,Fowler QFT,0.9844466911967586,ibm_boston,20,20,~/Nextcloud/Projects/IBM/qft_experiments/analysis_boston_linear_fowler_non_synchronized_layouting_dd_10-02-2026.json.gz
2,Fowler QFT,0.9855485183416968,ibm_boston,20,20,~/Nextcloud/Projects/IBM/qft_experiments/analysis_boston_linear_fowler_non_synchronized_layouting_dd_10-02-2026.json.gz
2,Fowler QFT,0.9834474976060664,ibm_boston,20,20,~/Nextcloud/Projects/IBM/qft_experiments/analysis_boston_linear_fowler_non_synchronized_layouting_dd_10-02-2026.json.gz
2,Fowler QFT,0.983647155192576,ibm_boston,20,20,~/Nextcloud/Projects/IBM/qft_experiments/analysis_boston_linear_fowler_non_synchronized_layouting_dd_10-02-2026.json.gz
2,Fowler QFT,0.9839726288198106,ibm_boston,20,20,~/Nextcloud/Projects/IBM/qft_experiments/analysis_boston_linear_fowler_non_synchronized_layouting_dd_10-02-2026.json.gz
2,Fowler QFT,0.9841467025275916,ibm_boston,20,20,~/Nextcloud/Projects/IBM/qft_experiments/analysis_boston_linear_fowler_non_synchronized_layouting_dd_10-02-2026.json.gz
4,Fowler QFT,0.950314586505244,ibm_boston,20,20,~/Nextcloud/Projects/IBM/qft_experiments/analysis_boston_linear_fowler_non_synchronized_layouting_dd_10-02-2026.json.gz
4,Fowler QFT,0.950016988073814,ibm_boston,20,20,~/Nextcloud/Projects/IBM/qft_experiments/analysis_boston_linear_fowler_non_synchronized_layouting_dd_10-02-2026.json.gz
4,Fowler QFT,0.9487904476110596,ibm_boston,20,20,~/Nextcloud/Projects/IBM/qft_experiments/analysis_boston_linear_fowler_non_synchronized_layouting_dd_10-02-2026.json.gz
4,Fowler QFT,0.9488889588549844,ibm_boston,20,20,~/Nextcloud/Projects/IBM/qft_experiments/analysis_boston_linear_fowler_non_synchronized_layouting_dd_10-02-2026.json.gz
4,Fowler QFT,0.9489420265653572,ibm_boston,20,20,~/Nextcloud/Projects/IBM/qft_experiments/analysis_boston_linear_fowler_non_synchronized_layouting_dd_10-02-2026.json.gz
4,Fowler QFT,0.9498429940263768,ibm_boston,20,20,~/Nextcloud/Projects/IBM/qft_experiments/analysis_boston_linear_fowler_non_synchronized_layouting_dd_10-02-2026.json.gz
4,Fowler QFT,0.9523118946302286,ibm_boston,20,20,~/Nextcloud/Projects/IBM/qft_experiments/analysis_boston_linear_fowler_non_synchronized_layouting_dd_10-02-2026.json.gz
4,Fowler QFT,0.94696392903903,ibm_boston,20,20,~/Nextcloud/Projects/IBM/qft_experiments/analysis_boston_linear_fowler_non_synchronized_layouting_dd_10-02-2026.json.gz
4,Fowler QFT,0.9501371949854938,ibm_boston,20,20,~/Nextcloud/Projects/IBM/qft_experiments/analysis_boston_linear_fowler_non_synchronized_layouting_dd_10-02-2026.json.gz
4,Fowler QFT,0.9490169932819686,ibm_boston,20,20,~/Nextcloud/Projects/IBM/qft_experiments/analysis_boston_linear_fowler_non_synchronized_layouting_dd_10-02-2026.json.gz
4,Fowler QFT,0.9502628075233084,ibm_boston,20,20,~/Nextcloud/Projects/IBM/qft_experiments/analysis_boston_linear_fowler_non_synchronized_layouting_dd_10-02-2026.json.gz
4,Fowler QFT,0.9478705100031524,ibm_boston,20,20,~/Nextcloud/Projects/IBM/qft_experiments/analysis_boston_linear_fowler_non_synchronized_layouting_dd_10-02-2026.json.gz
4,Fowler QFT,0.9484654619558248,ibm_boston,20,20,~/Nextcloud/Projects/IBM/qft_experiments/analysis_boston_linear_fowler_non_synchronized_layouting_dd_10-02-2026.json.gz
4,Fowler QFT,0.9469202004496886,ibm_boston,20,20,~/Nextcloud/Projects/IBM/qft_experiments/analysis_boston_linear_fowler_non_synchronized_layouting_dd_10-02-2026.json.gz
4,Fowler QFT,0.9471670869919936,ibm_boston,20,20,~/Nextcloud/Projects/IBM/qft_experiments/analysis_boston_linear_fowler_non_synchronized_layouting_dd_10-02-2026.json.gz
4,Fowler QFT,0.9515444830237132,ibm_boston,20,20,~/Nextcloud/Projects/IBM/qft_experiments/analysis_boston_linear_fowler_non_synchronized_layouting_dd_10-02-2026.json.gz
4,Fowler QFT,0.9465459957585672,ibm_boston,20,20,~/Nextcloud/Projects/IBM/qft_experiments/analysis_boston_linear_fowler_non_synchronized_layouting_dd_10-02-2026.json.gz
4,Fowler QFT,0.9486906250679548,ibm_boston,20,20,~/Nextcloud/Projects/IBM/qft_experiments/analysis_boston_linear_fowler_non_synchronized_layouting_dd_10-02-2026.json.gz
4,Fowler QFT,0.9483396078617188,ibm_boston,20,20,~/Nextcloud/Projects/IBM/qft_experiments/analysis_boston_linear_fowler_non_synchronized_layouting_dd_10-02-2026.json.gz
4,Fowler QFT,0.9507893921889508,ibm_boston,20,20,~/Nextcloud/Projects/IBM/qft_experiments/analysis_boston_linear_fowler_non_synchronized_layouting_dd_10-02-2026.json.gz
6,Fowler QFT,0.8688169614700612,ibm_boston,20,20,~/Nextcloud/Projects/IBM/qft_experiments/analysis_boston_linear_fowler_non_synchronized_layouting_dd_10-02-2026.json.gz
6,Fowler QFT,0.8698731446785407,ibm_boston,20,20,~/Nextcloud/Projects/IBM/qft_experiments/analysis_boston_linear_fowler_non_synchronized_layouting_dd_10-02-2026.json.gz
6,Fowler QFT,0.8714482639084093,ibm_boston,20,20,~/Nextcloud/Projects/IBM/qft_experiments/analysis_boston_linear_fowler_non_synchronized_layouting_dd_10-02-2026.json.gz
6,Fowler QFT,0.8702699894240578,ibm_boston,20,20,~/Nextcloud/Projects/IBM/qft_experiments/analysis_boston_linear_fowler_non_synchronized_layouting_dd_10-02-2026.json.gz
6,Fowler QFT,0.8719904305938964,ibm_boston,20,20,~/Nextcloud/Projects/IBM/qft_experiments/analysis_boston_linear_fowler_non_synchronized_layouting_dd_10-02-2026.json.gz
6,Fowler QFT,0.8728962794620991,ibm_boston,20,20,~/Nextcloud/Projects/IBM/qft_experiments/analysis_boston_linear_fowler_non_synchronized_layouting_dd_10-02-2026.json.gz
6,Fowler QFT,0.8711378576112626,ibm_boston,20,20,~/Nextcloud/Projects/IBM/qft_experiments/analysis_boston_linear_fowler_non_synchronized_layouting_dd_10-02-2026.json.gz
6,Fowler QFT,0.8730338036518608,ibm_boston,20,20,~/Nextcloud/Projects/IBM/qft_experiments/analysis_boston_linear_fowler_non_synchronized_layouting_dd_10-02-2026.json.gz
6,Fowler QFT,0.8738475985950152,ibm_boston,20,20,~/Nextcloud/Projects/IBM/qft_experiments/analysis_boston_linear_fowler_non_synchronized_layouting_dd_10-02-2026.json.gz
6,Fowler QFT,0.8726642683652557,ibm_boston,20,20,~/Nextcloud/Projects/IBM/qft_experiments/analysis_boston_linear_fowler_non_synchronized_layouting_dd_10-02-2026.json.gz
6,Fowler QFT,0.8722514953397915,ibm_boston,20,20,~/Nextcloud/Projects/IBM/qft_experiments/analysis_boston_linear_fowler_non_synchronized_layouting_dd_10-02-2026.json.gz
6,Fowler QFT,0.8660726815051651,ibm_boston,20,20,~/Nextcloud/Projects/IBM/qft_experiments/analysis_boston_linear_fowler_non_synchronized_layouting_dd_10-02-2026.json.gz
6,Fowler QFT,0.8733807159818516,ibm_boston,20,20,~/Nextcloud/Projects/IBM/qft_experiments/analysis_boston_linear_fowler_non_synchronized_layouting_dd_10-02-2026.json.gz
6,Fowler QFT,0.8720982288717314,ibm_boston,20,20,~/Nextcloud/Projects/IBM/qft_experiments/analysis_boston_linear_fowler_non_synchronized_layouting_dd_10-02-2026.json.gz
6,Fowler QFT,0.8714727333686226,ibm_boston,20,20,~/Nextcloud/Projects/IBM/qft_experiments/analysis_boston_linear_fowler_non_synchronized_layouting_dd_10-02-2026.json.gz
6,Fowler QFT,0.872649848051388,ibm_boston,20,20,~/Nextcloud/Projects/IBM/qft_experiments/analysis_boston_linear_fowler_non_synchronized_layouting_dd_10-02-2026.json.gz
6,Fowler QFT,0.8710378946762536,ibm_boston,20,20,~/Nextcloud/Projects/IBM/qft_experiments/analysis_boston_linear_fowler_non_synchronized_layouting_dd_10-02-2026.json.gz
6,Fowler QFT,0.8732112511811323,ibm_boston,20,20,~/Nextcloud/Projects/IBM/qft_experiments/analysis_boston_linear_fowler_non_synchronized_layouting_dd_10-02-2026.json.gz
6,Fowler QFT,0.872858672977727,ibm_boston,20,20,~/Nextcloud/Projects/IBM/qft_experiments/analysis_boston_linear_fowler_non_synchronized_layouting_dd_10-02-2026.json.gz
6,Fowler QFT,0.8752946537917717,ibm_boston,20,20,~/Nextcloud/Projects/IBM/qft_experiments/analysis_boston_linear_fowler_non_synchronized_layouting_dd_10-02-2026.json.gz
8,Fowler QFT,0.7878235899572856,ibm_boston,20,20,~/Nextcloud/Projects/IBM/qft_experiments/analysis_boston_linear_fowler_non_synchronized_layouting_dd_10-02-2026.json.gz
8,Fowler QFT,0.782165613724394,ibm_boston,20,20,~/Nextcloud/Projects/IBM/qft_experiments/analysis_boston_linear_fowler_non_synchronized_layouting_dd_10-02-2026.json.gz
8,Fowler QFT,0.7827649204076373,ibm_boston,20,20,~/Nextcloud/Projects/IBM/qft_experiments/analysis_boston_linear_fowler_non_synchronized_layouting_dd_10-02-2026.json.gz
8,Fowler QFT,0.7869947584695898,ibm_boston,20,20,~/Nextcloud/Projects/IBM/qft_experiments/analysis_boston_linear_fowler_non_synchronized_layouting_dd_10-02-2026.json.gz
8,Fowler QFT,0.7848605028364578,ibm_boston,20,20,~/Nextcloud/Projects/IBM/qft_experiments/analysis_boston_linear_fowler_non_synchronized_layouting_dd_10-02-2026.json.gz
8,Fowler QFT,0.7894991080110714,ibm_boston,20,20,~/Nextcloud/Projects/IBM/qft_experiments/analysis_boston_linear_fowler_non_synchronized_layouting_dd_10-02-2026.json.gz
8,Fowler QFT,0.7830691945288472,ibm_boston,20,20,~/Nextcloud/Projects/IBM/qft_experiments/analysis_boston_linear_fowler_non_synchronized_layouting_dd_10-02-2026.json.gz
8,Fowler QFT,0.7803443133050086,ibm_boston,20,20,~/Nextcloud/Projects/IBM/qft_experiments/analysis_boston_linear_fowler_non_synchronized_layouting_dd_10-02-2026.json.gz
8,Fowler QFT,0.7826282259893127,ibm_boston,20,20,~/Nextcloud/Projects/IBM/qft_experiments/analysis_boston_linear_fowler_non_synchronized_layouting_dd_10-02-2026.json.gz
8,Fowler QFT,0.7873203646743746,ibm_boston,20,20,~/Nextcloud/Projects/IBM/qft_experiments/analysis_boston_linear_fowler_non_synchronized_layouting_dd_10-02-2026.json.gz
8,Fowler QFT,0.7841277237985299,ibm_boston,20,20,~/Nextcloud/Projects/IBM/qft_experiments/analysis_boston_linear_fowler_non_synchronized_layouting_dd_10-02-2026.json.gz
8,Fowler QFT,0.7840922387977398,ibm_boston,20,20,~/Nextcloud/Projects/IBM/qft_experiments/analysis_boston_linear_fowler_non_synchronized_layouting_dd_10-02-2026.json.gz
8,Fowler QFT,0.7813746289932082,ibm_boston,20,20,~/Nextcloud/Projects/IBM/qft_experiments/analysis_boston_linear_fowler_non_synchronized_layouting_dd_10-02-2026.json.gz
8,Fowler QFT,0.786005926246845,ibm_boston,20,20,~/Nextcloud/Projects/IBM/qft_experiments/analysis_boston_linear_fowler_non_synchronized_layouting_dd_10-02-2026.json.gz
8,Fowler QFT,0.7831299007898177,ibm_boston,20,20,~/Nextcloud/Projects/IBM/qft_experiments/analysis_boston_linear_fowler_non_synchronized_layouting_dd_10-02-2026.json.gz
8,Fowler QFT,0.7815647911591694,ibm_boston,20,20,~/Nextcloud/Projects/IBM/qft_experiments/analysis_boston_linear_fowler_non_synchronized_layouting_dd_10-02-2026.json.gz
8,Fowler QFT,0.7842168877168746,ibm_boston,20,20,~/Nextcloud/Projects/IBM/qft_experiments/analysis_boston_linear_fowler_non_synchronized_layouting_dd_10-02-2026.json.gz
8,Fowler QFT,0.7823597928861735,ibm_boston,20,20,~/Nextcloud/Projects/IBM/qft_experiments/analysis_boston_linear_fowler_non_synchronized_layouting_dd_10-02-2026.json.gz
8,Fowler QFT,0.7836009889663994,ibm_boston,20,20,~/Nextcloud/Projects/IBM/qft_experiments/analysis_boston_linear_fowler_non_synchronized_layouting_dd_10-02-2026.json.gz
8,Fowler QFT,0.7866178612703515,ibm_boston,20,20,~/Nextcloud/Projects/IBM/qft_experiments/analysis_boston_linear_fowler_non_synchronized_layouting_dd_10-02-2026.json.gz
10,Fowler QFT,0.7347327741867531,ibm_boston,20,20,~/Nextcloud/Projects/IBM/qft_experiments/analysis_boston_linear_fowler_non_synchronized_layouting_dd_10-02-2026.json.gz
10,Fowler QFT,0.7284371011559191,ibm_boston,20,20,~/Nextcloud/Projects/IBM/qft_experiments/analysis_boston_linear_fowler_non_synchronized_layouting_dd_10-02-2026.json.gz
10,Fowler QFT,0.7285872980111165,ibm_boston,20,20,~/Nextcloud/Projects/IBM/qft_experiments/analysis_boston_linear_fowler_non_synchronized_layouting_dd_10-02-2026.json.gz
10,Fowler QFT,0.732817649192712,ibm_boston,20,20,~/Nextcloud/Projects/IBM/qft_experiments/analysis_boston_linear_fowler_non_synchronized_layouting_dd_10-02-2026.json.gz
10,Fowler QFT,0.7375655682281905,ibm_boston,20,20,~/Nextcloud/Projects/IBM/qft_experiments/analysis_boston_linear_fowler_non_synchronized_layouting_dd_10-02-2026.json.gz
10,Fowler QFT,0.7219340051244281,ibm_boston,20,20,~/Nextcloud/Projects/IBM/qft_experiments/analysis_boston_linear_fowler_non_synchronized_layouting_dd_10-02-2026.json.gz
10,Fowler QFT,0.7254802020121619,ibm_boston,20,20,~/Nextcloud/Projects/IBM/qft_experiments/analysis_boston_linear_fowler_non_synchronized_layouting_dd_10-02-2026.json.gz
10,Fowler QFT,0.7319504347359859,ibm_boston,20,20,~/Nextcloud/Projects/IBM/qft_experiments/analysis_boston_linear_fowler_non_synchronized_layouting_dd_10-02-2026.json.gz
10,Fowler QFT,0.7279115165102847,ibm_boston,20,20,~/Nextcloud/Projects/IBM/qft_experiments/analysis_boston_linear_fowler_non_synchronized_layouting_dd_10-02-2026.json.gz
10,Fowler QFT,0.7328945142879979,ibm_boston,20,20,~/Nextcloud/Projects/IBM/qft_experiments/analysis_boston_linear_fowler_non_synchronized_layouting_dd_10-02-2026.json.gz
10,Fowler QFT,0.7265339502963334,ibm_boston,20,20,~/Nextcloud/Projects/IBM/qft_experiments/analysis_boston_linear_fowler_non_synchronized_layouting_dd_10-02-2026.json.gz
10,Fowler QFT,0.7286993085620114,ibm_boston,20,20,~/Nextcloud/Projects/IBM/qft_experiments/analysis_boston_linear_fowler_non_synchronized_layouting_dd_10-02-2026.json.gz
10,Fowler QFT,0.7346515323636434,ibm_boston,20,20,~/Nextcloud/Projects/IBM/qft_experiments/analysis_boston_linear_fowler_non_synchronized_layouting_dd_10-02-2026.json.gz
10,Fowler QFT,0.7321270887155885,ibm_boston,20,20,~/Nextcloud/Projects/IBM/qft_experiments/analysis_boston_linear_fowler_non_synchronized_layouting_dd_10-02-2026.json.gz
10,Fowler QFT,0.7242479077359804,ibm_boston,20,20,~/Nextcloud/Projects/IBM/qft_experiments/analysis_boston_linear_fowler_non_synchronized_layouting_dd_10-02-2026.json.gz
10,Fowler QFT,0.7272124711037671,ibm_boston,20,20,~/Nextcloud/Projects/IBM/qft_experiments/analysis_boston_linear_fowler_non_synchronized_layouting_dd_10-02-2026.json.gz
10,Fowler QFT,0.7352440836700228,ibm_boston,20,20,~/Nextcloud/Projects/IBM/qft_experiments/analysis_boston_linear_fowler_non_synchronized_layouting_dd_10-02-2026.json.gz
10,Fowler QFT,0.7300798507612423,ibm_boston,20,20,~/Nextcloud/Projects/IBM/qft_experiments/analysis_boston_linear_fowler_non_synchronized_layouting_dd_10-02-2026.json.gz
10,Fowler QFT,0.7253290410516359,ibm_boston,20,20,~/Nextcloud/Projects/IBM/qft_experiments/analysis_boston_linear_fowler_non_synchronized_layouting_dd_10-02-2026.json.gz
10,Fowler QFT,0.727639336374776,ibm_boston,20,20,~/Nextcloud/Projects/IBM/qft_experiments/analysis_boston_linear_fowler_non_synchronized_layouting_dd_10-02-2026.json.gz
12,Fowler QFT,0.6174672273946978,ibm_boston,20,20,~/Nextcloud/Projects/IBM/qft_experiments/analysis_boston_linear_fowler_non_synchronized_layouting_dd_10-02-2026.json.gz
12,Fowler QFT,0.6403281155420244,ibm_boston,20,20,~/Nextcloud/Projects/IBM/qft_experiments/analysis_boston_linear_fowler_non_synchronized_layouting_dd_10-02-2026.json.gz
12,Fowler QFT,0.633242946793209,ibm_boston,20,20,~/Nextcloud/Projects/IBM/qft_experiments/analysis_boston_linear_fowler_non_synchronized_layouting_dd_10-02-2026.json.gz
12,Fowler QFT,0.613371631284786,ibm_boston,20,20,~/Nextcloud/Projects/IBM/qft_experiments/analysis_boston_linear_fowler_non_synchronized_layouting_dd_10-02-2026.json.gz
12,Fowler QFT,0.6281300401175527,ibm_boston,20,20,~/Nextcloud/Projects/IBM/qft_experiments/analysis_boston_linear_fowler_non_synchronized_layouting_dd_10-02-2026.json.gz
12,Fowler QFT,0.6328419094615926,ibm_boston,20,20,~/Nextcloud/Projects/IBM/qft_experiments/analysis_boston_linear_fowler_non_synchronized_layouting_dd_10-02-2026.json.gz
12,Fowler QFT,0.6266480721229719,ibm_boston,20,20,~/Nextcloud/Projects/IBM/qft_experiments/analysis_boston_linear_fowler_non_synchronized_layouting_dd_10-02-2026.json.gz
12,Fowler QFT,0.6283812108382977,ibm_boston,20,20,~/Nextcloud/Projects/IBM/qft_experiments/analysis_boston_linear_fowler_non_synchronized_layouting_dd_10-02-2026.json.gz
12,Fowler QFT,0.6185159325942036,ibm_boston,20,20,~/Nextcloud/Projects/IBM/qft_experiments/analysis_boston_linear_fowler_non_synchronized_layouting_dd_10-02-2026.json.gz
12,Fowler QFT,0.6304272065615723,ibm_boston,20,20,~/Nextcloud/Projects/IBM/qft_experiments/analysis_boston_linear_fowler_non_synchronized_layouting_dd_10-02-2026.json.gz
12,Fowler QFT,0.6281561097890843,ibm_boston,20,20,~/Nextcloud/Projects/IBM/qft_experiments/analysis_boston_linear_fowler_non_synchronized_layouting_dd_10-02-2026.json.gz
12,Fowler QFT,0.6246865030611921,ibm_boston,20,20,~/Nextcloud/Projects/IBM/qft_experiments/analysis_boston_linear_fowler_non_synchronized_layouting_dd_10-02-2026.json.gz
12,Fowler QFT,0.6326029538983305,ibm_boston,20,20,~/Nextcloud/Projects/IBM/qft_experiments/analysis_boston_linear_fowler_non_synchronized_layouting_dd_10-02-2026.json.gz
12,Fowler QFT,0.6397677690894475,ibm_boston,20,20,~/Nextcloud/Projects/IBM/qft_experiments/analysis_boston_linear_fowler_non_synchronized_layouting_dd_10-02-2026.json.gz
12,Fowler QFT,0.627165709690647,ibm_boston,20,20,~/Nextcloud/Projects/IBM/qft_experiments/analysis_boston_linear_fowler_non_synchronized_layouting_dd_10-02-2026.json.gz
12,Fowler QFT,0.615942781919361,ibm_boston,20,20,~/Nextcloud/Projects/IBM/qft_experiments/analysis_boston_linear_fowler_non_synchronized_layouting_dd_10-02-2026.json.gz
12,Fowler QFT,0.6192148334298638,ibm_boston,20,20,~/Nextcloud/Projects/IBM/qft_experiments/analysis_boston_linear_fowler_non_synchronized_layouting_dd_10-02-2026.json.gz
12,Fowler QFT,0.6248043345151442,ibm_boston,20,20,~/Nextcloud/Projects/IBM/qft_experiments/analysis_boston_linear_fowler_non_synchronized_layouting_dd_10-02-2026.json.gz
12,Fowler QFT,0.6331538302528826,ibm_boston,20,20,~/Nextcloud/Projects/IBM/qft_experiments/analysis_boston_linear_fowler_non_synchronized_layouting_dd_10-02-2026.json.gz
12,Fowler QFT,0.6274516141606874,ibm_boston,20,20,~/Nextcloud/Projects/IBM/qft_experiments/analysis_boston_linear_fowler_non_synchronized_layouting_dd_10-02-2026.json.gz
14,Fowler QFT,0.5190679975943965,ibm_boston,20,20,~/Nextcloud/Projects/IBM/qft_experiments/analysis_boston_linear_fowler_non_synchronized_layouting_dd_10-02-2026.json.gz
14,Fowler QFT,0.5216930253052473,ibm_boston,20,20,~/Nextcloud/Projects/IBM/qft_experiments/analysis_boston_linear_fowler_non_synchronized_layouting_dd_10-02-2026.json.gz
14,Fowler QFT,0.5210560269748603,ibm_boston,20,20,~/Nextcloud/Projects/IBM/qft_experiments/analysis_boston_linear_fowler_non_synchronized_layouting_dd_10-02-2026.json.gz
14,Fowler QFT,0.5209374408047638,ibm_boston,20,20,~/Nextcloud/Projects/IBM/qft_experiments/analysis_boston_linear_fowler_non_synchronized_layouting_dd_10-02-2026.json.gz
14,Fowler QFT,0.5189009805157385,ibm_boston,20,20,~/Nextcloud/Projects/IBM/qft_experiments/analysis_boston_linear_fowler_non_synchronized_layouting_dd_10-02-2026.json.gz
14,Fowler QFT,0.5165133442502743,ibm_boston,20,20,~/Nextcloud/Projects/IBM/qft_experiments/analysis_boston_linear_fowler_non_synchronized_layouting_dd_10-02-2026.json.gz
14,Fowler QFT,0.5215878555369391,ibm_boston,20,20,~/Nextcloud/Projects/IBM/qft_experiments/analysis_boston_linear_fowler_non_synchronized_layouting_dd_10-02-2026.json.gz
14,Fowler QFT,0.5207076666927704,ibm_boston,20,20,~/Nextcloud/Projects/IBM/qft_experiments/analysis_boston_linear_fowler_non_synchronized_layouting_dd_10-02-2026.json.gz
14,Fowler QFT,0.5157913032429563,ibm_boston,20,20,~/Nextcloud/Projects/IBM/qft_experiments/analysis_boston_linear_fowler_non_synchronized_layouting_dd_10-02-2026.json.gz
14,Fowler QFT,0.5195921944851607,ibm_boston,20,20,~/Nextcloud/Projects/IBM/qft_experiments/analysis_boston_linear_fowler_non_synchronized_layouting_dd_10-02-2026.json.gz
14,Fowler QFT,0.5227146732198563,ibm_boston,20,20,~/Nextcloud/Projects/IBM/qft_experiments/analysis_boston_linear_fowler_non_synchronized_layouting_dd_10-02-2026.json.gz
14,Fowler QFT,0.5204395917189888,ibm_boston,20,20,~/Nextcloud/Projects/IBM/qft_experiments/analysis_boston_linear_fowler_non_synchronized_layouting_dd_10-02-2026.json.gz
14,Fowler QFT,0.5150101973363741,ibm_boston,20,20,~/Nextcloud/Projects/IBM/qft_experiments/analysis_boston_linear_fowler_non_synchronized_layouting_dd_10-02-2026.json.gz
14,Fowler QFT,0.5137406622749346,ibm_boston,20,20,~/Nextcloud/Projects/IBM/qft_experiments/analysis_boston_linear_fowler_non_synchronized_layouting_dd_10-02-2026.json.gz
14,Fowler QFT,0.5213836280217946,ibm_boston,20,20,~/Nextcloud/Projects/IBM/qft_experiments/analysis_boston_linear_fowler_non_synchronized_layouting_dd_10-02-2026.json.gz
14,Fowler QFT,0.5185636633332201,ibm_boston,20,20,~/Nextcloud/Projects/IBM/qft_experiments/analysis_boston_linear_fowler_non_synchronized_layouting_dd_10-02-2026.json.gz
14,Fowler QFT,0.5224817476551499,ibm_boston,20,20,~/Nextcloud/Projects/IBM/qft_experiments/analysis_boston_linear_fowler_non_synchronized_layouting_dd_10-02-2026.json.gz
14,Fowler QFT,0.5173648466739829,ibm_boston,20,20,~/Nextcloud/Projects/IBM/qft_experiments/analysis_boston_linear_fowler_non_synchronized_layouting_dd_10-02-2026.json.gz
14,Fowler QFT,0.5185580431756848,ibm_boston,20,20,~/Nextcloud/Projects/IBM/qft_experiments/analysis_boston_linear_fowler_non_synchronized_layouting_dd_10-02-2026.json.gz
14,Fowler QFT,0.5196620087539319,ibm_boston,20,20,~/Nextcloud/Projects/IBM/qft_experiments/analysis_boston_linear_fowler_non_synchronized_layouting_dd_10-02-2026.json.gz
16,Fowler QFT,0.4223296146760312,ibm_boston,20,20,~/Nextcloud/Projects/IBM/qft_experiments/analysis_boston_linear_fowler_non_synchronized_layouting_dd_10-02-2026.json.gz
16,Fowler QFT,0.4171052430508585,ibm_boston,20,20,~/Nextcloud/Projects/IBM/qft_experiments/analysis_boston_linear_fowler_non_synchronized_layouting_dd_10-02-2026.json.gz
16,Fowler QFT,0.4251300912376466,ibm_boston,20,20,~/Nextcloud/Projects/IBM/qft_experiments/analysis_boston_linear_fowler_non_synchronized_layouting_dd_10-02-2026.json.gz
16,Fowler QFT,0.4222271730284669,ibm_boston,20,20,~/Nextcloud/Projects/IBM/qft_experiments/analysis_boston_linear_fowler_non_synchronized_layouting_dd_10-02-2026.json.gz
16,Fowler QFT,0.4254991504817125,ibm_boston,20,20,~/Nextcloud/Projects/IBM/qft_experiments/analysis_boston_linear_fowler_non_synchronized_layouting_dd_10-02-2026.json.gz
16,Fowler QFT,0.4229426947273036,ibm_boston,20,20,~/Nextcloud/Projects/IBM/qft_experiments/analysis_boston_linear_fowler_non_synchronized_layouting_dd_10-02-2026.json.gz
16,Fowler QFT,0.424751878461961,ibm_boston,20,20,~/Nextcloud/Projects/IBM/qft_experiments/analysis_boston_linear_fowler_non_synchronized_layouting_dd_10-02-2026.json.gz
16,Fowler QFT,0.42573951382775,ibm_boston,20,20,~/Nextcloud/Projects/IBM/qft_experiments/analysis_boston_linear_fowler_non_synchronized_layouting_dd_10-02-2026.json.gz
16,Fowler QFT,0.4255607392493825,ibm_boston,20,20,~/Nextcloud/Projects/IBM/qft_experiments/analysis_boston_linear_fowler_non_synchronized_layouting_dd_10-02-2026.json.gz
16,Fowler QFT,0.4195923514665588,ibm_boston,20,20,~/Nextcloud/Projects/IBM/qft_experiments/analysis_boston_linear_fowler_non_synchronized_layouting_dd_10-02-2026.json.gz
16,Fowler QFT,0.4317847259041115,ibm_boston,20,20,~/Nextcloud/Projects/IBM/qft_experiments/analysis_boston_linear_fowler_non_synchronized_layouting_dd_10-02-2026.json.gz
16,Fowler QFT,0.4212853286589811,ibm_boston,20,20,~/Nextcloud/Projects/IBM/qft_experiments/analysis_boston_linear_fowler_non_synchronized_layouting_dd_10-02-2026.json.gz
16,Fowler QFT,0.4226013313845856,ibm_boston,20,20,~/Nextcloud/Projects/IBM/qft_experiments/analysis_boston_linear_fowler_non_synchronized_layouting_dd_10-02-2026.json.gz
16,Fowler QFT,0.4128152954507019,ibm_boston,20,20,~/Nextcloud/Projects/IBM/qft_experiments/analysis_boston_linear_fowler_non_synchronized_layouting_dd_10-02-2026.json.gz
16,Fowler QFT,0.4249570084456225,ibm_boston,20,20,~/Nextcloud/Projects/IBM/qft_experiments/analysis_boston_linear_fowler_non_synchronized_layouting_dd_10-02-2026.json.gz
16,Fowler QFT,0.4232188204590198,ibm_boston,20,20,~/Nextcloud/Projects/IBM/qft_experiments/analysis_boston_linear_fowler_non_synchronized_layouting_dd_10-02-2026.json.gz
16,Fowler QFT,0.4278396130116446,ibm_boston,20,20,~/Nextcloud/Projects/IBM/qft_experiments/analysis_boston_linear_fowler_non_synchronized_layouting_dd_10-02-2026.json.gz
16,Fowler QFT,0.4251498150239977,ibm_boston,20,20,~/Nextcloud/Projects/IBM/qft_experiments/analysis_boston_linear_fowler_non_synchronized_layouting_dd_10-02-2026.json.gz
16,Fowler QFT,0.4192625292840148,ibm_boston,20,20,~/Nextcloud/Projects/IBM/qft_experiments/analysis_boston_linear_fowler_non_synchronized_layouting_dd_10-02-2026.json.gz
16,Fowler QFT,0.422288099700894,ibm_boston,20,20,~/Nextcloud/Projects/IBM/qft_experiments/analysis_boston_linear_fowler_non_synchronized_layouting_dd_10-02-2026.json.gz
18,Fowler QFT,0.3491322686305368,ibm_boston,20,20,~/Nextcloud/Projects/IBM/qft_experiments/analysis_boston_linear_fowler_non_synchronized_layouting_dd_10-02-2026.json.gz
18,Fowler QFT,0.3454098174153386,ibm_boston,20,20,~/Nextcloud/Projects/IBM/qft_experiments/analysis_boston_linear_fowler_non_synchronized_layouting_dd_10-02-2026.json.gz
18,Fowler QFT,0.3481001998513957,ibm_boston,20,20,~/Nextcloud/Projects/IBM/qft_experiments/analysis_boston_linear_fowler_non_synchronized_layouting_dd_10-02-2026.json.gz
18,Fowler QFT,0.3428532175900852,ibm_boston,20,20,~/Nextcloud/Projects/IBM/qft_experiments/analysis_boston_linear_fowler_non_synchronized_layouting_dd_10-02-2026.json.gz
18,Fowler QFT,0.3491902565324116,ibm_boston,20,20,~/Nextcloud/Projects/IBM/qft_experiments/analysis_boston_linear_fowler_non_synchronized_layouting_dd_10-02-2026.json.gz
18,Fowler QFT,0.3502628295937187,ibm_boston,20,20,~/Nextcloud/Projects/IBM/qft_experiments/analysis_boston_linear_fowler_non_synchronized_layouting_dd_10-02-2026.json.gz
18,Fowler QFT,0.3432720212448417,ibm_boston,20,20,~/Nextcloud/Projects/IBM/qft_experiments/analysis_boston_linear_fowler_non_synchronized_layouting_dd_10-02-2026.json.gz
18,Fowler QFT,0.3449684183941565,ibm_boston,20,20,~/Nextcloud/Projects/IBM/qft_experiments/analysis_boston_linear_fowler_non_synchronized_layouting_dd_10-02-2026.json.gz
18,Fowler QFT,0.3457464686294557,ibm_boston,20,20,~/Nextcloud/Projects/IBM/qft_experiments/analysis_boston_linear_fowler_non_synchronized_layouting_dd_10-02-2026.json.gz
18,Fowler QFT,0.3409226158479097,ibm_boston,20,20,~/Nextcloud/Projects/IBM/qft_experiments/analysis_boston_linear_fowler_non_synchronized_layouting_dd_10-02-2026.json.gz
18,Fowler QFT,0.3384385274517979,ibm_boston,20,20,~/Nextcloud/Projects/IBM/qft_experiments/analysis_boston_linear_fowler_non_synchronized_layouting_dd_10-02-2026.json.gz
18,Fowler QFT,0.3416593717879546,ibm_boston,20,20,~/Nextcloud/Projects/IBM/qft_experiments/analysis_boston_linear_fowler_non_synchronized_layouting_dd_10-02-2026.json.gz
18,Fowler QFT,0.3553847787045716,ibm_boston,20,20,~/Nextcloud/Projects/IBM/qft_experiments/analysis_boston_linear_fowler_non_synchronized_layouting_dd_10-02-2026.json.gz
18,Fowler QFT,0.3520093555249162,ibm_boston,20,20,~/Nextcloud/Projects/IBM/qft_experiments/analysis_boston_linear_fowler_non_synchronized_layouting_dd_10-02-2026.json.gz
18,Fowler QFT,0.3419007844176008,ibm_boston,20,20,~/Nextcloud/Projects/IBM/qft_experiments/analysis_boston_linear_fowler_non_synchronized_layouting_dd_10-02-2026.json.gz
18,Fowler QFT,0.3427930694480747,ibm_boston,20,20,~/Nextcloud/Projects/IBM/qft_experiments/analysis_boston_linear_fowler_non_synchronized_layouting_dd_10-02-2026.json.gz
18,Fowler QFT,0.3486864476361902,ibm_boston,20,20,~/Nextcloud/Projects/IBM/qft_experiments/analysis_boston_linear_fowler_non_synchronized_layouting_dd_10-02-2026.json.gz
18,Fowler QFT,0.347376779538998,ibm_boston,20,20,~/Nextcloud/Projects/IBM/qft_experiments/analysis_boston_linear_fowler_non_synchronized_layouting_dd_10-02-2026.json.gz
18,Fowler QFT,0.3419077506403659,ibm_boston,20,20,~/Nextcloud/Projects/IBM/qft_experiments/analysis_boston_linear_fowler_non_synchronized_layouting_dd_10-02-2026.json.gz
18,Fowler QFT,0.3470674304444434,ibm_boston,20,20,~/Nextcloud/Projects/IBM/qft_experiments/analysis_boston_linear_fowler_non_synchronized_layouting_dd_10-02-2026.json.gz
20,Fowler QFT,0.2805843176207023,ibm_boston,20,20,~/Nextcloud/Projects/IBM/qft_experiments/analysis_boston_linear_fowler_non_synchronized_layouting_dd_10-02-2026.json.gz
20,Fowler QFT,0.282106858444006,ibm_boston,20,20,~/Nextcloud/Projects/IBM/qft_experiments/analysis_boston_linear_fowler_non_synchronized_layouting_dd_10-02-2026.json.gz
20,Fowler QFT,0.2778951785252845,ibm_boston,20,20,~/Nextcloud/Projects/IBM/qft_experiments/analysis_boston_linear_fowler_non_synchronized_layouting_dd_10-02-2026.json.gz
20,Fowler QFT,0.2783653099519238,ibm_boston,20,20,~/Nextcloud/Projects/IBM/qft_experiments/analysis_boston_linear_fowler_non_synchronized_layouting_dd_10-02-2026.json.gz
20,Fowler QFT,0.2831945536344359,ibm_boston,20,20,~/Nextcloud/Projects/IBM/qft_experiments/analysis_boston_linear_fowler_non_synchronized_layouting_dd_10-02-2026.json.gz
20,Fowler QFT,0.2793608103523092,ibm_boston,20,20,~/Nextcloud/Projects/IBM/qft_experiments/analysis_boston_linear_fowler_non_synchronized_layouting_dd_10-02-2026.json.gz
20,Fowler QFT,0.272705491664688,ibm_boston,20,20,~/Nextcloud/Projects/IBM/qft_experiments/analysis_boston_linear_fowler_non_synchronized_layouting_dd_10-02-2026.json.gz
20,Fowler QFT,0.2833371734674513,ibm_boston,20,20,~/Nextcloud/Projects/IBM/qft_experiments/analysis_boston_linear_fowler_non_synchronized_layouting_dd_10-02-2026.json.gz
20,Fowler QFT,0.2807381184690551,ibm_boston,20,20,~/Nextcloud/Projects/IBM/qft_experiments/analysis_boston_linear_fowler_non_synchronized_layouting_dd_10-02-2026.json.gz
20,Fowler QFT,0.2784035435254848,ibm_boston,20,20,~/Nextcloud/Projects/IBM/qft_experiments/analysis_boston_linear_fowler_non_synchronized_layouting_dd_10-02-2026.json.gz
20,Fowler QFT,0.2789708070644194,ibm_boston,20,20,~/Nextcloud/Projects/IBM/qft_experiments/analysis_boston_linear_fowler_non_synchronized_layouting_dd_10-02-2026.json.gz
20,Fowler QFT,0.2805953451428732,ibm_boston,20,20,~/Nextcloud/Projects/IBM/qft_experiments/analysis_boston_linear_fowler_non_synchronized_layouting_dd_10-02-2026.json.gz
20,Fowler QFT,0.2786623231589584,ibm_boston,20,20,~/Nextcloud/Projects/IBM/qft_experiments/analysis_boston_linear_fowler_non_synchronized_layouting_dd_10-02-2026.json.gz
20,Fowler QFT,0.2813297629283897,ibm_boston,20,20,~/Nextcloud/Projects/IBM/qft_experiments/analysis_boston_linear_fowler_non_synchronized_layouting_dd_10-02-2026.json.gz
20,Fowler QFT,0.2827118295776086,ibm_boston,20,20,~/Nextcloud/Projects/IBM/qft_experiments/analysis_boston_linear_fowler_non_synchronized_layouting_dd_10-02-2026.json.gz
20,Fowler QFT,0.2808282893904619,ibm_boston,20,20,~/Nextcloud/Projects/IBM/qft_experiments/analysis_boston_linear_fowler_non_synchronized_layouting_dd_10-02-2026.json.gz
20,Fowler QFT,0.2784047756489601,ibm_boston,20,20,~/Nextcloud/Projects/IBM/qft_experiments/analysis_boston_linear_fowler_non_synchronized_layouting_dd_10-02-2026.json.gz
20,Fowler QFT,0.2777643668680991,ibm_boston,20,20,~/Nextcloud/Projects/IBM/qft_experiments/analysis_boston_linear_fowler_non_synchronized_layouting_dd_10-02-2026.json.gz
20,Fowler QFT,0.2784673177326361,ibm_boston,20,20,~/Nextcloud/Projects/IBM/qft_experiments/analysis_boston_linear_fowler_non_synchronized_layouting_dd_10-02-2026.json.gz
20,Fowler QFT,0.2705224084291591,ibm_boston,20,20,~/Nextcloud/Projects/IBM/qft_experiments/analysis_boston_linear_fowler_non_synchronized_layouting_dd_10-02-2026.json.gz
22,Fowler QFT,0.2209978404947067,ibm_boston,20,20,~/Nextcloud/Projects/IBM/qft_experiments/analysis_boston_linear_fowler_non_synchronized_layouting_dd_10-02-2026.json.gz
22,Fowler QFT,0.2300386021084378,ibm_boston,20,20,~/Nextcloud/Projects/IBM/qft_experiments/analysis_boston_linear_fowler_non_synchronized_layouting_dd_10-02-2026.json.gz
22,Fowler QFT,0.2236564290962939,ibm_boston,20,20,~/Nextcloud/Projects/IBM/qft_experiments/analysis_boston_linear_fowler_non_synchronized_layouting_dd_10-02-2026.json.gz
22,Fowler QFT,0.2243152864869399,ibm_boston,20,20,~/Nextcloud/Projects/IBM/qft_experiments/analysis_boston_linear_fowler_non_synchronized_layouting_dd_10-02-2026.json.gz
22,Fowler QFT,0.2279276786298073,ibm_boston,20,20,~/Nextcloud/Projects/IBM/qft_experiments/analysis_boston_linear_fowler_non_synchronized_layouting_dd_10-02-2026.json.gz
22,Fowler QFT,0.225540112082455,ibm_boston,20,20,~/Nextcloud/Projects/IBM/qft_experiments/analysis_boston_linear_fowler_non_synchronized_layouting_dd_10-02-2026.json.gz
22,Fowler QFT,0.2258678551526136,ibm_boston,20,20,~/Nextcloud/Projects/IBM/qft_experiments/analysis_boston_linear_fowler_non_synchronized_layouting_dd_10-02-2026.json.gz
22,Fowler QFT,0.2218887413849274,ibm_boston,20,20,~/Nextcloud/Projects/IBM/qft_experiments/analysis_boston_linear_fowler_non_synchronized_layouting_dd_10-02-2026.json.gz
22,Fowler QFT,0.2233597430156281,ibm_boston,20,20,~/Nextcloud/Projects/IBM/qft_experiments/analysis_boston_linear_fowler_non_synchronized_layouting_dd_10-02-2026.json.gz
22,Fowler QFT,0.2253330926481171,ibm_boston,20,20,~/Nextcloud/Projects/IBM/qft_experiments/analysis_boston_linear_fowler_non_synchronized_layouting_dd_10-02-2026.json.gz
22,Fowler QFT,0.2232616467229572,ibm_boston,20,20,~/Nextcloud/Projects/IBM/qft_experiments/analysis_boston_linear_fowler_non_synchronized_layouting_dd_10-02-2026.json.gz
22,Fowler QFT,0.2247052921026963,ibm_boston,20,20,~/Nextcloud/Projects/IBM/qft_experiments/analysis_boston_linear_fowler_non_synchronized_layouting_dd_10-02-2026.json.gz
22,Fowler QFT,0.2247029293777871,ibm_boston,20,20,~/Nextcloud/Projects/IBM/qft_experiments/analysis_boston_linear_fowler_non_synchronized_layouting_dd_10-02-2026.json.gz
22,Fowler QFT,0.2183464243358199,ibm_boston,20,20,~/Nextcloud/Projects/IBM/qft_experiments/analysis_boston_linear_fowler_non_synchronized_layouting_dd_10-02-2026.json.gz
22,Fowler QFT,0.2258866042375284,ibm_boston,20,20,~/Nextcloud/Projects/IBM/qft_experiments/analysis_boston_linear_fowler_non_synchronized_layouting_dd_10-02-2026.json.gz
22,Fowler QFT,0.228392202735466,ibm_boston,20,20,~/Nextcloud/Projects/IBM/qft_experiments/analysis_boston_linear_fowler_non_synchronized_layouting_dd_10-02-2026.json.gz
22,Fowler QFT,0.2259745180288307,ibm_boston,20,20,~/Nextcloud/Projects/IBM/qft_experiments/analysis_boston_linear_fowler_non_synchronized_layouting_dd_10-02-2026.json.gz
22,Fowler QFT,0.22867829439453,ibm_boston,20,20,~/Nextcloud/Projects/IBM/qft_experiments/analysis_boston_linear_fowler_non_synchronized_layouting_dd_10-02-2026.json.gz
22,Fowler QFT,0.2235045688019509,ibm_boston,20,20,~/Nextcloud/Projects/IBM/qft_experiments/analysis_boston_linear_fowler_non_synchronized_layouting_dd_10-02-2026.json.gz
22,Fowler QFT,0.2241158733661907,ibm_boston,20,20,~/Nextcloud/Projects/IBM/qft_experiments/analysis_boston_linear_fowler_non_synchronized_layouting_dd_10-02-2026.json.gz
24,Fowler QFT,0.1612584796205066,ibm_boston,20,20,~/Nextcloud/Projects/IBM/qft_experiments/analysis_boston_linear_fowler_non_synchronized_layouting_dd_10-02-2026.json.gz
24,Fowler QFT,0.1641356754671727,ibm_boston,20,20,~/Nextcloud/Projects/IBM/qft_experiments/analysis_boston_linear_fowler_non_synchronized_layouting_dd_10-02-2026.json.gz
24,Fowler QFT,0.1648783900154304,ibm_boston,20,20,~/Nextcloud/Projects/IBM/qft_experiments/analysis_boston_linear_fowler_non_synchronized_layouting_dd_10-02-2026.json.gz
24,Fowler QFT,0.1637781805424776,ibm_boston,20,20,~/Nextcloud/Projects/IBM/qft_experiments/analysis_boston_linear_fowler_non_synchronized_layouting_dd_10-02-2026.json.gz
24,Fowler QFT,0.1681896535028424,ibm_boston,20,20,~/Nextcloud/Projects/IBM/qft_experiments/analysis_boston_linear_fowler_non_synchronized_layouting_dd_10-02-2026.json.gz
24,Fowler QFT,0.1631999920235202,ibm_boston,20,20,~/Nextcloud/Projects/IBM/qft_experiments/analysis_boston_linear_fowler_non_synchronized_layouting_dd_10-02-2026.json.gz
24,Fowler QFT,0.1643579785989518,ibm_boston,20,20,~/Nextcloud/Projects/IBM/qft_experiments/analysis_boston_linear_fowler_non_synchronized_layouting_dd_10-02-2026.json.gz
24,Fowler QFT,0.1616159087539997,ibm_boston,20,20,~/Nextcloud/Projects/IBM/qft_experiments/analysis_boston_linear_fowler_non_synchronized_layouting_dd_10-02-2026.json.gz
24,Fowler QFT,0.1628965391375056,ibm_boston,20,20,~/Nextcloud/Projects/IBM/qft_experiments/analysis_boston_linear_fowler_non_synchronized_layouting_dd_10-02-2026.json.gz
24,Fowler QFT,0.168243103063227,ibm_boston,20,20,~/Nextcloud/Projects/IBM/qft_experiments/analysis_boston_linear_fowler_non_synchronized_layouting_dd_10-02-2026.json.gz
24,Fowler QFT,0.1645386600431685,ibm_boston,20,20,~/Nextcloud/Projects/IBM/qft_experiments/analysis_boston_linear_fowler_non_synchronized_layouting_dd_10-02-2026.json.gz
24,Fowler QFT,0.1678746793615085,ibm_boston,20,20,~/Nextcloud/Projects/IBM/qft_experiments/analysis_boston_linear_fowler_non_synchronized_layouting_dd_10-02-2026.json.gz
24,Fowler QFT,0.1702316355719023,ibm_boston,20,20,~/Nextcloud/Projects/IBM/qft_experiments/analysis_boston_linear_fowler_non_synchronized_layouting_dd_10-02-2026.json.gz
24,Fowler QFT,0.1688298425673313,ibm_boston,20,20,~/Nextcloud/Projects/IBM/qft_experiments/analysis_boston_linear_fowler_non_synchronized_layouting_dd_10-02-2026.json.gz
24,Fowler QFT,0.161516165894367,ibm_boston,20,20,~/Nextcloud/Projects/IBM/qft_experiments/analysis_boston_linear_fowler_non_synchronized_layouting_dd_10-02-2026.json.gz
24,Fowler QFT,0.1642728887518065,ibm_boston,20,20,~/Nextcloud/Projects/IBM/qft_experiments/analysis_boston_linear_fowler_non_synchronized_layouting_dd_10-02-2026.json.gz
24,Fowler QFT,0.1666237084489428,ibm_boston,20,20,~/Nextcloud/Projects/IBM/qft_experiments/analysis_boston_linear_fowler_non_synchronized_layouting_dd_10-02-2026.json.gz
24,Fowler QFT,0.1665869409588622,ibm_boston,20,20,~/Nextcloud/Projects/IBM/qft_experiments/analysis_boston_linear_fowler_non_synchronized_layouting_dd_10-02-2026.json.gz
24,Fowler QFT,0.165566703594804,ibm_boston,20,20,~/Nextcloud/Projects/IBM/qft_experiments/analysis_boston_linear_fowler_non_synchronized_layouting_dd_10-02-2026.json.gz
24,Fowler QFT,0.163182176028756,ibm_boston,20,20,~/Nextcloud/Projects/IBM/qft_experiments/analysis_boston_linear_fowler_non_synchronized_layouting_dd_10-02-2026.json.gz
26,Fowler QFT,0.1308060035356452,ibm_boston,20,20,~/Nextcloud/Projects/IBM/qft_experiments/analysis_boston_linear_fowler_non_synchronized_layouting_dd_10-02-2026.json.gz
26,Fowler QFT,0.1285254966343584,ibm_boston,20,20,~/Nextcloud/Projects/IBM/qft_experiments/analysis_boston_linear_fowler_non_synchronized_layouting_dd_10-02-2026.json.gz
26,Fowler QFT,0.1283613254151161,ibm_boston,20,20,~/Nextcloud/Projects/IBM/qft_experiments/analysis_boston_linear_fowler_non_synchronized_layouting_dd_10-02-2026.json.gz
26,Fowler QFT,0.1262804942830626,ibm_boston,20,20,~/Nextcloud/Projects/IBM/qft_experiments/analysis_boston_linear_fowler_non_synchronized_layouting_dd_10-02-2026.json.gz
26,Fowler QFT,0.1301763155400263,ibm_boston,20,20,~/Nextcloud/Projects/IBM/qft_experiments/analysis_boston_linear_fowler_non_synchronized_layouting_dd_10-02-2026.json.gz
26,Fowler QFT,0.130815455666465,ibm_boston,20,20,~/Nextcloud/Projects/IBM/qft_experiments/analysis_boston_linear_fowler_non_synchronized_layouting_dd_10-02-2026.json.gz
26,Fowler QFT,0.1280944019210918,ibm_boston,20,20,~/Nextcloud/Projects/IBM/qft_experiments/analysis_boston_linear_fowler_non_synchronized_layouting_dd_10-02-2026.json.gz
26,Fowler QFT,0.1232944376904063,ibm_boston,20,20,~/Nextcloud/Projects/IBM/qft_experiments/analysis_boston_linear_fowler_non_synchronized_layouting_dd_10-02-2026.json.gz
26,Fowler QFT,0.1245087407001183,ibm_boston,20,20,~/Nextcloud/Projects/IBM/qft_experiments/analysis_boston_linear_fowler_non_synchronized_layouting_dd_10-02-2026.json.gz
26,Fowler QFT,0.1307142465580746,ibm_boston,20,20,~/Nextcloud/Projects/IBM/qft_experiments/analysis_boston_linear_fowler_non_synchronized_layouting_dd_10-02-2026.json.gz
26,Fowler QFT,0.1271770283793637,ibm_boston,20,20,~/Nextcloud/Projects/IBM/qft_experiments/analysis_boston_linear_fowler_non_synchronized_layouting_dd_10-02-2026.json.gz
26,Fowler QFT,0.1253140634711826,ibm_boston,20,20,~/Nextcloud/Projects/IBM/qft_experiments/analysis_boston_linear_fowler_non_synchronized_layouting_dd_10-02-2026.json.gz
26,Fowler QFT,0.1261069402472986,ibm_boston,20,20,~/Nextcloud/Projects/IBM/qft_experiments/analysis_boston_linear_fowler_non_synchronized_layouting_dd_10-02-2026.json.gz
26,Fowler QFT,0.123856038683111,ibm_boston,20,20,~/Nextcloud/Projects/IBM/qft_experiments/analysis_boston_linear_fowler_non_synchronized_layouting_dd_10-02-2026.json.gz
26,Fowler QFT,0.1240711933921783,ibm_boston,20,20,~/Nextcloud/Projects/IBM/qft_experiments/analysis_boston_linear_fowler_non_synchronized_layouting_dd_10-02-2026.json.gz
26,Fowler QFT,0.1276223496875339,ibm_boston,20,20,~/Nextcloud/Projects/IBM/qft_experiments/analysis_boston_linear_fowler_non_synchronized_layouting_dd_10-02-2026.json.gz
26,Fowler QFT,0.1254102010102933,ibm_boston,20,20,~/Nextcloud/Projects/IBM/qft_experiments/analysis_boston_linear_fowler_non_synchronized_layouting_dd_10-02-2026.json.gz
26,Fowler QFT,0.1224544248497769,ibm_boston,20,20,~/Nextcloud/Projects/IBM/qft_experiments/analysis_boston_linear_fowler_non_synchronized_layouting_dd_10-02-2026.json.gz
26,Fowler QFT,0.1237459712145019,ibm_boston,20,20,~/Nextcloud/Projects/IBM/qft_experiments/analysis_boston_linear_fowler_non_synchronized_layouting_dd_10-02-2026.json.gz
26,Fowler QFT,0.12393385923136,ibm_boston,20,20,~/Nextcloud/Projects/IBM/qft_experiments/analysis_boston_linear_fowler_non_synchronized_layouting_dd_10-02-2026.json.gz
28,Fowler QFT,0.0919985298840511,ibm_boston,20,20,~/Nextcloud/Projects/IBM/qft_experiments/analysis_boston_linear_fowler_non_synchronized_layouting_dd_10-02-2026.json.gz
28,Fowler QFT,0.0851796593382129,ibm_boston,20,20,~/Nextcloud/Projects/IBM/qft_experiments/analysis_boston_linear_fowler_non_synchronized_layouting_dd_10-02-2026.json.gz
28,Fowler QFT,0.090345999270293,ibm_boston,20,20,~/Nextcloud/Projects/IBM/qft_experiments/analysis_boston_linear_fowler_non_synchronized_layouting_dd_10-02-2026.json.gz
28,Fowler QFT,0.0907164609980796,ibm_boston,20,20,~/Nextcloud/Projects/IBM/qft_experiments/analysis_boston_linear_fowler_non_synchronized_layouting_dd_10-02-2026.json.gz
28,Fowler QFT,0.0846947601831913,ibm_boston,20,20,~/Nextcloud/Projects/IBM/qft_experiments/analysis_boston_linear_fowler_non_synchronized_layouting_dd_10-02-2026.json.gz
28,Fowler QFT,0.0877767656245233,ibm_boston,20,20,~/Nextcloud/Projects/IBM/qft_experiments/analysis_boston_linear_fowler_non_synchronized_layouting_dd_10-02-2026.json.gz
28,Fowler QFT,0.0902270368252395,ibm_boston,20,20,~/Nextcloud/Projects/IBM/qft_experiments/analysis_boston_linear_fowler_non_synchronized_layouting_dd_10-02-2026.json.gz
28,Fowler QFT,0.0881182469312711,ibm_boston,20,20,~/Nextcloud/Projects/IBM/qft_experiments/analysis_boston_linear_fowler_non_synchronized_layouting_dd_10-02-2026.json.gz
28,Fowler QFT,0.086417287136013,ibm_boston,20,20,~/Nextcloud/Projects/IBM/qft_experiments/analysis_boston_linear_fowler_non_synchronized_layouting_dd_10-02-2026.json.gz
28,Fowler QFT,0.0859351867133816,ibm_boston,20,20,~/Nextcloud/Projects/IBM/qft_experiments/analysis_boston_linear_fowler_non_synchronized_layouting_dd_10-02-2026.json.gz
28,Fowler QFT,0.0922792711384488,ibm_boston,20,20,~/Nextcloud/Projects/IBM/qft_experiments/analysis_boston_linear_fowler_non_synchronized_layouting_dd_10-02-2026.json.gz
28,Fowler QFT,0.0906918898901819,ibm_boston,20,20,~/Nextcloud/Projects/IBM/qft_experiments/analysis_boston_linear_fowler_non_synchronized_layouting_dd_10-02-2026.json.gz
28,Fowler QFT,0.0883189424324186,ibm_boston,20,20,~/Nextcloud/Projects/IBM/qft_experiments/analysis_boston_linear_fowler_non_synchronized_layouting_dd_10-02-2026.json.gz
28,Fowler QFT,0.087143666177152,ibm_boston,20,20,~/Nextcloud/Projects/IBM/qft_experiments/analysis_boston_linear_fowler_non_synchronized_layouting_dd_10-02-2026.json.gz
28,Fowler QFT,0.0912971963401393,ibm_boston,20,20,~/Nextcloud/Projects/IBM/qft_experiments/analysis_boston_linear_fowler_non_synchronized_layouting_dd_10-02-2026.json.gz
28,Fowler QFT,0.0843051369286816,ibm_boston,20,20,~/Nextcloud/Projects/IBM/qft_experiments/analysis_boston_linear_fowler_non_synchronized_layouting_dd_10-02-2026.json.gz
28,Fowler QFT,0.0904352963812049,ibm_boston,20,20,~/Nextcloud/Projects/IBM/qft_experiments/analysis_boston_linear_fowler_non_synchronized_layouting_dd_10-02-2026.json.gz
28,Fowler QFT,0.08848451535888,ibm_boston,20,20,~/Nextcloud/Projects/IBM/qft_experiments/analysis_boston_linear_fowler_non_synchronized_layouting_dd_10-02-2026.json.gz
28,Fowler QFT,0.0860736306952836,ibm_boston,20,20,~/Nextcloud/Projects/IBM/qft_experiments/analysis_boston_linear_fowler_non_synchronized_layouting_dd_10-02-2026.json.gz
28,Fowler QFT,0.0893644234299201,ibm_boston,20,20,~/Nextcloud/Projects/IBM/qft_experiments/analysis_boston_linear_fowler_non_synchronized_layouting_dd_10-02-2026.json.gz
30,Fowler QFT,0.0714275680471678,ibm_boston,20,20,~/Nextcloud/Projects/IBM/qft_experiments/analysis_boston_linear_fowler_non_synchronized_layouting_dd_10-02-2026.json.gz
30,Fowler QFT,0.0683346454481342,ibm_boston,20,20,~/Nextcloud/Projects/IBM/qft_experiments/analysis_boston_linear_fowler_non_synchronized_layouting_dd_10-02-2026.json.gz
30,Fowler QFT,0.0673991664469887,ibm_boston,20,20,~/Nextcloud/Projects/IBM/qft_experiments/analysis_boston_linear_fowler_non_synchronized_layouting_dd_10-02-2026.json.gz
30,Fowler QFT,0.0681263862759762,ibm_boston,20,20,~/Nextcloud/Projects/IBM/qft_experiments/analysis_boston_linear_fowler_non_synchronized_layouting_dd_10-02-2026.json.gz
30,Fowler QFT,0.0664309927948942,ibm_boston,20,20,~/Nextcloud/Projects/IBM/qft_experiments/analysis_boston_linear_fowler_non_synchronized_layouting_dd_10-02-2026.json.gz
30,Fowler QFT,0.0699490057124611,ibm_boston,20,20,~/Nextcloud/Projects/IBM/qft_experiments/analysis_boston_linear_fowler_non_synchronized_layouting_dd_10-02-2026.json.gz
30,Fowler QFT,0.0667873358102663,ibm_boston,20,20,~/Nextcloud/Projects/IBM/qft_experiments/analysis_boston_linear_fowler_non_synchronized_layouting_dd_10-02-2026.json.gz
30,Fowler QFT,0.0659076872315665,ibm_boston,20,20,~/Nextcloud/Projects/IBM/qft_experiments/analysis_boston_linear_fowler_non_synchronized_layouting_dd_10-02-2026.json.gz
30,Fowler QFT,0.0694777803658645,ibm_boston,20,20,~/Nextcloud/Projects/IBM/qft_experiments/analysis_boston_linear_fowler_non_synchronized_layouting_dd_10-02-2026.json.gz
30,Fowler QFT,0.0721916325560483,ibm_boston,20,20,~/Nextcloud/Projects/IBM/qft_experiments/analysis_boston_linear_fowler_non_synchronized_layouting_dd_10-02-2026.json.gz
30,Fowler QFT,0.0717437297680782,ibm_boston,20,20,~/Nextcloud/Projects/IBM/qft_experiments/analysis_boston_linear_fowler_non_synchronized_layouting_dd_10-02-2026.json.gz
30,Fowler QFT,0.0675962887905182,ibm_boston,20,20,~/Nextcloud/Projects/IBM/qft_experiments/analysis_boston_linear_fowler_non_synchronized_layouting_dd_10-02-2026.json.gz
30,Fowler QFT,0.0706246752085033,ibm_boston,20,20,~/Nextcloud/Projects/IBM/qft_experiments/analysis_boston_linear_fowler_non_synchronized_layouting_dd_10-02-2026.json.gz
30,Fowler QFT,0.0657184042265397,ibm_boston,20,20,~/Nextcloud/Projects/IBM/qft_experiments/analysis_boston_linear_fowler_non_synchronized_layouting_dd_10-02-2026.json.gz
30,Fowler QFT,0.0666179313640887,ibm_boston,20,20,~/Nextcloud/Projects/IBM/qft_experiments/analysis_boston_linear_fowler_non_synchronized_layouting_dd_10-02-2026.json.gz
30,Fowler QFT,0.0648792458000628,ibm_boston,20,20,~/Nextcloud/Projects/IBM/qft_experiments/analysis_boston_linear_fowler_non_synchronized_layouting_dd_10-02-2026.json.gz
30,Fowler QFT,0.0666272562568078,ibm_boston,20,20,~/Nextcloud/Projects/IBM/qft_experiments/analysis_boston_linear_fowler_non_synchronized_layouting_dd_10-02-2026.json.gz
30,Fowler QFT,0.067887360801089,ibm_boston,20,20,~/Nextcloud/Projects/IBM/qft_experiments/analysis_boston_linear_fowler_non_synchronized_layouting_dd_10-02-2026.json.gz
30,Fowler QFT,0.0702224154744085,ibm_boston,20,20,~/Nextcloud/Projects/IBM/qft_experiments/analysis_boston_linear_fowler_non_synchronized_layouting_dd_10-02-2026.json.gz
30,Fowler QFT,0.0736519021929245,ibm_boston,20,20,~/Nextcloud/Projects/IBM/qft_experiments/analysis_boston_linear_fowler_non_synchronized_layouting_dd_10-02-2026.json.gz
32,Fowler QFT,0.0442969218692256,ibm_boston,20,20,~/Nextcloud/Projects/IBM/qft_experiments/analysis_boston_linear_fowler_non_synchronized_layouting_dd_10-02-2026.json.gz
32,Fowler QFT,0.0444325105702052,ibm_boston,20,20,~/Nextcloud/Projects/IBM/qft_experiments/analysis_boston_linear_fowler_non_synchronized_layouting_dd_10-02-2026.json.gz
32,Fowler QFT,0.045265301928248,ibm_boston,20,20,~/Nextcloud/Projects/IBM/qft_experiments/analysis_boston_linear_fowler_non_synchronized_layouting_dd_10-02-2026.json.gz
32,Fowler QFT,0.0450572378673534,ibm_boston,20,20,~/Nextcloud/Projects/IBM/qft_experiments/analysis_boston_linear_fowler_non_synchronized_layouting_dd_10-02-2026.json.gz
32,Fowler QFT,0.0445910400477925,ibm_boston,20,20,~/Nextcloud/Projects/IBM/qft_experiments/analysis_boston_linear_fowler_non_synchronized_layouting_dd_10-02-2026.json.gz
32,Fowler QFT,0.0464682029462769,ibm_boston,20,20,~/Nextcloud/Projects/IBM/qft_experiments/analysis_boston_linear_fowler_non_synchronized_layouting_dd_10-02-2026.json.gz
32,Fowler QFT,0.0457464001873854,ibm_boston,20,20,~/Nextcloud/Projects/IBM/qft_experiments/analysis_boston_linear_fowler_non_synchronized_layouting_dd_10-02-2026.json.gz
32,Fowler QFT,0.0445794933771517,ibm_boston,20,20,~/Nextcloud/Projects/IBM/qft_experiments/analysis_boston_linear_fowler_non_synchronized_layouting_dd_10-02-2026.json.gz
32,Fowler QFT,0.0461475409562772,ibm_boston,20,20,~/Nextcloud/Projects/IBM/qft_experiments/analysis_boston_linear_fowler_non_synchronized_layouting_dd_10-02-2026.json.gz
32,Fowler QFT,0.0449985055575915,ibm_boston,20,20,~/Nextcloud/Projects/IBM/qft_experiments/analysis_boston_linear_fowler_non_synchronized_layouting_dd_10-02-2026.json.gz
32,Fowler QFT,0.045953863892678,ibm_boston,20,20,~/Nextcloud/Projects/IBM/qft_experiments/analysis_boston_linear_fowler_non_synchronized_layouting_dd_10-02-2026.json.gz
32,Fowler QFT,0.0458970410804945,ibm_boston,20,20,~/Nextcloud/Projects/IBM/qft_experiments/analysis_boston_linear_fowler_non_synchronized_layouting_dd_10-02-2026.json.gz
32,Fowler QFT,0.0461291167381939,ibm_boston,20,20,~/Nextcloud/Projects/IBM/qft_experiments/analysis_boston_linear_fowler_non_synchronized_layouting_dd_10-02-2026.json.gz
32,Fowler QFT,0.0456085862971981,ibm_boston,20,20,~/Nextcloud/Projects/IBM/qft_experiments/analysis_boston_linear_fowler_non_synchronized_layouting_dd_10-02-2026.json.gz
32,Fowler QFT,0.0442035765781542,ibm_boston,20,20,~/Nextcloud/Projects/IBM/qft_experiments/analysis_boston_linear_fowler_non_synchronized_layouting_dd_10-02-2026.json.gz
32,Fowler QFT,0.04591329381166,ibm_boston,20,20,~/Nextcloud/Projects/IBM/qft_experiments/analysis_boston_linear_fowler_non_synchronized_layouting_dd_10-02-2026.json.gz
32,Fowler QFT,0.0455845416969791,ibm_boston,20,20,~/Nextcloud/Projects/IBM/qft_experiments/analysis_boston_linear_fowler_non_synchronized_layouting_dd_10-02-2026.json.gz
32,Fowler QFT,0.0464891217917223,ibm_boston,20,20,~/Nextcloud/Projects/IBM/qft_experiments/analysis_boston_linear_fowler_non_synchronized_layouting_dd_10-02-2026.json.gz
32,Fowler QFT,0.0455375545806572,ibm_boston,20,20,~/Nextcloud/Projects/IBM/qft_experiments/analysis_boston_linear_fowler_non_synchronized_layouting_dd_10-02-2026.json.gz
32,Fowler QFT,0.0439246446099191,ibm_boston,20,20,~/Nextcloud/Projects/IBM/qft_experiments/analysis_boston_linear_fowler_non_synchronized_layouting_dd_10-02-2026.json.gz
34,Fowler QFT,0.031248363085676,ibm_boston,20,20,~/Nextcloud/Projects/IBM/qft_experiments/analysis_boston_linear_fowler_non_synchronized_layouting_dd_10-02-2026.json.gz
34,Fowler QFT,0.0315137229416821,ibm_boston,20,20,~/Nextcloud/Projects/IBM/qft_experiments/analysis_boston_linear_fowler_non_synchronized_layouting_dd_10-02-2026.json.gz
34,Fowler QFT,0.03339201090477,ibm_boston,20,20,~/Nextcloud/Projects/IBM/qft_experiments/analysis_boston_linear_fowler_non_synchronized_layouting_dd_10-02-2026.json.gz
34,Fowler QFT,0.0324731490569071,ibm_boston,20,20,~/Nextcloud/Projects/IBM/qft_experiments/analysis_boston_linear_fowler_non_synchronized_layouting_dd_10-02-2026.json.gz
34,Fowler QFT,0.0316353101667569,ibm_boston,20,20,~/Nextcloud/Projects/IBM/qft_experiments/analysis_boston_linear_fowler_non_synchronized_layouting_dd_10-02-2026.json.gz
34,Fowler QFT,0.0309752126515186,ibm_boston,20,20,~/Nextcloud/Projects/IBM/qft_experiments/analysis_boston_linear_fowler_non_synchronized_layouting_dd_10-02-2026.json.gz
34,Fowler QFT,0.0339988576371553,ibm_boston,20,20,~/Nextcloud/Projects/IBM/qft_experiments/analysis_boston_linear_fowler_non_synchronized_layouting_dd_10-02-2026.json.gz
34,Fowler QFT,0.029074342615105,ibm_boston,20,20,~/Nextcloud/Projects/IBM/qft_experiments/analysis_boston_linear_fowler_non_synchronized_layouting_dd_10-02-2026.json.gz
34,Fowler QFT,0.0327901142057287,ibm_boston,20,20,~/Nextcloud/Projects/IBM/qft_experiments/analysis_boston_linear_fowler_non_synchronized_layouting_dd_10-02-2026.json.gz
34,Fowler QFT,0.0338463862606856,ibm_boston,20,20,~/Nextcloud/Projects/IBM/qft_experiments/analysis_boston_linear_fowler_non_synchronized_layouting_dd_10-02-2026.json.gz
34,Fowler QFT,0.0343529739467622,ibm_boston,20,20,~/Nextcloud/Projects/IBM/qft_experiments/analysis_boston_linear_fowler_non_synchronized_layouting_dd_10-02-2026.json.gz
34,Fowler QFT,0.030202411264895,ibm_boston,20,20,~/Nextcloud/Projects/IBM/qft_experiments/analysis_boston_linear_fowler_non_synchronized_layouting_dd_10-02-2026.json.gz
34,Fowler QFT,0.0315787793662892,ibm_boston,20,20,~/Nextcloud/Projects/IBM/qft_experiments/analysis_boston_linear_fowler_non_synchronized_layouting_dd_10-02-2026.json.gz
34,Fowler QFT,0.0308200206499003,ibm_boston,20,20,~/Nextcloud/Projects/IBM/qft_experiments/analysis_boston_linear_fowler_non_synchronized_layouting_dd_10-02-2026.json.gz
34,Fowler QFT,0.0288330268107361,ibm_boston,20,20,~/Nextcloud/Projects/IBM/qft_experiments/analysis_boston_linear_fowler_non_synchronized_layouting_dd_10-02-2026.json.gz
34,Fowler QFT,0.0332315906453579,ibm_boston,20,20,~/Nextcloud/Projects/IBM/qft_experiments/analysis_boston_linear_fowler_non_synchronized_layouting_dd_10-02-2026.json.gz
34,Fowler QFT,0.0289874189352879,ibm_boston,20,20,~/Nextcloud/Projects/IBM/qft_experiments/analysis_boston_linear_fowler_non_synchronized_layouting_dd_10-02-2026.json.gz
34,Fowler QFT,0.0328521585027938,ibm_boston,20,20,~/Nextcloud/Projects/IBM/qft_experiments/analysis_boston_linear_fowler_non_synchronized_layouting_dd_10-02-2026.json.gz
34,Fowler QFT,0.0319275267199762,ibm_boston,20,20,~/Nextcloud/Projects/IBM/qft_experiments/analysis_boston_linear_fowler_non_synchronized_layouting_dd_10-02-2026.json.gz
34,Fowler QFT,0.0331981317153173,ibm_boston,20,20,~/Nextcloud/Projects/IBM/qft_experiments/analysis_boston_linear_fowler_non_synchronized_layouting_dd_10-02-2026.json.gz
36,Fowler QFT,0.0197912728456919,ibm_boston,20,20,~/Nextcloud/Projects/IBM/qft_experiments/analysis_boston_linear_fowler_non_synchronized_layouting_dd_10-02-2026.json.gz
36,Fowler QFT,0.0188684697612252,ibm_boston,20,20,~/Nextcloud/Projects/IBM/qft_experiments/analysis_boston_linear_fowler_non_synchronized_layouting_dd_10-02-2026.json.gz
36,Fowler QFT,0.0181083159896401,ibm_boston,20,20,~/Nextcloud/Projects/IBM/qft_experiments/analysis_boston_linear_fowler_non_synchronized_layouting_dd_10-02-2026.json.gz
36,Fowler QFT,0.0181858804244393,ibm_boston,20,20,~/Nextcloud/Projects/IBM/qft_experiments/analysis_boston_linear_fowler_non_synchronized_layouting_dd_10-02-2026.json.gz
36,Fowler QFT,0.0197101628197179,ibm_boston,20,20,~/Nextcloud/Projects/IBM/qft_experiments/analysis_boston_linear_fowler_non_synchronized_layouting_dd_10-02-2026.json.gz
36,Fowler QFT,0.0189422268941901,ibm_boston,20,20,~/Nextcloud/Projects/IBM/qft_experiments/analysis_boston_linear_fowler_non_synchronized_layouting_dd_10-02-2026.json.gz
36,Fowler QFT,0.0192372232266827,ibm_boston,20,20,~/Nextcloud/Projects/IBM/qft_experiments/analysis_boston_linear_fowler_non_synchronized_layouting_dd_10-02-2026.json.gz
36,Fowler QFT,0.019463880525217,ibm_boston,20,20,~/Nextcloud/Projects/IBM/qft_experiments/analysis_boston_linear_fowler_non_synchronized_layouting_dd_10-02-2026.json.gz
36,Fowler QFT,0.0193358378080022,ibm_boston,20,20,~/Nextcloud/Projects/IBM/qft_experiments/analysis_boston_linear_fowler_non_synchronized_layouting_dd_10-02-2026.json.gz
36,Fowler QFT,0.0189720722620774,ibm_boston,20,20,~/Nextcloud/Projects/IBM/qft_experiments/analysis_boston_linear_fowler_non_synchronized_layouting_dd_10-02-2026.json.gz
36,Fowler QFT,0.0179063673832833,ibm_boston,20,20,~/Nextcloud/Projects/IBM/qft_experiments/analysis_boston_linear_fowler_non_synchronized_layouting_dd_10-02-2026.json.gz
36,Fowler QFT,0.0196794151857958,ibm_boston,20,20,~/Nextcloud/Projects/IBM/qft_experiments/analysis_boston_linear_fowler_non_synchronized_layouting_dd_10-02-2026.json.gz
36,Fowler QFT,0.0207264120947444,ibm_boston,20,20,~/Nextcloud/Projects/IBM/qft_experiments/analysis_boston_linear_fowler_non_synchronized_layouting_dd_10-02-2026.json.gz
36,Fowler QFT,0.0202374442534916,ibm_boston,20,20,~/Nextcloud/Projects/IBM/qft_experiments/analysis_boston_linear_fowler_non_synchronized_layouting_dd_10-02-2026.json.gz
36,Fowler QFT,0.0202046874434425,ibm_boston,20,20,~/Nextcloud/Projects/IBM/qft_experiments/analysis_boston_linear_fowler_non_synchronized_layouting_dd_10-02-2026.json.gz
36,Fowler QFT,0.0200336563919594,ibm_boston,20,20,~/Nextcloud/Projects/IBM/qft_experiments/analysis_boston_linear_fowler_non_synchronized_layouting_dd_10-02-2026.json.gz
36,Fowler QFT,0.0200617488374243,ibm_boston,20,20,~/Nextcloud/Projects/IBM/qft_experiments/analysis_boston_linear_fowler_non_synchronized_layouting_dd_10-02-2026.json.gz
36,Fowler QFT,0.0199753529087837,ibm_boston,20,20,~/Nextcloud/Projects/IBM/qft_experiments/analysis_boston_linear_fowler_non_synchronized_layouting_dd_10-02-2026.json.gz
36,Fowler QFT,0.0192539795110611,ibm_boston,20,20,~/Nextcloud/Projects/IBM/qft_experiments/analysis_boston_linear_fowler_non_synchronized_layouting_dd_10-02-2026.json.gz
36,Fowler QFT,0.0175114786870789,ibm_boston,20,20,~/Nextcloud/Projects/IBM/qft_experiments/analysis_boston_linear_fowler_non_synchronized_layouting_dd_10-02-2026.json.gz
38,Fowler QFT,0.0067490535355716,ibm_boston,20,20,~/Nextcloud/Projects/IBM/qft_experiments/analysis_boston_linear_fowler_non_synchronized_layouting_dd_10-02-2026.json.gz
38,Fowler QFT,0.0076809172062782,ibm_boston,20,20,~/Nextcloud/Projects/IBM/qft_experiments/analysis_boston_linear_fowler_non_synchronized_layouting_dd_10-02-2026.json.gz
38,Fowler QFT,0.0071420925391427,ibm_boston,20,20,~/Nextcloud/Projects/IBM/qft_experiments/analysis_boston_linear_fowler_non_synchronized_layouting_dd_10-02-2026.json.gz
38,Fowler QFT,0.0063760276239603,ibm_boston,20,20,~/Nextcloud/Projects/IBM/qft_experiments/analysis_boston_linear_fowler_non_synchronized_layouting_dd_10-02-2026.json.gz
38,Fowler QFT,0.0062298307842479,ibm_boston,20,20,~/Nextcloud/Projects/IBM/qft_experiments/analysis_boston_linear_fowler_non_synchronized_layouting_dd_10-02-2026.json.gz
38,Fowler QFT,0.0062836092089899,ibm_boston,20,20,~/Nextcloud/Projects/IBM/qft_experiments/analysis_boston_linear_fowler_non_synchronized_layouting_dd_10-02-2026.json.gz
38,Fowler QFT,0.0079343056222386,ibm_boston,20,20,~/Nextcloud/Projects/IBM/qft_experiments/analysis_boston_linear_fowler_non_synchronized_layouting_dd_10-02-2026.json.gz
38,Fowler QFT,0.007612244951106,ibm_boston,20,20,~/Nextcloud/Projects/IBM/qft_experiments/analysis_boston_linear_fowler_non_synchronized_layouting_dd_10-02-2026.json.gz
38,Fowler QFT,0.005950834424499,ibm_boston,20,20,~/Nextcloud/Projects/IBM/qft_experiments/analysis_boston_linear_fowler_non_synchronized_layouting_dd_10-02-2026.json.gz
38,Fowler QFT,0.0062820419323777,ibm_boston,20,20,~/Nextcloud/Projects/IBM/qft_experiments/analysis_boston_linear_fowler_non_synchronized_layouting_dd_10-02-2026.json.gz
38,Fowler QFT,0.0065348657935659,ibm_boston,20,20,~/Nextcloud/Projects/IBM/qft_experiments/analysis_boston_linear_fowler_non_synchronized_layouting_dd_10-02-2026.json.gz
38,Fowler QFT,0.0066937310149605,ibm_boston,20,20,~/Nextcloud/Projects/IBM/qft_experiments/analysis_boston_linear_fowler_non_synchronized_layouting_dd_10-02-2026.json.gz
38,Fowler QFT,0.0061448299288555,ibm_boston,20,20,~/Nextcloud/Projects/IBM/qft_experiments/analysis_boston_linear_fowler_non_synchronized_layouting_dd_10-02-2026.json.gz
38,Fowler QFT,0.0066863745340466,ibm_boston,20,20,~/Nextcloud/Projects/IBM/qft_experiments/analysis_boston_linear_fowler_non_synchronized_layouting_dd_10-02-2026.json.gz
38,Fowler QFT,0.0075554807992734,ibm_boston,20,20,~/Nextcloud/Projects/IBM/qft_experiments/analysis_boston_linear_fowler_non_synchronized_layouting_dd_10-02-2026.json.gz
38,Fowler QFT,0.0066022026489603,ibm_boston,20,20,~/Nextcloud/Projects/IBM/qft_experiments/analysis_boston_linear_fowler_non_synchronized_layouting_dd_10-02-2026.json.gz
38,Fowler QFT,0.006637066309925,ibm_boston,20,20,~/Nextcloud/Projects/IBM/qft_experiments/analysis_boston_linear_fowler_non_synchronized_layouting_dd_10-02-2026.json.gz
38,Fowler QFT,0.0059479154909788,ibm_boston,20,20,~/Nextcloud/Projects/IBM/qft_experiments/analysis_boston_linear_fowler_non_synchronized_layouting_dd_10-02-2026.json.gz
38,Fowler QFT,0.0074231546953817,ibm_boston,20,20,~/Nextcloud/Projects/IBM/qft_experiments/analysis_boston_linear_fowler_non_synchronized_layouting_dd_10-02-2026.json.gz
38,Fowler QFT,0.0062284258966109,ibm_boston,20,20,~/Nextcloud/Projects/IBM/qft_experiments/analysis_boston_linear_fowler_non_synchronized_layouting_dd_10-02-2026.json.gz
40,Fowler QFT,0.0057421036567038,ibm_boston,20,20,~/Nextcloud/Projects/IBM/qft_experiments/analysis_boston_linear_fowler_non_synchronized_layouting_dd_10-02-2026.json.gz
40,Fowler QFT,0.0061399991080399,ibm_boston,20,20,~/Nextcloud/Projects/IBM/qft_experiments/analysis_boston_linear_fowler_non_synchronized_layouting_dd_10-02-2026.json.gz
40,Fowler QFT,0.0052936727573697,ibm_boston,20,20,~/Nextcloud/Projects/IBM/qft_experiments/analysis_boston_linear_fowler_non_synchronized_layouting_dd_10-02-2026.json.gz
40,Fowler QFT,0.0052616507459978,ibm_boston,20,20,~/Nextcloud/Projects/IBM/qft_experiments/analysis_boston_linear_fowler_non_synchronized_layouting_dd_10-02-2026.json.gz
40,Fowler QFT,0.0064331863444149,ibm_boston,20,20,~/Nextcloud/Projects/IBM/qft_experiments/analysis_boston_linear_fowler_non_synchronized_layouting_dd_10-02-2026.json.gz
40,Fowler QFT,0.0049452394506677,ibm_boston,20,20,~/Nextcloud/Projects/IBM/qft_experiments/analysis_boston_linear_fowler_non_synchronized_layouting_dd_10-02-2026.json.gz
40,Fowler QFT,0.0055237391823509,ibm_boston,20,20,~/Nextcloud/Projects/IBM/qft_experiments/analysis_boston_linear_fowler_non_synchronized_layouting_dd_10-02-2026.json.gz
40,Fowler QFT,0.0055320016600676,ibm_boston,20,20,~/Nextcloud/Projects/IBM/qft_experiments/analysis_boston_linear_fowler_non_synchronized_layouting_dd_10-02-2026.json.gz
40,Fowler QFT,0.0054663375002367,ibm_boston,20,20,~/Nextcloud/Projects/IBM/qft_experiments/analysis_boston_linear_fowler_non_synchronized_layouting_dd_10-02-2026.json.gz
40,Fowler QFT,0.0053358257375677,ibm_boston,20,20,~/Nextcloud/Projects/IBM/qft_experiments/analysis_boston_linear_fowler_non_synchronized_layouting_dd_10-02-2026.json.gz
40,Fowler QFT,0.0054300168608364,ibm_boston,20,20,~/Nextcloud/Projects/IBM/qft_experiments/analysis_boston_linear_fowler_non_synchronized_layouting_dd_10-02-2026.json.gz
40,Fowler QFT,0.0050691764653314,ibm_boston,20,20,~/Nextcloud/Projects/IBM/qft_experiments/analysis_boston_linear_fowler_non_synchronized_layouting_dd_10-02-2026.json.gz
40,Fowler QFT,0.0054207709746003,ibm_boston,20,20,~/Nextcloud/Projects/IBM/qft_experiments/analysis_boston_linear_fowler_non_synchronized_layouting_dd_10-02-2026.json.gz
40,Fowler QFT,0.0052539352808703,ibm_boston,20,20,~/Nextcloud/Projects/IBM/qft_experiments/analysis_boston_linear_fowler_non_synchronized_layouting_dd_10-02-2026.json.gz
40,Fowler QFT,0.0055511905371647,ibm_boston,20,20,~/Nextcloud/Projects/IBM/qft_experiments/analysis_boston_linear_fowler_non_synchronized_layouting_dd_10-02-2026.json.gz
40,Fowler QFT,0.0059825717148331,ibm_boston,20,20,~/Nextcloud/Projects/IBM/qft_experiments/analysis_boston_linear_fowler_non_synchronized_layouting_dd_10-02-2026.json.gz
40,Fowler QFT,0.0056741549554457,ibm_boston,20,20,~/Nextcloud/Projects/IBM/qft_experiments/analysis_boston_linear_fowler_non_synchronized_layouting_dd_10-02-2026.json.gz
40,Fowler QFT,0.0049855347430439,ibm_boston,20,20,~/Nextcloud/Projects/IBM/qft_experiments/analysis_boston_linear_fowler_non_synchronized_layouting_dd_10-02-2026.json.gz
40,Fowler QFT,0.0055763369320679,ibm_boston,20,20,~/Nextcloud/Projects/IBM/qft_experiments/analysis_boston_linear_fowler_non_synchronized_layouting_dd_10-02-2026.json.gz
40,Fowler QFT,0.0047465595748499,ibm_boston,20,20,~/Nextcloud/Projects/IBM/qft_experiments/analysis_boston_linear_fowler_non_synchronized_layouting_dd_10-02-2026.json.gz
42,Fowler QFT,0.0033667968923139,ibm_boston,20,20,~/Nextcloud/Projects/IBM/qft_experiments/analysis_boston_linear_fowler_non_synchronized_layouting_dd_10-02-2026.json.gz
42,Fowler QFT,0.0034704601111414,ibm_boston,20,20,~/Nextcloud/Projects/IBM/qft_experiments/analysis_boston_linear_fowler_non_synchronized_layouting_dd_10-02-2026.json.gz
42,Fowler QFT,0.0039796093505213,ibm_boston,20,20,~/Nextcloud/Projects/IBM/qft_experiments/analysis_boston_linear_fowler_non_synchronized_layouting_dd_10-02-2026.json.gz
42,Fowler QFT,0.004350559678919,ibm_boston,20,20,~/Nextcloud/Projects/IBM/qft_experiments/analysis_boston_linear_fowler_non_synchronized_layouting_dd_10-02-2026.json.gz
42,Fowler QFT,0.0038954030587227,ibm_boston,20,20,~/Nextcloud/Projects/IBM/qft_experiments/analysis_boston_linear_fowler_non_synchronized_layouting_dd_10-02-2026.json.gz
42,Fowler QFT,0.003752207264912,ibm_boston,20,20,~/Nextcloud/Projects/IBM/qft_experiments/analysis_boston_linear_fowler_non_synchronized_layouting_dd_10-02-2026.json.gz
42,Fowler QFT,0.0034853068341172,ibm_boston,20,20,~/Nextcloud/Projects/IBM/qft_experiments/analysis_boston_linear_fowler_non_synchronized_layouting_dd_10-02-2026.json.gz
42,Fowler QFT,0.004020823790865,ibm_boston,20,20,~/Nextcloud/Projects/IBM/qft_experiments/analysis_boston_linear_fowler_non_synchronized_layouting_dd_10-02-2026.json.gz
42,Fowler QFT,0.0037021658900619,ibm_boston,20,20,~/Nextcloud/Projects/IBM/qft_experiments/analysis_boston_linear_fowler_non_synchronized_layouting_dd_10-02-2026.json.gz
42,Fowler QFT,0.0042327959637107,ibm_boston,20,20,~/Nextcloud/Projects/IBM/qft_experiments/analysis_boston_linear_fowler_non_synchronized_layouting_dd_10-02-2026.json.gz
42,Fowler QFT,0.0040422424975711,ibm_boston,20,20,~/Nextcloud/Projects/IBM/qft_experiments/analysis_boston_linear_fowler_non_synchronized_layouting_dd_10-02-2026.json.gz
42,Fowler QFT,0.0035105121902269,ibm_boston,20,20,~/Nextcloud/Projects/IBM/qft_experiments/analysis_boston_linear_fowler_non_synchronized_layouting_dd_10-02-2026.json.gz
42,Fowler QFT,0.0032773713576293,ibm_boston,20,20,~/Nextcloud/Projects/IBM/qft_experiments/analysis_boston_linear_fowler_non_synchronized_layouting_dd_10-02-2026.json.gz
42,Fowler QFT,0.0041806073394087,ibm_boston,20,20,~/Nextcloud/Projects/IBM/qft_experiments/analysis_boston_linear_fowler_non_synchronized_layouting_dd_10-02-2026.json.gz
42,Fowler QFT,0.0039462699983493,ibm_boston,20,20,~/Nextcloud/Projects/IBM/qft_experiments/analysis_boston_linear_fowler_non_synchronized_layouting_dd_10-02-2026.json.gz
42,Fowler QFT,0.0039641642030025,ibm_boston,20,20,~/Nextcloud/Projects/IBM/qft_experiments/analysis_boston_linear_fowler_non_synchronized_layouting_dd_10-02-2026.json.gz
42,Fowler QFT,0.0030858726249984,ibm_boston,20,20,~/Nextcloud/Projects/IBM/qft_experiments/analysis_boston_linear_fowler_non_synchronized_layouting_dd_10-02-2026.json.gz
42,Fowler QFT,0.0031436116159994,ibm_boston,20,20,~/Nextcloud/Projects/IBM/qft_experiments/analysis_boston_linear_fowler_non_synchronized_layouting_dd_10-02-2026.json.gz
42,Fowler QFT,0.0034960736404607,ibm_boston,20,20,~/Nextcloud/Projects/IBM/qft_experiments/analysis_boston_linear_fowler_non_synchronized_layouting_dd_10-02-2026.json.gz
42,Fowler QFT,0.0038741950510793,ibm_boston,20,20,~/Nextcloud/Projects/IBM/qft_experiments/analysis_boston_linear_fowler_non_synchronized_layouting_dd_10-02-2026.json.gz
44,Fowler QFT,0.0023888791193494,ibm_boston,20,20,~/Nextcloud/Projects/IBM/qft_experiments/analysis_boston_linear_fowler_non_synchronized_layouting_dd_10-02-2026.json.gz
44,Fowler QFT,0.0025530108148505,ibm_boston,20,20,~/Nextcloud/Projects/IBM/qft_experiments/analysis_boston_linear_fowler_non_synchronized_layouting_dd_10-02-2026.json.gz
44,Fowler QFT,0.0028492812139104,ibm_boston,20,20,~/Nextcloud/Projects/IBM/qft_experiments/analysis_boston_linear_fowler_non_synchronized_layouting_dd_10-02-2026.json.gz
44,Fowler QFT,0.0027708044035436,ibm_boston,20,20,~/Nextcloud/Projects/IBM/qft_experiments/analysis_boston_linear_fowler_non_synchronized_layouting_dd_10-02-2026.json.gz
44,Fowler QFT,0.0026000692985231,ibm_boston,20,20,~/Nextcloud/Projects/IBM/qft_experiments/analysis_boston_linear_fowler_non_synchronized_layouting_dd_10-02-2026.json.gz
44,Fowler QFT,0.0027835276980688,ibm_boston,20,20,~/Nextcloud/Projects/IBM/qft_experiments/analysis_boston_linear_fowler_non_synchronized_layouting_dd_10-02-2026.json.gz
44,Fowler QFT,0.0023549111558379,ibm_boston,20,20,~/Nextcloud/Projects/IBM/qft_experiments/analysis_boston_linear_fowler_non_synchronized_layouting_dd_10-02-2026.json.gz
44,Fowler QFT,0.0026604823049283,ibm_boston,20,20,~/Nextcloud/Projects/IBM/qft_experiments/analysis_boston_linear_fowler_non_synchronized_layouting_dd_10-02-2026.json.gz
44,Fowler QFT,0.0024497596079266,ibm_boston,20,20,~/Nextcloud/Projects/IBM/qft_experiments/analysis_boston_linear_fowler_non_synchronized_layouting_dd_10-02-2026.json.gz
44,Fowler QFT,0.0024948981250018,ibm_boston,20,20,~/Nextcloud/Projects/IBM/qft_experiments/analysis_boston_linear_fowler_non_synchronized_layouting_dd_10-02-2026.json.gz
44,Fowler QFT,0.0023798153621392,ibm_boston,20,20,~/Nextcloud/Projects/IBM/qft_experiments/analysis_boston_linear_fowler_non_synchronized_layouting_dd_10-02-2026.json.gz
44,Fowler QFT,0.0025841075681785,ibm_boston,20,20,~/Nextcloud/Projects/IBM/qft_experiments/analysis_boston_linear_fowler_non_synchronized_layouting_dd_10-02-2026.json.gz
44,Fowler QFT,0.0025653459586119,ibm_boston,20,20,~/Nextcloud/Projects/IBM/qft_experiments/analysis_boston_linear_fowler_non_synchronized_layouting_dd_10-02-2026.json.gz
44,Fowler QFT,0.002922051782481,ibm_boston,20,20,~/Nextcloud/Projects/IBM/qft_experiments/analysis_boston_linear_fowler_non_synchronized_layouting_dd_10-02-2026.json.gz
44,Fowler QFT,0.002364955376959,ibm_boston,20,20,~/Nextcloud/Projects/IBM/qft_experiments/analysis_boston_linear_fowler_non_synchronized_layouting_dd_10-02-2026.json.gz
44,Fowler QFT,0.0029900724237896,ibm_boston,20,20,~/Nextcloud/Projects/IBM/qft_experiments/analysis_boston_linear_fowler_non_synchronized_layouting_dd_10-02-2026.json.gz
44,Fowler QFT,0.0026473025822115,ibm_boston,20,20,~/Nextcloud/Projects/IBM/qft_experiments/analysis_boston_linear_fowler_non_synchronized_layouting_dd_10-02-2026.json.gz
44,Fowler QFT,0.0032401546895294,ibm_boston,20,20,~/Nextcloud/Projects/IBM/qft_experiments/analysis_boston_linear_fowler_non_synchronized_layouting_dd_10-02-2026.json.gz
44,Fowler QFT,0.0028232866643133,ibm_boston,20,20,~/Nextcloud/Projects/IBM/qft_experiments/analysis_boston_linear_fowler_non_synchronized_layouting_dd_10-02-2026.json.gz
44,Fowler QFT,0.0024419105376487,ibm_boston,20,20,~/Nextcloud/Projects/IBM/qft_experiments/analysis_boston_linear_fowler_non_synchronized_layouting_dd_10-02-2026.json.gz
46,Fowler QFT,4.075074045852256e-05,ibm_boston,20,20,~/Nextcloud/Projects/IBM/qft_experiments/analysis_boston_linear_fowler_non_synchronized_layouting_dd_10-02-2026.json.gz
46,Fowler QFT,-5.706327223607918e-22,ibm_boston,20,20,~/Nextcloud/Projects/IBM/qft_experiments/analysis_boston_linear_fowler_non_synchronized_layouting_dd_10-02-2026.json.gz
46,Fowler QFT,1.2706387170384708e-05,ibm_boston,20,20,~/Nextcloud/Projects/IBM/qft_experiments/analysis_boston_linear_fowler_non_synchronized_layouting_dd_10-02-2026.json.gz
46,Fowler QFT,3.721614637823933e-06,ibm_boston,20,20,~/Nextcloud/Projects/IBM/qft_experiments/analysis_boston_linear_fowler_non_synchronized_layouting_dd_10-02-2026.json.gz
46,Fowler QFT,-5.706327223607918e-22,ibm_boston,20,20,~/Nextcloud/Projects/IBM/qft_experiments/analysis_boston_linear_fowler_non_synchronized_layouting_dd_10-02-2026.json.gz
46,Fowler QFT,3.721614637823933e-06,ibm_boston,20,20,~/Nextcloud/Projects/IBM/qft_experiments/analysis_boston_linear_fowler_non_synchronized_layouting_dd_10-02-2026.json.gz
46,Fowler QFT,3.1578947368421045e-05,ibm_boston,20,20,~/Nextcloud/Projects/IBM/qft_experiments/analysis_boston_linear_fowler_non_synchronized_layouting_dd_10-02-2026.json.gz
46,Fowler QFT,2.6954317597682325e-05,ibm_boston,20,20,~/Nextcloud/Projects/IBM/qft_experiments/analysis_boston_linear_fowler_non_synchronized_layouting_dd_10-02-2026.json.gz
46,Fowler QFT,-5.706327223607918e-22,ibm_boston,20,20,~/Nextcloud/Projects/IBM/qft_experiments/analysis_boston_linear_fowler_non_synchronized_layouting_dd_10-02-2026.json.gz
46,Fowler QFT,3.721614637823933e-06,ibm_boston,20,20,~/Nextcloud/Projects/IBM/qft_experiments/analysis_boston_linear_fowler_non_synchronized_layouting_dd_10-02-2026.json.gz
46,Fowler QFT,2.6954317597682325e-05,ibm_boston,20,20,~/Nextcloud/Projects/IBM/qft_experiments/analysis_boston_linear_fowler_non_synchronized_layouting_dd_10-02-2026.json.gz
46,Fowler QFT,4.646540591971678e-05,ibm_boston,20,20,~/Nextcloud/Projects/IBM/qft_experiments/analysis_boston_linear_fowler_non_synchronized_layouting_dd_10-02-2026.json.gz
46,Fowler QFT,3.721614637823933e-06,ibm_boston,20,20,~/Nextcloud/Projects/IBM/qft_experiments/analysis_boston_linear_fowler_non_synchronized_layouting_dd_10-02-2026.json.gz
46,Fowler QFT,3.721614637823933e-06,ibm_boston,20,20,~/Nextcloud/Projects/IBM/qft_experiments/analysis_boston_linear_fowler_non_synchronized_layouting_dd_10-02-2026.json.gz
46,Fowler QFT,7.894736842105265e-06,ibm_boston,20,20,~/Nextcloud/Projects/IBM/qft_experiments/analysis_boston_linear_fowler_non_synchronized_layouting_dd_10-02-2026.json.gz
46,Fowler QFT,0.0,ibm_boston,20,20,~/Nextcloud/Projects/IBM/qft_experiments/analysis_boston_linear_fowler_non_synchronized_layouting_dd_10-02-2026.json.gz
46,Fowler QFT,-5.706327223607918e-22,ibm_boston,20,20,~/Nextcloud/Projects/IBM/qft_experiments/analysis_boston_linear_fowler_non_synchronized_layouting_dd_10-02-2026.json.gz
46,Fowler QFT,1.0074808223016286e-05,ibm_boston,20,20,~/Nextcloud/Projects/IBM/qft_experiments/analysis_boston_linear_fowler_non_synchronized_layouting_dd_10-02-2026.json.gz
46,Fowler QFT,3.721614637823933e-06,ibm_boston,20,20,~/Nextcloud/Projects/IBM/qft_experiments/analysis_boston_linear_fowler_non_synchronized_layouting_dd_10-02-2026.json.gz
46,Fowler QFT,5.71787422667312e-05,ibm_boston,20,20,~/Nextcloud/Projects/IBM/qft_experiments/analysis_boston_linear_fowler_non_synchronized_layouting_dd_10-02-2026.json.gz
48,Fowler QFT,0.0002569582488749,ibm_boston,20,20,~/Nextcloud/Projects/IBM/qft_experiments/analysis_boston_linear_fowler_non_synchronized_layouting_dd_10-02-2026.json.gz
48,Fowler QFT,0.0003672519804306,ibm_boston,20,20,~/Nextcloud/Projects/IBM/qft_experiments/analysis_boston_linear_fowler_non_synchronized_layouting_dd_10-02-2026.json.gz
48,Fowler QFT,0.0001465749600258,ibm_boston,20,20,~/Nextcloud/Projects/IBM/qft_experiments/analysis_boston_linear_fowler_non_synchronized_layouting_dd_10-02-2026.json.gz
48,Fowler QFT,0.0004467384954014,ibm_boston,20,20,~/Nextcloud/Projects/IBM/qft_experiments/analysis_boston_linear_fowler_non_synchronized_layouting_dd_10-02-2026.json.gz
48,Fowler QFT,0.0006983556825003,ibm_boston,20,20,~/Nextcloud/Projects/IBM/qft_experiments/analysis_boston_linear_fowler_non_synchronized_layouting_dd_10-02-2026.json.gz
48,Fowler QFT,0.0001678822543329,ibm_boston,20,20,~/Nextcloud/Projects/IBM/qft_experiments/analysis_boston_linear_fowler_non_synchronized_layouting_dd_10-02-2026.json.gz
48,Fowler QFT,0.0004273831345722,ibm_boston,20,20,~/Nextcloud/Projects/IBM/qft_experiments/analysis_boston_linear_fowler_non_synchronized_layouting_dd_10-02-2026.json.gz
48,Fowler QFT,0.0003806551599537,ibm_boston,20,20,~/Nextcloud/Projects/IBM/qft_experiments/analysis_boston_linear_fowler_non_synchronized_layouting_dd_10-02-2026.json.gz
48,Fowler QFT,0.0002780764409429,ibm_boston,20,20,~/Nextcloud/Projects/IBM/qft_experiments/analysis_boston_linear_fowler_non_synchronized_layouting_dd_10-02-2026.json.gz
48,Fowler QFT,0.0004300147135196,ibm_boston,20,20,~/Nextcloud/Projects/IBM/qft_experiments/analysis_boston_linear_fowler_non_synchronized_layouting_dd_10-02-2026.json.gz
48,Fowler QFT,0.0003014748590478,ibm_boston,20,20,~/Nextcloud/Projects/IBM/qft_experiments/analysis_boston_linear_fowler_non_synchronized_layouting_dd_10-02-2026.json.gz
48,Fowler QFT,0.0004767426881381,ibm_boston,20,20,~/Nextcloud/Projects/IBM/qft_experiments/analysis_boston_linear_fowler_non_synchronized_layouting_dd_10-02-2026.json.gz
48,Fowler QFT,0.0002558720976552,ibm_boston,20,20,~/Nextcloud/Projects/IBM/qft_experiments/analysis_boston_linear_fowler_non_synchronized_layouting_dd_10-02-2026.json.gz
48,Fowler QFT,0.0007200390732619,ibm_boston,20,20,~/Nextcloud/Projects/IBM/qft_experiments/analysis_boston_linear_fowler_non_synchronized_layouting_dd_10-02-2026.json.gz
48,Fowler QFT,0.0002532405187078,ibm_boston,20,20,~/Nextcloud/Projects/IBM/qft_experiments/analysis_boston_linear_fowler_non_synchronized_layouting_dd_10-02-2026.json.gz
48,Fowler QFT,0.0004222923783724,ibm_boston,20,20,~/Nextcloud/Projects/IBM/qft_experiments/analysis_boston_linear_fowler_non_synchronized_layouting_dd_10-02-2026.json.gz
48,Fowler QFT,0.0001111769347555,ibm_boston,20,20,~/Nextcloud/Projects/IBM/qft_experiments/analysis_boston_linear_fowler_non_synchronized_layouting_dd_10-02-2026.json.gz
48,Fowler QFT,0.0003695446957983,ibm_boston,20,20,~/Nextcloud/Projects/IBM/qft_experiments/analysis_boston_linear_fowler_non_synchronized_layouting_dd_10-02-2026.json.gz
48,Fowler QFT,0.0006820750295331,ibm_boston,20,20,~/Nextcloud/Projects/IBM/qft_experiments/analysis_boston_linear_fowler_non_synchronized_layouting_dd_10-02-2026.json.gz
48,Fowler QFT,0.0003239919985627,ibm_boston,20,20,~/Nextcloud/Projects/IBM/qft_experiments/analysis_boston_linear_fowler_non_synchronized_layouting_dd_10-02-2026.json.gz
50,Fowler QFT,9.97972604588483e-05,ibm_boston,20,20,~/Nextcloud/Projects/IBM/qft_experiments/analysis_boston_linear_fowler_non_synchronized_layouting_dd_10-02-2026.json.gz
50,Fowler QFT,7.623832302230825e-05,ibm_boston,20,20,~/Nextcloud/Projects/IBM/qft_experiments/analysis_boston_linear_fowler_non_synchronized_layouting_dd_10-02-2026.json.gz
50,Fowler QFT,0.000112628920719,ibm_boston,20,20,~/Nextcloud/Projects/IBM/qft_experiments/analysis_boston_linear_fowler_non_synchronized_layouting_dd_10-02-2026.json.gz
50,Fowler QFT,8.416737861172313e-05,ibm_boston,20,20,~/Nextcloud/Projects/IBM/qft_experiments/analysis_boston_linear_fowler_non_synchronized_layouting_dd_10-02-2026.json.gz
50,Fowler QFT,0.0001282313738456,ibm_boston,20,20,~/Nextcloud/Projects/IBM/qft_experiments/analysis_boston_linear_fowler_non_synchronized_layouting_dd_10-02-2026.json.gz
50,Fowler QFT,0.0001335692181768,ibm_boston,20,20,~/Nextcloud/Projects/IBM/qft_experiments/analysis_boston_linear_fowler_non_synchronized_layouting_dd_10-02-2026.json.gz
50,Fowler QFT,9.792948272525376e-05,ibm_boston,20,20,~/Nextcloud/Projects/IBM/qft_experiments/analysis_boston_linear_fowler_non_synchronized_layouting_dd_10-02-2026.json.gz
50,Fowler QFT,0.000130826969577,ibm_boston,20,20,~/Nextcloud/Projects/IBM/qft_experiments/analysis_boston_linear_fowler_non_synchronized_layouting_dd_10-02-2026.json.gz
50,Fowler QFT,2.5547905085524656e-05,ibm_boston,20,20,~/Nextcloud/Projects/IBM/qft_experiments/analysis_boston_linear_fowler_non_synchronized_layouting_dd_10-02-2026.json.gz
50,Fowler QFT,3.067593223550626e-05,ibm_boston,20,20,~/Nextcloud/Projects/IBM/qft_experiments/analysis_boston_linear_fowler_non_synchronized_layouting_dd_10-02-2026.json.gz
50,Fowler QFT,0.000144345691999,ibm_boston,20,20,~/Nextcloud/Projects/IBM/qft_experiments/analysis_boston_linear_fowler_non_synchronized_layouting_dd_10-02-2026.json.gz
50,Fowler QFT,0.0001323270295985,ibm_boston,20,20,~/Nextcloud/Projects/IBM/qft_experiments/analysis_boston_linear_fowler_non_synchronized_layouting_dd_10-02-2026.json.gz
50,Fowler QFT,6.398344341838094e-05,ibm_boston,20,20,~/Nextcloud/Projects/IBM/qft_experiments/analysis_boston_linear_fowler_non_synchronized_layouting_dd_10-02-2026.json.gz
50,Fowler QFT,0.0001622175063804,ibm_boston,20,20,~/Nextcloud/Projects/IBM/qft_experiments/analysis_boston_linear_fowler_non_synchronized_layouting_dd_10-02-2026.json.gz
50,Fowler QFT,0.0001075525089205,ibm_boston,20,20,~/Nextcloud/Projects/IBM/qft_experiments/analysis_boston_linear_fowler_non_synchronized_layouting_dd_10-02-2026.json.gz
50,Fowler QFT,0.0001540553149013,ibm_boston,20,20,~/Nextcloud/Projects/IBM/qft_experiments/analysis_boston_linear_fowler_non_synchronized_layouting_dd_10-02-2026.json.gz
50,Fowler QFT,8.413305986441352e-05,ibm_boston,20,20,~/Nextcloud/Projects/IBM/qft_experiments/analysis_boston_linear_fowler_non_synchronized_layouting_dd_10-02-2026.json.gz
50,Fowler QFT,6.253527320963135e-05,ibm_boston,20,20,~/Nextcloud/Projects/IBM/qft_experiments/analysis_boston_linear_fowler_non_synchronized_layouting_dd_10-02-2026.json.gz
50,Fowler QFT,0.0001384932026262,ibm_boston,20,20,~/Nextcloud/Projects/IBM/qft_experiments/analysis_boston_linear_fowler_non_synchronized_layouting_dd_10-02-2026.json.gz
50,Fowler QFT,0.0001247412306288,ibm_boston,20,20,~/Nextcloud/Projects/IBM/qft_experiments/analysis_boston_linear_fowler_non_synchronized_layouting_dd_10-02-2026.json.gz
52,Fowler QFT,0.000112628920719,ibm_boston,20,20,~/Nextcloud/Projects/IBM/qft_experiments/analysis_boston_linear_fowler_non_synchronized_layouting_dd_10-02-2026.json.gz
52,Fowler QFT,0.0001034571276289,ibm_boston,20,20,~/Nextcloud/Projects/IBM/qft_experiments/analysis_boston_linear_fowler_non_synchronized_layouting_dd_10-02-2026.json.gz
52,Fowler QFT,3.947368421052632e-05,ibm_boston,20,20,~/Nextcloud/Projects/IBM/qft_experiments/analysis_boston_linear_fowler_non_synchronized_layouting_dd_10-02-2026.json.gz
52,Fowler QFT,5.5263157894736845e-05,ibm_boston,20,20,~/Nextcloud/Projects/IBM/qft_experiments/analysis_boston_linear_fowler_non_synchronized_layouting_dd_10-02-2026.json.gz
52,Fowler QFT,0.0001447368421052,ibm_boston,20,20,~/Nextcloud/Projects/IBM/qft_experiments/analysis_boston_linear_fowler_non_synchronized_layouting_dd_10-02-2026.json.gz
52,Fowler QFT,3.947368421052632e-05,ibm_boston,20,20,~/Nextcloud/Projects/IBM/qft_experiments/analysis_boston_linear_fowler_non_synchronized_layouting_dd_10-02-2026.json.gz
52,Fowler QFT,0.0001981165032827,ibm_boston,20,20,~/Nextcloud/Projects/IBM/qft_experiments/analysis_boston_linear_fowler_non_synchronized_layouting_dd_10-02-2026.json.gz
52,Fowler QFT,8.131446035950437e-05,ibm_boston,20,20,~/Nextcloud/Projects/IBM/qft_experiments/analysis_boston_linear_fowler_non_synchronized_layouting_dd_10-02-2026.json.gz
52,Fowler QFT,0.0001856746031213,ibm_boston,20,20,~/Nextcloud/Projects/IBM/qft_experiments/analysis_boston_linear_fowler_non_synchronized_layouting_dd_10-02-2026.json.gz
52,Fowler QFT,0.0001282313738456,ibm_boston,20,20,~/Nextcloud/Projects/IBM/qft_experiments/analysis_boston_linear_fowler_non_synchronized_layouting_dd_10-02-2026.json.gz
52,Fowler QFT,5.5263157894736845e-05,ibm_boston,20,20,~/Nextcloud/Projects/IBM/qft_experiments/analysis_boston_linear_fowler_non_synchronized_layouting_dd_10-02-2026.json.gz
52,Fowler QFT,0.0001384932026262,ibm_boston,20,20,~/Nextcloud/Projects/IBM/qft_experiments/analysis_boston_linear_fowler_non_synchronized_layouting_dd_10-02-2026.json.gz
52,Fowler QFT,5.0825548681538845e-05,ibm_boston,20,20,~/Nextcloud/Projects/IBM/qft_experiments/analysis_boston_linear_fowler_non_synchronized_layouting_dd_10-02-2026.json.gz
52,Fowler QFT,3.067593223550626e-05,ibm_boston,20,20,~/Nextcloud/Projects/IBM/qft_experiments/analysis_boston_linear_fowler_non_synchronized_layouting_dd_10-02-2026.json.gz
52,Fowler QFT,0.000112628920719,ibm_boston,20,20,~/Nextcloud/Projects/IBM/qft_experiments/analysis_boston_linear_fowler_non_synchronized_layouting_dd_10-02-2026.json.gz
52,Fowler QFT,7.368421052631579e-05,ibm_boston,20,20,~/Nextcloud/Projects/IBM/qft_experiments/analysis_boston_linear_fowler_non_synchronized_layouting_dd_10-02-2026.json.gz
52,Fowler QFT,7.894736842105265e-06,ibm_boston,20,20,~/Nextcloud/Projects/IBM/qft_experiments/analysis_boston_linear_fowler_non_synchronized_layouting_dd_10-02-2026.json.gz
52,Fowler QFT,0.0001556371990098,ibm_boston,20,20,~/Nextcloud/Projects/IBM/qft_experiments/analysis_boston_linear_fowler_non_synchronized_layouting_dd_10-02-2026.json.gz
52,Fowler QFT,0.000112628920719,ibm_boston,20,20,~/Nextcloud/Projects/IBM/qft_experiments/analysis_boston_linear_fowler_non_synchronized_layouting_dd_10-02-2026.json.gz
52,Fowler QFT,4.492386266280387e-05,ibm_boston,20,20,~/Nextcloud/Projects/IBM/qft_experiments/analysis_boston_linear_fowler_non_synchronized_layouting_dd_10-02-2026.json.gz
54,Fowler QFT,0.0,ibm_boston,20,20,~/Nextcloud/Projects/IBM/qft_experiments/analysis_boston_linear_fowler_non_synchronized_layouting_dd_10-02-2026.json.gz
54,Fowler QFT,0.0,ibm_boston,20,20,~/Nextcloud/Projects/IBM/qft_experiments/analysis_boston_linear_fowler_non_synchronized_layouting_dd_10-02-2026.json.gz
54,Fowler QFT,0.0,ibm_boston,20,20,~/Nextcloud/Projects/IBM/qft_experiments/analysis_boston_linear_fowler_non_synchronized_layouting_dd_10-02-2026.json.gz
54,Fowler QFT,2.631578947368421e-06,ibm_boston,20,20,~/Nextcloud/Projects/IBM/qft_experiments/analysis_boston_linear_fowler_non_synchronized_layouting_dd_10-02-2026.json.gz
54,Fowler QFT,0.0,ibm_boston,20,20,~/Nextcloud/Projects/IBM/qft_experiments/analysis_boston_linear_fowler_non_synchronized_layouting_dd_10-02-2026.json.gz
54,Fowler QFT,0.0,ibm_boston,20,20,~/Nextcloud/Projects/IBM/qft_experiments/analysis_boston_linear_fowler_non_synchronized_layouting_dd_10-02-2026.json.gz
54,Fowler QFT,0.0,ibm_boston,20,20,~/Nextcloud/Projects/IBM/qft_experiments/analysis_boston_linear_fowler_non_synchronized_layouting_dd_10-02-2026.json.gz
54,Fowler QFT,0.0,ibm_boston,20,20,~/Nextcloud/Projects/IBM/qft_experiments/analysis_boston_linear_fowler_non_synchronized_layouting_dd_10-02-2026.json.gz
54,Fowler QFT,0.0,ibm_boston,20,20,~/Nextcloud/Projects/IBM/qft_experiments/analysis_boston_linear_fowler_non_synchronized_layouting_dd_10-02-2026.json.gz
54,Fowler QFT,0.0,ibm_boston,20,20,~/Nextcloud/Projects/IBM/qft_experiments/analysis_boston_linear_fowler_non_synchronized_layouting_dd_10-02-2026.json.gz
54,Fowler QFT,0.0,ibm_boston,20,20,~/Nextcloud/Projects/IBM/qft_experiments/analysis_boston_linear_fowler_non_synchronized_layouting_dd_10-02-2026.json.gz
54,Fowler QFT,2.631578947368421e-06,ibm_boston,20,20,~/Nextcloud/Projects/IBM/qft_experiments/analysis_boston_linear_fowler_non_synchronized_layouting_dd_10-02-2026.json.gz
54,Fowler QFT,0.0,ibm_boston,20,20,~/Nextcloud/Projects/IBM/qft_experiments/analysis_boston_linear_fowler_non_synchronized_layouting_dd_10-02-2026.json.gz
54,Fowler QFT,0.0,ibm_boston,20,20,~/Nextcloud/Projects/IBM/qft_experiments/analysis_boston_linear_fowler_non_synchronized_layouting_dd_10-02-2026.json.gz
54,Fowler QFT,7.894736842105265e-06,ibm_boston,20,20,~/Nextcloud/Projects/IBM/qft_experiments/analysis_boston_linear_fowler_non_synchronized_layouting_dd_10-02-2026.json.gz
54,Fowler QFT,0.0,ibm_boston,20,20,~/Nextcloud/Projects/IBM/qft_experiments/analysis_boston_linear_fowler_non_synchronized_layouting_dd_10-02-2026.json.gz
54,Fowler QFT,0.0,ibm_boston,20,20,~/Nextcloud/Projects/IBM/qft_experiments/analysis_boston_linear_fowler_non_synchronized_layouting_dd_10-02-2026.json.gz
54,Fowler QFT,0.0,ibm_boston,20,20,~/Nextcloud/Projects/IBM/qft_experiments/analysis_boston_linear_fowler_non_synchronized_layouting_dd_10-02-2026.json.gz
54,Fowler QFT,0.0,ibm_boston,20,20,~/Nextcloud/Projects/IBM/qft_experiments/analysis_boston_linear_fowler_non_synchronized_layouting_dd_10-02-2026.json.gz
54,Fowler QFT,2.631578947368421e-06,ibm_boston,20,20,~/Nextcloud/Projects/IBM/qft_experiments/analysis_boston_linear_fowler_non_synchronized_layouting_dd_10-02-2026.json.gz
56,Fowler QFT,0.0,ibm_boston,20,20,~/Nextcloud/Projects/IBM/qft_experiments/analysis_boston_linear_fowler_non_synchronized_layouting_dd_10-02-2026.json.gz
56,Fowler QFT,0.0,ibm_boston,20,20,~/Nextcloud/Projects/IBM/qft_experiments/analysis_boston_linear_fowler_non_synchronized_layouting_dd_10-02-2026.json.gz
56,Fowler QFT,0.0,ibm_boston,20,20,~/Nextcloud/Projects/IBM/qft_experiments/analysis_boston_linear_fowler_non_synchronized_layouting_dd_10-02-2026.json.gz
56,Fowler QFT,0.0,ibm_boston,20,20,~/Nextcloud/Projects/IBM/qft_experiments/analysis_boston_linear_fowler_non_synchronized_layouting_dd_10-02-2026.json.gz
56,Fowler QFT,0.0,ibm_boston,20,20,~/Nextcloud/Projects/IBM/qft_experiments/analysis_boston_linear_fowler_non_synchronized_layouting_dd_10-02-2026.json.gz
56,Fowler QFT,0.0,ibm_boston,20,20,~/Nextcloud/Projects/IBM/qft_experiments/analysis_boston_linear_fowler_non_synchronized_layouting_dd_10-02-2026.json.gz
56,Fowler QFT,0.0,ibm_boston,20,20,~/Nextcloud/Projects/IBM/qft_experiments/analysis_boston_linear_fowler_non_synchronized_layouting_dd_10-02-2026.json.gz
56,Fowler QFT,0.0,ibm_boston,20,20,~/Nextcloud/Projects/IBM/qft_experiments/analysis_boston_linear_fowler_non_synchronized_layouting_dd_10-02-2026.json.gz
56,Fowler QFT,0.0,ibm_boston,20,20,~/Nextcloud/Projects/IBM/qft_experiments/analysis_boston_linear_fowler_non_synchronized_layouting_dd_10-02-2026.json.gz
56,Fowler QFT,0.0,ibm_boston,20,20,~/Nextcloud/Projects/IBM/qft_experiments/analysis_boston_linear_fowler_non_synchronized_layouting_dd_10-02-2026.json.gz
56,Fowler QFT,0.0,ibm_boston,20,20,~/Nextcloud/Projects/IBM/qft_experiments/analysis_boston_linear_fowler_non_synchronized_layouting_dd_10-02-2026.json.gz
56,Fowler QFT,0.0,ibm_boston,20,20,~/Nextcloud/Projects/IBM/qft_experiments/analysis_boston_linear_fowler_non_synchronized_layouting_dd_10-02-2026.json.gz
56,Fowler QFT,0.0,ibm_boston,20,20,~/Nextcloud/Projects/IBM/qft_experiments/analysis_boston_linear_fowler_non_synchronized_layouting_dd_10-02-2026.json.gz
56,Fowler QFT,0.0,ibm_boston,20,20,~/Nextcloud/Projects/IBM/qft_experiments/analysis_boston_linear_fowler_non_synchronized_layouting_dd_10-02-2026.json.gz
56,Fowler QFT,0.0,ibm_boston,20,20,~/Nextcloud/Projects/IBM/qft_experiments/analysis_boston_linear_fowler_non_synchronized_layouting_dd_10-02-2026.json.gz
56,Fowler QFT,0.0,ibm_boston,20,20,~/Nextcloud/Projects/IBM/qft_experiments/analysis_boston_linear_fowler_non_synchronized_layouting_dd_10-02-2026.json.gz
56,Fowler QFT,0.0,ibm_boston,20,20,~/Nextcloud/Projects/IBM/qft_experiments/analysis_boston_linear_fowler_non_synchronized_layouting_dd_10-02-2026.json.gz
56,Fowler QFT,0.0,ibm_boston,20,20,~/Nextcloud/Projects/IBM/qft_experiments/analysis_boston_linear_fowler_non_synchronized_layouting_dd_10-02-2026.json.gz
56,Fowler QFT,0.0,ibm_boston,20,20,~/Nextcloud/Projects/IBM/qft_experiments/analysis_boston_linear_fowler_non_synchronized_layouting_dd_10-02-2026.json.gz
56,Fowler QFT,0.0,ibm_boston,20,20,~/Nextcloud/Projects/IBM/qft_experiments/analysis_boston_linear_fowler_non_synchronized_layouting_dd_10-02-2026.json.gz
58,Fowler QFT,0.0,ibm_boston,20,20,~/Nextcloud/Projects/IBM/qft_experiments/analysis_boston_linear_fowler_non_synchronized_layouting_dd_10-02-2026.json.gz
58,Fowler QFT,0.0,ibm_boston,20,20,~/Nextcloud/Projects/IBM/qft_experiments/analysis_boston_linear_fowler_non_synchronized_layouting_dd_10-02-2026.json.gz
58,Fowler QFT,0.0,ibm_boston,20,20,~/Nextcloud/Projects/IBM/qft_experiments/analysis_boston_linear_fowler_non_synchronized_layouting_dd_10-02-2026.json.gz
58,Fowler QFT,0.0,ibm_boston,20,20,~/Nextcloud/Projects/IBM/qft_experiments/analysis_boston_linear_fowler_non_synchronized_layouting_dd_10-02-2026.json.gz
58,Fowler QFT,0.0,ibm_boston,20,20,~/Nextcloud/Projects/IBM/qft_experiments/analysis_boston_linear_fowler_non_synchronized_layouting_dd_10-02-2026.json.gz
58,Fowler QFT,0.0,ibm_boston,20,20,~/Nextcloud/Projects/IBM/qft_experiments/analysis_boston_linear_fowler_non_synchronized_layouting_dd_10-02-2026.json.gz
58,Fowler QFT,0.0,ibm_boston,20,20,~/Nextcloud/Projects/IBM/qft_experiments/analysis_boston_linear_fowler_non_synchronized_layouting_dd_10-02-2026.json.gz
58,Fowler QFT,0.0,ibm_boston,20,20,~/Nextcloud/Projects/IBM/qft_experiments/analysis_boston_linear_fowler_non_synchronized_layouting_dd_10-02-2026.json.gz
58,Fowler QFT,0.0,ibm_boston,20,20,~/Nextcloud/Projects/IBM/qft_experiments/analysis_boston_linear_fowler_non_synchronized_layouting_dd_10-02-2026.json.gz
58,Fowler QFT,0.0,ibm_boston,20,20,~/Nextcloud/Projects/IBM/qft_experiments/analysis_boston_linear_fowler_non_synchronized_layouting_dd_10-02-2026.json.gz
58,Fowler QFT,0.0,ibm_boston,20,20,~/Nextcloud/Projects/IBM/qft_experiments/analysis_boston_linear_fowler_non_synchronized_layouting_dd_10-02-2026.json.gz
58,Fowler QFT,0.0,ibm_boston,20,20,~/Nextcloud/Projects/IBM/qft_experiments/analysis_boston_linear_fowler_non_synchronized_layouting_dd_10-02-2026.json.gz
58,Fowler QFT,0.0,ibm_boston,20,20,~/Nextcloud/Projects/IBM/qft_experiments/analysis_boston_linear_fowler_non_synchronized_layouting_dd_10-02-2026.json.gz
58,Fowler QFT,0.0,ibm_boston,20,20,~/Nextcloud/Projects/IBM/qft_experiments/analysis_boston_linear_fowler_non_synchronized_layouting_dd_10-02-2026.json.gz
58,Fowler QFT,0.0,ibm_boston,20,20,~/Nextcloud/Projects/IBM/qft_experiments/analysis_boston_linear_fowler_non_synchronized_layouting_dd_10-02-2026.json.gz
58,Fowler QFT,0.0,ibm_boston,20,20,~/Nextcloud/Projects/IBM/qft_experiments/analysis_boston_linear_fowler_non_synchronized_layouting_dd_10-02-2026.json.gz
58,Fowler QFT,0.0,ibm_boston,20,20,~/Nextcloud/Projects/IBM/qft_experiments/analysis_boston_linear_fowler_non_synchronized_layouting_dd_10-02-2026.json.gz
58,Fowler QFT,0.0,ibm_boston,20,20,~/Nextcloud/Projects/IBM/qft_experiments/analysis_boston_linear_fowler_non_synchronized_layouting_dd_10-02-2026.json.gz
58,Fowler QFT,0.0,ibm_boston,20,20,~/Nextcloud/Projects/IBM/qft_experiments/analysis_boston_linear_fowler_non_synchronized_layouting_dd_10-02-2026.json.gz
58,Fowler QFT,0.0,ibm_boston,20,20,~/Nextcloud/Projects/IBM/qft_experiments/analysis_boston_linear_fowler_non_synchronized_layouting_dd_10-02-2026.json.gz
60,Fowler QFT,0.0,ibm_boston,20,20,~/Nextcloud/Projects/IBM/qft_experiments/analysis_boston_linear_fowler_non_synchronized_layouting_dd_10-02-2026.json.gz
60,Fowler QFT,0.0,ibm_boston,20,20,~/Nextcloud/Projects/IBM/qft_experiments/analysis_boston_linear_fowler_non_synchronized_layouting_dd_10-02-2026.json.gz
60,Fowler QFT,0.0,ibm_boston,20,20,~/Nextcloud/Projects/IBM/qft_experiments/analysis_boston_linear_fowler_non_synchronized_layouting_dd_10-02-2026.json.gz
60,Fowler QFT,0.0,ibm_boston,20,20,~/Nextcloud/Projects/IBM/qft_experiments/analysis_boston_linear_fowler_non_synchronized_layouting_dd_10-02-2026.json.gz
60,Fowler QFT,0.0,ibm_boston,20,20,~/Nextcloud/Projects/IBM/qft_experiments/analysis_boston_linear_fowler_non_synchronized_layouting_dd_10-02-2026.json.gz
60,Fowler QFT,0.0,ibm_boston,20,20,~/Nextcloud/Projects/IBM/qft_experiments/analysis_boston_linear_fowler_non_synchronized_layouting_dd_10-02-2026.json.gz
60,Fowler QFT,0.0,ibm_boston,20,20,~/Nextcloud/Projects/IBM/qft_experiments/analysis_boston_linear_fowler_non_synchronized_layouting_dd_10-02-2026.json.gz
60,Fowler QFT,0.0,ibm_boston,20,20,~/Nextcloud/Projects/IBM/qft_experiments/analysis_boston_linear_fowler_non_synchronized_layouting_dd_10-02-2026.json.gz
60,Fowler QFT,0.0,ibm_boston,20,20,~/Nextcloud/Projects/IBM/qft_experiments/analysis_boston_linear_fowler_non_synchronized_layouting_dd_10-02-2026.json.gz
60,Fowler QFT,0.0,ibm_boston,20,20,~/Nextcloud/Projects/IBM/qft_experiments/analysis_boston_linear_fowler_non_synchronized_layouting_dd_10-02-2026.json.gz
60,Fowler QFT,0.0,ibm_boston,20,20,~/Nextcloud/Projects/IBM/qft_experiments/analysis_boston_linear_fowler_non_synchronized_layouting_dd_10-02-2026.json.gz
60,Fowler QFT,0.0,ibm_boston,20,20,~/Nextcloud/Projects/IBM/qft_experiments/analysis_boston_linear_fowler_non_synchronized_layouting_dd_10-02-2026.json.gz
60,Fowler QFT,0.0,ibm_boston,20,20,~/Nextcloud/Projects/IBM/qft_experiments/analysis_boston_linear_fowler_non_synchronized_layouting_dd_10-02-2026.json.gz
60,Fowler QFT,0.0,ibm_boston,20,20,~/Nextcloud/Projects/IBM/qft_experiments/analysis_boston_linear_fowler_non_synchronized_layouting_dd_10-02-2026.json.gz
60,Fowler QFT,0.0,ibm_boston,20,20,~/Nextcloud/Projects/IBM/qft_experiments/analysis_boston_linear_fowler_non_synchronized_layouting_dd_10-02-2026.json.gz
60,Fowler QFT,0.0,ibm_boston,20,20,~/Nextcloud/Projects/IBM/qft_experiments/analysis_boston_linear_fowler_non_synchronized_layouting_dd_10-02-2026.json.gz
60,Fowler QFT,0.0,ibm_boston,20,20,~/Nextcloud/Projects/IBM/qft_experiments/analysis_boston_linear_fowler_non_synchronized_layouting_dd_10-02-2026.json.gz
60,Fowler QFT,0.0,ibm_boston,20,20,~/Nextcloud/Projects/IBM/qft_experiments/analysis_boston_linear_fowler_non_synchronized_layouting_dd_10-02-2026.json.gz
60,Fowler QFT,0.0,ibm_boston,20,20,~/Nextcloud/Projects/IBM/qft_experiments/analysis_boston_linear_fowler_non_synchronized_layouting_dd_10-02-2026.json.gz
60,Fowler QFT,0.0,ibm_boston,20,20,~/Nextcloud/Projects/IBM/qft_experiments/analysis_boston_linear_fowler_non_synchronized_layouting_dd_10-02-2026.json.gz
