number_of_qubits,qft_variant,process_fidelity,backend,bootstrap sample size,number bootstrap samples,data file
2,Twine Heavy-Hex QFT,0.9858727578898789,ibm_boston,20,20,~/Nextcloud/Projects/IBM/qft_experiments/analysis_boston_heavy_hex_non_synchronized_layouting_dd_10-02-2026.json.gz
2,Twine Heavy-Hex QFT,0.9838702326349049,ibm_boston,20,20,~/Nextcloud/Projects/IBM/qft_experiments/analysis_boston_heavy_hex_non_synchronized_layouting_dd_10-02-2026.json.gz
2,Twine Heavy-Hex QFT,0.9849961479931998,ibm_boston,20,20,~/Nextcloud/Projects/IBM/qft_experiments/analysis_boston_heavy_hex_non_synchronized_layouting_dd_10-02-2026.json.gz
2,Twine Heavy-Hex QFT,0.9848211049059495,ibm_boston,20,20,~/Nextcloud/Projects/IBM/qft_experiments/analysis_boston_heavy_hex_non_synchronized_layouting_dd_10-02-2026.json.gz
2,Twine Heavy-Hex QFT,0.986272144456975,ibm_boston,20,20,~/Nextcloud/Projects/IBM/qft_experiments/analysis_boston_heavy_hex_non_synchronized_layouting_dd_10-02-2026.json.gz
2,Twine Heavy-Hex QFT,0.9852213194913224,ibm_boston,20,20,~/Nextcloud/Projects/IBM/qft_experiments/analysis_boston_heavy_hex_non_synchronized_layouting_dd_10-02-2026.json.gz
2,Twine Heavy-Hex QFT,0.9838456314478194,ibm_boston,20,20,~/Nextcloud/Projects/IBM/qft_experiments/analysis_boston_heavy_hex_non_synchronized_layouting_dd_10-02-2026.json.gz
2,Twine Heavy-Hex QFT,0.9852981357843169,ibm_boston,20,20,~/Nextcloud/Projects/IBM/qft_experiments/analysis_boston_heavy_hex_non_synchronized_layouting_dd_10-02-2026.json.gz
2,Twine Heavy-Hex QFT,0.984769471764023,ibm_boston,20,20,~/Nextcloud/Projects/IBM/qft_experiments/analysis_boston_heavy_hex_non_synchronized_layouting_dd_10-02-2026.json.gz
2,Twine Heavy-Hex QFT,0.9848212198405659,ibm_boston,20,20,~/Nextcloud/Projects/IBM/qft_experiments/analysis_boston_heavy_hex_non_synchronized_layouting_dd_10-02-2026.json.gz
2,Twine Heavy-Hex QFT,0.9874228196619352,ibm_boston,20,20,~/Nextcloud/Projects/IBM/qft_experiments/analysis_boston_heavy_hex_non_synchronized_layouting_dd_10-02-2026.json.gz
2,Twine Heavy-Hex QFT,0.9855187985961242,ibm_boston,20,20,~/Nextcloud/Projects/IBM/qft_experiments/analysis_boston_heavy_hex_non_synchronized_layouting_dd_10-02-2026.json.gz
2,Twine Heavy-Hex QFT,0.9849942756377911,ibm_boston,20,20,~/Nextcloud/Projects/IBM/qft_experiments/analysis_boston_heavy_hex_non_synchronized_layouting_dd_10-02-2026.json.gz
2,Twine Heavy-Hex QFT,0.9849714049785644,ibm_boston,20,20,~/Nextcloud/Projects/IBM/qft_experiments/analysis_boston_heavy_hex_non_synchronized_layouting_dd_10-02-2026.json.gz
2,Twine Heavy-Hex QFT,0.985095693778525,ibm_boston,20,20,~/Nextcloud/Projects/IBM/qft_experiments/analysis_boston_heavy_hex_non_synchronized_layouting_dd_10-02-2026.json.gz
2,Twine Heavy-Hex QFT,0.9856711496272567,ibm_boston,20,20,~/Nextcloud/Projects/IBM/qft_experiments/analysis_boston_heavy_hex_non_synchronized_layouting_dd_10-02-2026.json.gz
2,Twine Heavy-Hex QFT,0.9861448905406163,ibm_boston,20,20,~/Nextcloud/Projects/IBM/qft_experiments/analysis_boston_heavy_hex_non_synchronized_layouting_dd_10-02-2026.json.gz
2,Twine Heavy-Hex QFT,0.984870593191879,ibm_boston,20,20,~/Nextcloud/Projects/IBM/qft_experiments/analysis_boston_heavy_hex_non_synchronized_layouting_dd_10-02-2026.json.gz
2,Twine Heavy-Hex QFT,0.9835200701362498,ibm_boston,20,20,~/Nextcloud/Projects/IBM/qft_experiments/analysis_boston_heavy_hex_non_synchronized_layouting_dd_10-02-2026.json.gz
2,Twine Heavy-Hex QFT,0.984220028671271,ibm_boston,20,20,~/Nextcloud/Projects/IBM/qft_experiments/analysis_boston_heavy_hex_non_synchronized_layouting_dd_10-02-2026.json.gz
4,Twine Heavy-Hex QFT,0.950482726376227,ibm_boston,20,20,~/Nextcloud/Projects/IBM/qft_experiments/analysis_boston_heavy_hex_non_synchronized_layouting_dd_10-02-2026.json.gz
4,Twine Heavy-Hex QFT,0.949859237138393,ibm_boston,20,20,~/Nextcloud/Projects/IBM/qft_experiments/analysis_boston_heavy_hex_non_synchronized_layouting_dd_10-02-2026.json.gz
4,Twine Heavy-Hex QFT,0.9511095400762086,ibm_boston,20,20,~/Nextcloud/Projects/IBM/qft_experiments/analysis_boston_heavy_hex_non_synchronized_layouting_dd_10-02-2026.json.gz
4,Twine Heavy-Hex QFT,0.9501413815260594,ibm_boston,20,20,~/Nextcloud/Projects/IBM/qft_experiments/analysis_boston_heavy_hex_non_synchronized_layouting_dd_10-02-2026.json.gz
4,Twine Heavy-Hex QFT,0.9509572938372365,ibm_boston,20,20,~/Nextcloud/Projects/IBM/qft_experiments/analysis_boston_heavy_hex_non_synchronized_layouting_dd_10-02-2026.json.gz
4,Twine Heavy-Hex QFT,0.9490349011043312,ibm_boston,20,20,~/Nextcloud/Projects/IBM/qft_experiments/analysis_boston_heavy_hex_non_synchronized_layouting_dd_10-02-2026.json.gz
4,Twine Heavy-Hex QFT,0.9522617364487268,ibm_boston,20,20,~/Nextcloud/Projects/IBM/qft_experiments/analysis_boston_heavy_hex_non_synchronized_layouting_dd_10-02-2026.json.gz
4,Twine Heavy-Hex QFT,0.9509135533737492,ibm_boston,20,20,~/Nextcloud/Projects/IBM/qft_experiments/analysis_boston_heavy_hex_non_synchronized_layouting_dd_10-02-2026.json.gz
4,Twine Heavy-Hex QFT,0.951356694206335,ibm_boston,20,20,~/Nextcloud/Projects/IBM/qft_experiments/analysis_boston_heavy_hex_non_synchronized_layouting_dd_10-02-2026.json.gz
4,Twine Heavy-Hex QFT,0.9500531680965792,ibm_boston,20,20,~/Nextcloud/Projects/IBM/qft_experiments/analysis_boston_heavy_hex_non_synchronized_layouting_dd_10-02-2026.json.gz
4,Twine Heavy-Hex QFT,0.9509552349259741,ibm_boston,20,20,~/Nextcloud/Projects/IBM/qft_experiments/analysis_boston_heavy_hex_non_synchronized_layouting_dd_10-02-2026.json.gz
4,Twine Heavy-Hex QFT,0.9494870517818695,ibm_boston,20,20,~/Nextcloud/Projects/IBM/qft_experiments/analysis_boston_heavy_hex_non_synchronized_layouting_dd_10-02-2026.json.gz
4,Twine Heavy-Hex QFT,0.9502147795855659,ibm_boston,20,20,~/Nextcloud/Projects/IBM/qft_experiments/analysis_boston_heavy_hex_non_synchronized_layouting_dd_10-02-2026.json.gz
4,Twine Heavy-Hex QFT,0.9497670146921331,ibm_boston,20,20,~/Nextcloud/Projects/IBM/qft_experiments/analysis_boston_heavy_hex_non_synchronized_layouting_dd_10-02-2026.json.gz
4,Twine Heavy-Hex QFT,0.9489171344601052,ibm_boston,20,20,~/Nextcloud/Projects/IBM/qft_experiments/analysis_boston_heavy_hex_non_synchronized_layouting_dd_10-02-2026.json.gz
4,Twine Heavy-Hex QFT,0.9508059510790948,ibm_boston,20,20,~/Nextcloud/Projects/IBM/qft_experiments/analysis_boston_heavy_hex_non_synchronized_layouting_dd_10-02-2026.json.gz
4,Twine Heavy-Hex QFT,0.9508567506790963,ibm_boston,20,20,~/Nextcloud/Projects/IBM/qft_experiments/analysis_boston_heavy_hex_non_synchronized_layouting_dd_10-02-2026.json.gz
4,Twine Heavy-Hex QFT,0.9512664301151704,ibm_boston,20,20,~/Nextcloud/Projects/IBM/qft_experiments/analysis_boston_heavy_hex_non_synchronized_layouting_dd_10-02-2026.json.gz
4,Twine Heavy-Hex QFT,0.950404422113337,ibm_boston,20,20,~/Nextcloud/Projects/IBM/qft_experiments/analysis_boston_heavy_hex_non_synchronized_layouting_dd_10-02-2026.json.gz
4,Twine Heavy-Hex QFT,0.9524902355538458,ibm_boston,20,20,~/Nextcloud/Projects/IBM/qft_experiments/analysis_boston_heavy_hex_non_synchronized_layouting_dd_10-02-2026.json.gz
6,Twine Heavy-Hex QFT,0.8565323652061774,ibm_boston,20,20,~/Nextcloud/Projects/IBM/qft_experiments/analysis_boston_heavy_hex_non_synchronized_layouting_dd_10-02-2026.json.gz
6,Twine Heavy-Hex QFT,0.8521096916720424,ibm_boston,20,20,~/Nextcloud/Projects/IBM/qft_experiments/analysis_boston_heavy_hex_non_synchronized_layouting_dd_10-02-2026.json.gz
6,Twine Heavy-Hex QFT,0.8586597715183603,ibm_boston,20,20,~/Nextcloud/Projects/IBM/qft_experiments/analysis_boston_heavy_hex_non_synchronized_layouting_dd_10-02-2026.json.gz
6,Twine Heavy-Hex QFT,0.8561268789001918,ibm_boston,20,20,~/Nextcloud/Projects/IBM/qft_experiments/analysis_boston_heavy_hex_non_synchronized_layouting_dd_10-02-2026.json.gz
6,Twine Heavy-Hex QFT,0.8580284792822097,ibm_boston,20,20,~/Nextcloud/Projects/IBM/qft_experiments/analysis_boston_heavy_hex_non_synchronized_layouting_dd_10-02-2026.json.gz
6,Twine Heavy-Hex QFT,0.8565613124311993,ibm_boston,20,20,~/Nextcloud/Projects/IBM/qft_experiments/analysis_boston_heavy_hex_non_synchronized_layouting_dd_10-02-2026.json.gz
6,Twine Heavy-Hex QFT,0.8553754159091895,ibm_boston,20,20,~/Nextcloud/Projects/IBM/qft_experiments/analysis_boston_heavy_hex_non_synchronized_layouting_dd_10-02-2026.json.gz
6,Twine Heavy-Hex QFT,0.8532966201672695,ibm_boston,20,20,~/Nextcloud/Projects/IBM/qft_experiments/analysis_boston_heavy_hex_non_synchronized_layouting_dd_10-02-2026.json.gz
6,Twine Heavy-Hex QFT,0.8567801262975094,ibm_boston,20,20,~/Nextcloud/Projects/IBM/qft_experiments/analysis_boston_heavy_hex_non_synchronized_layouting_dd_10-02-2026.json.gz
6,Twine Heavy-Hex QFT,0.8576766418604725,ibm_boston,20,20,~/Nextcloud/Projects/IBM/qft_experiments/analysis_boston_heavy_hex_non_synchronized_layouting_dd_10-02-2026.json.gz
6,Twine Heavy-Hex QFT,0.844065007988353,ibm_boston,20,20,~/Nextcloud/Projects/IBM/qft_experiments/analysis_boston_heavy_hex_non_synchronized_layouting_dd_10-02-2026.json.gz
6,Twine Heavy-Hex QFT,0.8489512782137749,ibm_boston,20,20,~/Nextcloud/Projects/IBM/qft_experiments/analysis_boston_heavy_hex_non_synchronized_layouting_dd_10-02-2026.json.gz
6,Twine Heavy-Hex QFT,0.8501655073247781,ibm_boston,20,20,~/Nextcloud/Projects/IBM/qft_experiments/analysis_boston_heavy_hex_non_synchronized_layouting_dd_10-02-2026.json.gz
6,Twine Heavy-Hex QFT,0.8558035207062687,ibm_boston,20,20,~/Nextcloud/Projects/IBM/qft_experiments/analysis_boston_heavy_hex_non_synchronized_layouting_dd_10-02-2026.json.gz
6,Twine Heavy-Hex QFT,0.8568775459422415,ibm_boston,20,20,~/Nextcloud/Projects/IBM/qft_experiments/analysis_boston_heavy_hex_non_synchronized_layouting_dd_10-02-2026.json.gz
6,Twine Heavy-Hex QFT,0.854758825403789,ibm_boston,20,20,~/Nextcloud/Projects/IBM/qft_experiments/analysis_boston_heavy_hex_non_synchronized_layouting_dd_10-02-2026.json.gz
6,Twine Heavy-Hex QFT,0.8496254258075725,ibm_boston,20,20,~/Nextcloud/Projects/IBM/qft_experiments/analysis_boston_heavy_hex_non_synchronized_layouting_dd_10-02-2026.json.gz
6,Twine Heavy-Hex QFT,0.8556897081617704,ibm_boston,20,20,~/Nextcloud/Projects/IBM/qft_experiments/analysis_boston_heavy_hex_non_synchronized_layouting_dd_10-02-2026.json.gz
6,Twine Heavy-Hex QFT,0.8528565440407481,ibm_boston,20,20,~/Nextcloud/Projects/IBM/qft_experiments/analysis_boston_heavy_hex_non_synchronized_layouting_dd_10-02-2026.json.gz
6,Twine Heavy-Hex QFT,0.8504326742218893,ibm_boston,20,20,~/Nextcloud/Projects/IBM/qft_experiments/analysis_boston_heavy_hex_non_synchronized_layouting_dd_10-02-2026.json.gz
8,Twine Heavy-Hex QFT,0.7805743527777839,ibm_boston,20,20,~/Nextcloud/Projects/IBM/qft_experiments/analysis_boston_heavy_hex_non_synchronized_layouting_dd_10-02-2026.json.gz
8,Twine Heavy-Hex QFT,0.7852750539183899,ibm_boston,20,20,~/Nextcloud/Projects/IBM/qft_experiments/analysis_boston_heavy_hex_non_synchronized_layouting_dd_10-02-2026.json.gz
8,Twine Heavy-Hex QFT,0.7817591045580463,ibm_boston,20,20,~/Nextcloud/Projects/IBM/qft_experiments/analysis_boston_heavy_hex_non_synchronized_layouting_dd_10-02-2026.json.gz
8,Twine Heavy-Hex QFT,0.7771862874868637,ibm_boston,20,20,~/Nextcloud/Projects/IBM/qft_experiments/analysis_boston_heavy_hex_non_synchronized_layouting_dd_10-02-2026.json.gz
8,Twine Heavy-Hex QFT,0.7801911918210203,ibm_boston,20,20,~/Nextcloud/Projects/IBM/qft_experiments/analysis_boston_heavy_hex_non_synchronized_layouting_dd_10-02-2026.json.gz
8,Twine Heavy-Hex QFT,0.7807457652734945,ibm_boston,20,20,~/Nextcloud/Projects/IBM/qft_experiments/analysis_boston_heavy_hex_non_synchronized_layouting_dd_10-02-2026.json.gz
8,Twine Heavy-Hex QFT,0.7761764249834742,ibm_boston,20,20,~/Nextcloud/Projects/IBM/qft_experiments/analysis_boston_heavy_hex_non_synchronized_layouting_dd_10-02-2026.json.gz
8,Twine Heavy-Hex QFT,0.7753330639899113,ibm_boston,20,20,~/Nextcloud/Projects/IBM/qft_experiments/analysis_boston_heavy_hex_non_synchronized_layouting_dd_10-02-2026.json.gz
8,Twine Heavy-Hex QFT,0.7778829225051477,ibm_boston,20,20,~/Nextcloud/Projects/IBM/qft_experiments/analysis_boston_heavy_hex_non_synchronized_layouting_dd_10-02-2026.json.gz
8,Twine Heavy-Hex QFT,0.7790203326026445,ibm_boston,20,20,~/Nextcloud/Projects/IBM/qft_experiments/analysis_boston_heavy_hex_non_synchronized_layouting_dd_10-02-2026.json.gz
8,Twine Heavy-Hex QFT,0.7824624651582691,ibm_boston,20,20,~/Nextcloud/Projects/IBM/qft_experiments/analysis_boston_heavy_hex_non_synchronized_layouting_dd_10-02-2026.json.gz
8,Twine Heavy-Hex QFT,0.7782967143159731,ibm_boston,20,20,~/Nextcloud/Projects/IBM/qft_experiments/analysis_boston_heavy_hex_non_synchronized_layouting_dd_10-02-2026.json.gz
8,Twine Heavy-Hex QFT,0.777267494284085,ibm_boston,20,20,~/Nextcloud/Projects/IBM/qft_experiments/analysis_boston_heavy_hex_non_synchronized_layouting_dd_10-02-2026.json.gz
8,Twine Heavy-Hex QFT,0.7798995220989939,ibm_boston,20,20,~/Nextcloud/Projects/IBM/qft_experiments/analysis_boston_heavy_hex_non_synchronized_layouting_dd_10-02-2026.json.gz
8,Twine Heavy-Hex QFT,0.7776222553769901,ibm_boston,20,20,~/Nextcloud/Projects/IBM/qft_experiments/analysis_boston_heavy_hex_non_synchronized_layouting_dd_10-02-2026.json.gz
8,Twine Heavy-Hex QFT,0.7785023714565915,ibm_boston,20,20,~/Nextcloud/Projects/IBM/qft_experiments/analysis_boston_heavy_hex_non_synchronized_layouting_dd_10-02-2026.json.gz
8,Twine Heavy-Hex QFT,0.7837340871962786,ibm_boston,20,20,~/Nextcloud/Projects/IBM/qft_experiments/analysis_boston_heavy_hex_non_synchronized_layouting_dd_10-02-2026.json.gz
8,Twine Heavy-Hex QFT,0.7786455227692282,ibm_boston,20,20,~/Nextcloud/Projects/IBM/qft_experiments/analysis_boston_heavy_hex_non_synchronized_layouting_dd_10-02-2026.json.gz
8,Twine Heavy-Hex QFT,0.7783252459005708,ibm_boston,20,20,~/Nextcloud/Projects/IBM/qft_experiments/analysis_boston_heavy_hex_non_synchronized_layouting_dd_10-02-2026.json.gz
8,Twine Heavy-Hex QFT,0.7781281533182084,ibm_boston,20,20,~/Nextcloud/Projects/IBM/qft_experiments/analysis_boston_heavy_hex_non_synchronized_layouting_dd_10-02-2026.json.gz
10,Twine Heavy-Hex QFT,0.7500256063333021,ibm_boston,20,20,~/Nextcloud/Projects/IBM/qft_experiments/analysis_boston_heavy_hex_non_synchronized_layouting_dd_10-02-2026.json.gz
10,Twine Heavy-Hex QFT,0.747732142914333,ibm_boston,20,20,~/Nextcloud/Projects/IBM/qft_experiments/analysis_boston_heavy_hex_non_synchronized_layouting_dd_10-02-2026.json.gz
10,Twine Heavy-Hex QFT,0.7547408767158313,ibm_boston,20,20,~/Nextcloud/Projects/IBM/qft_experiments/analysis_boston_heavy_hex_non_synchronized_layouting_dd_10-02-2026.json.gz
10,Twine Heavy-Hex QFT,0.7477258140472394,ibm_boston,20,20,~/Nextcloud/Projects/IBM/qft_experiments/analysis_boston_heavy_hex_non_synchronized_layouting_dd_10-02-2026.json.gz
10,Twine Heavy-Hex QFT,0.7508253348647723,ibm_boston,20,20,~/Nextcloud/Projects/IBM/qft_experiments/analysis_boston_heavy_hex_non_synchronized_layouting_dd_10-02-2026.json.gz
10,Twine Heavy-Hex QFT,0.7529218393140231,ibm_boston,20,20,~/Nextcloud/Projects/IBM/qft_experiments/analysis_boston_heavy_hex_non_synchronized_layouting_dd_10-02-2026.json.gz
10,Twine Heavy-Hex QFT,0.7472842576557697,ibm_boston,20,20,~/Nextcloud/Projects/IBM/qft_experiments/analysis_boston_heavy_hex_non_synchronized_layouting_dd_10-02-2026.json.gz
10,Twine Heavy-Hex QFT,0.7514291519689702,ibm_boston,20,20,~/Nextcloud/Projects/IBM/qft_experiments/analysis_boston_heavy_hex_non_synchronized_layouting_dd_10-02-2026.json.gz
10,Twine Heavy-Hex QFT,0.750325563565587,ibm_boston,20,20,~/Nextcloud/Projects/IBM/qft_experiments/analysis_boston_heavy_hex_non_synchronized_layouting_dd_10-02-2026.json.gz
10,Twine Heavy-Hex QFT,0.7504911274112885,ibm_boston,20,20,~/Nextcloud/Projects/IBM/qft_experiments/analysis_boston_heavy_hex_non_synchronized_layouting_dd_10-02-2026.json.gz
10,Twine Heavy-Hex QFT,0.7485407326348804,ibm_boston,20,20,~/Nextcloud/Projects/IBM/qft_experiments/analysis_boston_heavy_hex_non_synchronized_layouting_dd_10-02-2026.json.gz
10,Twine Heavy-Hex QFT,0.7487456733448495,ibm_boston,20,20,~/Nextcloud/Projects/IBM/qft_experiments/analysis_boston_heavy_hex_non_synchronized_layouting_dd_10-02-2026.json.gz
10,Twine Heavy-Hex QFT,0.753589289661413,ibm_boston,20,20,~/Nextcloud/Projects/IBM/qft_experiments/analysis_boston_heavy_hex_non_synchronized_layouting_dd_10-02-2026.json.gz
10,Twine Heavy-Hex QFT,0.752669763371124,ibm_boston,20,20,~/Nextcloud/Projects/IBM/qft_experiments/analysis_boston_heavy_hex_non_synchronized_layouting_dd_10-02-2026.json.gz
10,Twine Heavy-Hex QFT,0.7489614268112625,ibm_boston,20,20,~/Nextcloud/Projects/IBM/qft_experiments/analysis_boston_heavy_hex_non_synchronized_layouting_dd_10-02-2026.json.gz
10,Twine Heavy-Hex QFT,0.7552558754521905,ibm_boston,20,20,~/Nextcloud/Projects/IBM/qft_experiments/analysis_boston_heavy_hex_non_synchronized_layouting_dd_10-02-2026.json.gz
10,Twine Heavy-Hex QFT,0.7485583452209322,ibm_boston,20,20,~/Nextcloud/Projects/IBM/qft_experiments/analysis_boston_heavy_hex_non_synchronized_layouting_dd_10-02-2026.json.gz
10,Twine Heavy-Hex QFT,0.7537039179296898,ibm_boston,20,20,~/Nextcloud/Projects/IBM/qft_experiments/analysis_boston_heavy_hex_non_synchronized_layouting_dd_10-02-2026.json.gz
10,Twine Heavy-Hex QFT,0.7480808171582712,ibm_boston,20,20,~/Nextcloud/Projects/IBM/qft_experiments/analysis_boston_heavy_hex_non_synchronized_layouting_dd_10-02-2026.json.gz
10,Twine Heavy-Hex QFT,0.7516671862550877,ibm_boston,20,20,~/Nextcloud/Projects/IBM/qft_experiments/analysis_boston_heavy_hex_non_synchronized_layouting_dd_10-02-2026.json.gz
12,Twine Heavy-Hex QFT,0.6968091836415546,ibm_boston,20,20,~/Nextcloud/Projects/IBM/qft_experiments/analysis_boston_heavy_hex_non_synchronized_layouting_dd_10-02-2026.json.gz
12,Twine Heavy-Hex QFT,0.6906197119294273,ibm_boston,20,20,~/Nextcloud/Projects/IBM/qft_experiments/analysis_boston_heavy_hex_non_synchronized_layouting_dd_10-02-2026.json.gz
12,Twine Heavy-Hex QFT,0.6905788760576144,ibm_boston,20,20,~/Nextcloud/Projects/IBM/qft_experiments/analysis_boston_heavy_hex_non_synchronized_layouting_dd_10-02-2026.json.gz
12,Twine Heavy-Hex QFT,0.6942454542667936,ibm_boston,20,20,~/Nextcloud/Projects/IBM/qft_experiments/analysis_boston_heavy_hex_non_synchronized_layouting_dd_10-02-2026.json.gz
12,Twine Heavy-Hex QFT,0.6882827861597394,ibm_boston,20,20,~/Nextcloud/Projects/IBM/qft_experiments/analysis_boston_heavy_hex_non_synchronized_layouting_dd_10-02-2026.json.gz
12,Twine Heavy-Hex QFT,0.6913534322322623,ibm_boston,20,20,~/Nextcloud/Projects/IBM/qft_experiments/analysis_boston_heavy_hex_non_synchronized_layouting_dd_10-02-2026.json.gz
12,Twine Heavy-Hex QFT,0.6877753375275357,ibm_boston,20,20,~/Nextcloud/Projects/IBM/qft_experiments/analysis_boston_heavy_hex_non_synchronized_layouting_dd_10-02-2026.json.gz
12,Twine Heavy-Hex QFT,0.6894376184010523,ibm_boston,20,20,~/Nextcloud/Projects/IBM/qft_experiments/analysis_boston_heavy_hex_non_synchronized_layouting_dd_10-02-2026.json.gz
12,Twine Heavy-Hex QFT,0.6854387556413355,ibm_boston,20,20,~/Nextcloud/Projects/IBM/qft_experiments/analysis_boston_heavy_hex_non_synchronized_layouting_dd_10-02-2026.json.gz
12,Twine Heavy-Hex QFT,0.6870163200310049,ibm_boston,20,20,~/Nextcloud/Projects/IBM/qft_experiments/analysis_boston_heavy_hex_non_synchronized_layouting_dd_10-02-2026.json.gz
12,Twine Heavy-Hex QFT,0.6903989645905113,ibm_boston,20,20,~/Nextcloud/Projects/IBM/qft_experiments/analysis_boston_heavy_hex_non_synchronized_layouting_dd_10-02-2026.json.gz
12,Twine Heavy-Hex QFT,0.6903435165731465,ibm_boston,20,20,~/Nextcloud/Projects/IBM/qft_experiments/analysis_boston_heavy_hex_non_synchronized_layouting_dd_10-02-2026.json.gz
12,Twine Heavy-Hex QFT,0.6919470986766364,ibm_boston,20,20,~/Nextcloud/Projects/IBM/qft_experiments/analysis_boston_heavy_hex_non_synchronized_layouting_dd_10-02-2026.json.gz
12,Twine Heavy-Hex QFT,0.6905749489237111,ibm_boston,20,20,~/Nextcloud/Projects/IBM/qft_experiments/analysis_boston_heavy_hex_non_synchronized_layouting_dd_10-02-2026.json.gz
12,Twine Heavy-Hex QFT,0.6955488078830444,ibm_boston,20,20,~/Nextcloud/Projects/IBM/qft_experiments/analysis_boston_heavy_hex_non_synchronized_layouting_dd_10-02-2026.json.gz
12,Twine Heavy-Hex QFT,0.6936245756127525,ibm_boston,20,20,~/Nextcloud/Projects/IBM/qft_experiments/analysis_boston_heavy_hex_non_synchronized_layouting_dd_10-02-2026.json.gz
12,Twine Heavy-Hex QFT,0.6915935698200757,ibm_boston,20,20,~/Nextcloud/Projects/IBM/qft_experiments/analysis_boston_heavy_hex_non_synchronized_layouting_dd_10-02-2026.json.gz
12,Twine Heavy-Hex QFT,0.6907445752492873,ibm_boston,20,20,~/Nextcloud/Projects/IBM/qft_experiments/analysis_boston_heavy_hex_non_synchronized_layouting_dd_10-02-2026.json.gz
12,Twine Heavy-Hex QFT,0.6875130025176388,ibm_boston,20,20,~/Nextcloud/Projects/IBM/qft_experiments/analysis_boston_heavy_hex_non_synchronized_layouting_dd_10-02-2026.json.gz
12,Twine Heavy-Hex QFT,0.6918767493805419,ibm_boston,20,20,~/Nextcloud/Projects/IBM/qft_experiments/analysis_boston_heavy_hex_non_synchronized_layouting_dd_10-02-2026.json.gz
14,Twine Heavy-Hex QFT,0.6370067818100834,ibm_boston,20,20,~/Nextcloud/Projects/IBM/qft_experiments/analysis_boston_heavy_hex_non_synchronized_layouting_dd_10-02-2026.json.gz
14,Twine Heavy-Hex QFT,0.6283746651726013,ibm_boston,20,20,~/Nextcloud/Projects/IBM/qft_experiments/analysis_boston_heavy_hex_non_synchronized_layouting_dd_10-02-2026.json.gz
14,Twine Heavy-Hex QFT,0.6270161117312297,ibm_boston,20,20,~/Nextcloud/Projects/IBM/qft_experiments/analysis_boston_heavy_hex_non_synchronized_layouting_dd_10-02-2026.json.gz
14,Twine Heavy-Hex QFT,0.6226813976221468,ibm_boston,20,20,~/Nextcloud/Projects/IBM/qft_experiments/analysis_boston_heavy_hex_non_synchronized_layouting_dd_10-02-2026.json.gz
14,Twine Heavy-Hex QFT,0.618932647003599,ibm_boston,20,20,~/Nextcloud/Projects/IBM/qft_experiments/analysis_boston_heavy_hex_non_synchronized_layouting_dd_10-02-2026.json.gz
14,Twine Heavy-Hex QFT,0.6371256396698801,ibm_boston,20,20,~/Nextcloud/Projects/IBM/qft_experiments/analysis_boston_heavy_hex_non_synchronized_layouting_dd_10-02-2026.json.gz
14,Twine Heavy-Hex QFT,0.6302279706780493,ibm_boston,20,20,~/Nextcloud/Projects/IBM/qft_experiments/analysis_boston_heavy_hex_non_synchronized_layouting_dd_10-02-2026.json.gz
14,Twine Heavy-Hex QFT,0.6257227136558848,ibm_boston,20,20,~/Nextcloud/Projects/IBM/qft_experiments/analysis_boston_heavy_hex_non_synchronized_layouting_dd_10-02-2026.json.gz
14,Twine Heavy-Hex QFT,0.6216324165111229,ibm_boston,20,20,~/Nextcloud/Projects/IBM/qft_experiments/analysis_boston_heavy_hex_non_synchronized_layouting_dd_10-02-2026.json.gz
14,Twine Heavy-Hex QFT,0.6238833402978654,ibm_boston,20,20,~/Nextcloud/Projects/IBM/qft_experiments/analysis_boston_heavy_hex_non_synchronized_layouting_dd_10-02-2026.json.gz
14,Twine Heavy-Hex QFT,0.6345038082349533,ibm_boston,20,20,~/Nextcloud/Projects/IBM/qft_experiments/analysis_boston_heavy_hex_non_synchronized_layouting_dd_10-02-2026.json.gz
14,Twine Heavy-Hex QFT,0.6280742980279365,ibm_boston,20,20,~/Nextcloud/Projects/IBM/qft_experiments/analysis_boston_heavy_hex_non_synchronized_layouting_dd_10-02-2026.json.gz
14,Twine Heavy-Hex QFT,0.6198286532274855,ibm_boston,20,20,~/Nextcloud/Projects/IBM/qft_experiments/analysis_boston_heavy_hex_non_synchronized_layouting_dd_10-02-2026.json.gz
14,Twine Heavy-Hex QFT,0.628290305342619,ibm_boston,20,20,~/Nextcloud/Projects/IBM/qft_experiments/analysis_boston_heavy_hex_non_synchronized_layouting_dd_10-02-2026.json.gz
14,Twine Heavy-Hex QFT,0.6279224714296905,ibm_boston,20,20,~/Nextcloud/Projects/IBM/qft_experiments/analysis_boston_heavy_hex_non_synchronized_layouting_dd_10-02-2026.json.gz
14,Twine Heavy-Hex QFT,0.6250734012134859,ibm_boston,20,20,~/Nextcloud/Projects/IBM/qft_experiments/analysis_boston_heavy_hex_non_synchronized_layouting_dd_10-02-2026.json.gz
14,Twine Heavy-Hex QFT,0.6174258778862094,ibm_boston,20,20,~/Nextcloud/Projects/IBM/qft_experiments/analysis_boston_heavy_hex_non_synchronized_layouting_dd_10-02-2026.json.gz
14,Twine Heavy-Hex QFT,0.6176041973283263,ibm_boston,20,20,~/Nextcloud/Projects/IBM/qft_experiments/analysis_boston_heavy_hex_non_synchronized_layouting_dd_10-02-2026.json.gz
14,Twine Heavy-Hex QFT,0.6185035747018883,ibm_boston,20,20,~/Nextcloud/Projects/IBM/qft_experiments/analysis_boston_heavy_hex_non_synchronized_layouting_dd_10-02-2026.json.gz
14,Twine Heavy-Hex QFT,0.6233079387461269,ibm_boston,20,20,~/Nextcloud/Projects/IBM/qft_experiments/analysis_boston_heavy_hex_non_synchronized_layouting_dd_10-02-2026.json.gz
16,Twine Heavy-Hex QFT,0.4997696480118859,ibm_boston,20,20,~/Nextcloud/Projects/IBM/qft_experiments/analysis_boston_heavy_hex_non_synchronized_layouting_dd_10-02-2026.json.gz
16,Twine Heavy-Hex QFT,0.49800080694886145,ibm_boston,20,20,~/Nextcloud/Projects/IBM/qft_experiments/analysis_boston_heavy_hex_non_synchronized_layouting_dd_10-02-2026.json.gz
16,Twine Heavy-Hex QFT,0.4946619259331756,ibm_boston,20,20,~/Nextcloud/Projects/IBM/qft_experiments/analysis_boston_heavy_hex_non_synchronized_layouting_dd_10-02-2026.json.gz
16,Twine Heavy-Hex QFT,0.4994082748544104,ibm_boston,20,20,~/Nextcloud/Projects/IBM/qft_experiments/analysis_boston_heavy_hex_non_synchronized_layouting_dd_10-02-2026.json.gz
16,Twine Heavy-Hex QFT,0.5017439974546819,ibm_boston,20,20,~/Nextcloud/Projects/IBM/qft_experiments/analysis_boston_heavy_hex_non_synchronized_layouting_dd_10-02-2026.json.gz
16,Twine Heavy-Hex QFT,0.483146621699839,ibm_boston,20,20,~/Nextcloud/Projects/IBM/qft_experiments/analysis_boston_heavy_hex_non_synchronized_layouting_dd_10-02-2026.json.gz
16,Twine Heavy-Hex QFT,0.4975091881522688,ibm_boston,20,20,~/Nextcloud/Projects/IBM/qft_experiments/analysis_boston_heavy_hex_non_synchronized_layouting_dd_10-02-2026.json.gz
16,Twine Heavy-Hex QFT,0.5023132714628054,ibm_boston,20,20,~/Nextcloud/Projects/IBM/qft_experiments/analysis_boston_heavy_hex_non_synchronized_layouting_dd_10-02-2026.json.gz
16,Twine Heavy-Hex QFT,0.5046414849052799,ibm_boston,20,20,~/Nextcloud/Projects/IBM/qft_experiments/analysis_boston_heavy_hex_non_synchronized_layouting_dd_10-02-2026.json.gz
16,Twine Heavy-Hex QFT,0.49895522819182697,ibm_boston,20,20,~/Nextcloud/Projects/IBM/qft_experiments/analysis_boston_heavy_hex_non_synchronized_layouting_dd_10-02-2026.json.gz
16,Twine Heavy-Hex QFT,0.49052143669880416,ibm_boston,20,20,~/Nextcloud/Projects/IBM/qft_experiments/analysis_boston_heavy_hex_non_synchronized_layouting_dd_10-02-2026.json.gz
16,Twine Heavy-Hex QFT,0.5006531848326976,ibm_boston,20,20,~/Nextcloud/Projects/IBM/qft_experiments/analysis_boston_heavy_hex_non_synchronized_layouting_dd_10-02-2026.json.gz
16,Twine Heavy-Hex QFT,0.5027870275133419,ibm_boston,20,20,~/Nextcloud/Projects/IBM/qft_experiments/analysis_boston_heavy_hex_non_synchronized_layouting_dd_10-02-2026.json.gz
16,Twine Heavy-Hex QFT,0.4980847755098678,ibm_boston,20,20,~/Nextcloud/Projects/IBM/qft_experiments/analysis_boston_heavy_hex_non_synchronized_layouting_dd_10-02-2026.json.gz
16,Twine Heavy-Hex QFT,0.49409011247609097,ibm_boston,20,20,~/Nextcloud/Projects/IBM/qft_experiments/analysis_boston_heavy_hex_non_synchronized_layouting_dd_10-02-2026.json.gz
16,Twine Heavy-Hex QFT,0.4978768864555258,ibm_boston,20,20,~/Nextcloud/Projects/IBM/qft_experiments/analysis_boston_heavy_hex_non_synchronized_layouting_dd_10-02-2026.json.gz
16,Twine Heavy-Hex QFT,0.49123113718274103,ibm_boston,20,20,~/Nextcloud/Projects/IBM/qft_experiments/analysis_boston_heavy_hex_non_synchronized_layouting_dd_10-02-2026.json.gz
16,Twine Heavy-Hex QFT,0.49989070701576305,ibm_boston,20,20,~/Nextcloud/Projects/IBM/qft_experiments/analysis_boston_heavy_hex_non_synchronized_layouting_dd_10-02-2026.json.gz
16,Twine Heavy-Hex QFT,0.5010467184131675,ibm_boston,20,20,~/Nextcloud/Projects/IBM/qft_experiments/analysis_boston_heavy_hex_non_synchronized_layouting_dd_10-02-2026.json.gz
16,Twine Heavy-Hex QFT,0.4911784380977472,ibm_boston,20,20,~/Nextcloud/Projects/IBM/qft_experiments/analysis_boston_heavy_hex_non_synchronized_layouting_dd_10-02-2026.json.gz
18,Twine Heavy-Hex QFT,0.4288298714991759,ibm_boston,20,20,~/Nextcloud/Projects/IBM/qft_experiments/analysis_boston_heavy_hex_non_synchronized_layouting_dd_10-02-2026.json.gz
18,Twine Heavy-Hex QFT,0.439250581481299,ibm_boston,20,20,~/Nextcloud/Projects/IBM/qft_experiments/analysis_boston_heavy_hex_non_synchronized_layouting_dd_10-02-2026.json.gz
18,Twine Heavy-Hex QFT,0.4322781185427416,ibm_boston,20,20,~/Nextcloud/Projects/IBM/qft_experiments/analysis_boston_heavy_hex_non_synchronized_layouting_dd_10-02-2026.json.gz
18,Twine Heavy-Hex QFT,0.4383040379530864,ibm_boston,20,20,~/Nextcloud/Projects/IBM/qft_experiments/analysis_boston_heavy_hex_non_synchronized_layouting_dd_10-02-2026.json.gz
18,Twine Heavy-Hex QFT,0.4357088905329877,ibm_boston,20,20,~/Nextcloud/Projects/IBM/qft_experiments/analysis_boston_heavy_hex_non_synchronized_layouting_dd_10-02-2026.json.gz
18,Twine Heavy-Hex QFT,0.43756225446830654,ibm_boston,20,20,~/Nextcloud/Projects/IBM/qft_experiments/analysis_boston_heavy_hex_non_synchronized_layouting_dd_10-02-2026.json.gz
18,Twine Heavy-Hex QFT,0.4412896415921878,ibm_boston,20,20,~/Nextcloud/Projects/IBM/qft_experiments/analysis_boston_heavy_hex_non_synchronized_layouting_dd_10-02-2026.json.gz
18,Twine Heavy-Hex QFT,0.4400803032564715,ibm_boston,20,20,~/Nextcloud/Projects/IBM/qft_experiments/analysis_boston_heavy_hex_non_synchronized_layouting_dd_10-02-2026.json.gz
18,Twine Heavy-Hex QFT,0.4381830907411611,ibm_boston,20,20,~/Nextcloud/Projects/IBM/qft_experiments/analysis_boston_heavy_hex_non_synchronized_layouting_dd_10-02-2026.json.gz
18,Twine Heavy-Hex QFT,0.43649286683406613,ibm_boston,20,20,~/Nextcloud/Projects/IBM/qft_experiments/analysis_boston_heavy_hex_non_synchronized_layouting_dd_10-02-2026.json.gz
18,Twine Heavy-Hex QFT,0.4345790710652223,ibm_boston,20,20,~/Nextcloud/Projects/IBM/qft_experiments/analysis_boston_heavy_hex_non_synchronized_layouting_dd_10-02-2026.json.gz
18,Twine Heavy-Hex QFT,0.4353014120511418,ibm_boston,20,20,~/Nextcloud/Projects/IBM/qft_experiments/analysis_boston_heavy_hex_non_synchronized_layouting_dd_10-02-2026.json.gz
18,Twine Heavy-Hex QFT,0.4394323872668553,ibm_boston,20,20,~/Nextcloud/Projects/IBM/qft_experiments/analysis_boston_heavy_hex_non_synchronized_layouting_dd_10-02-2026.json.gz
18,Twine Heavy-Hex QFT,0.4413078651337194,ibm_boston,20,20,~/Nextcloud/Projects/IBM/qft_experiments/analysis_boston_heavy_hex_non_synchronized_layouting_dd_10-02-2026.json.gz
18,Twine Heavy-Hex QFT,0.42883791078922995,ibm_boston,20,20,~/Nextcloud/Projects/IBM/qft_experiments/analysis_boston_heavy_hex_non_synchronized_layouting_dd_10-02-2026.json.gz
18,Twine Heavy-Hex QFT,0.43849643938408983,ibm_boston,20,20,~/Nextcloud/Projects/IBM/qft_experiments/analysis_boston_heavy_hex_non_synchronized_layouting_dd_10-02-2026.json.gz
18,Twine Heavy-Hex QFT,0.43609635644417405,ibm_boston,20,20,~/Nextcloud/Projects/IBM/qft_experiments/analysis_boston_heavy_hex_non_synchronized_layouting_dd_10-02-2026.json.gz
18,Twine Heavy-Hex QFT,0.437304097940488,ibm_boston,20,20,~/Nextcloud/Projects/IBM/qft_experiments/analysis_boston_heavy_hex_non_synchronized_layouting_dd_10-02-2026.json.gz
18,Twine Heavy-Hex QFT,0.4404529199619521,ibm_boston,20,20,~/Nextcloud/Projects/IBM/qft_experiments/analysis_boston_heavy_hex_non_synchronized_layouting_dd_10-02-2026.json.gz
18,Twine Heavy-Hex QFT,0.43970561327097957,ibm_boston,20,20,~/Nextcloud/Projects/IBM/qft_experiments/analysis_boston_heavy_hex_non_synchronized_layouting_dd_10-02-2026.json.gz
20,Twine Heavy-Hex QFT,0.3705236711699316,ibm_boston,20,20,~/Nextcloud/Projects/IBM/qft_experiments/analysis_boston_heavy_hex_non_synchronized_layouting_dd_10-02-2026.json.gz
20,Twine Heavy-Hex QFT,0.37599822563309904,ibm_boston,20,20,~/Nextcloud/Projects/IBM/qft_experiments/analysis_boston_heavy_hex_non_synchronized_layouting_dd_10-02-2026.json.gz
20,Twine Heavy-Hex QFT,0.36018373181149105,ibm_boston,20,20,~/Nextcloud/Projects/IBM/qft_experiments/analysis_boston_heavy_hex_non_synchronized_layouting_dd_10-02-2026.json.gz
20,Twine Heavy-Hex QFT,0.3717114407168858,ibm_boston,20,20,~/Nextcloud/Projects/IBM/qft_experiments/analysis_boston_heavy_hex_non_synchronized_layouting_dd_10-02-2026.json.gz
20,Twine Heavy-Hex QFT,0.3682324182164759,ibm_boston,20,20,~/Nextcloud/Projects/IBM/qft_experiments/analysis_boston_heavy_hex_non_synchronized_layouting_dd_10-02-2026.json.gz
20,Twine Heavy-Hex QFT,0.3668823575428669,ibm_boston,20,20,~/Nextcloud/Projects/IBM/qft_experiments/analysis_boston_heavy_hex_non_synchronized_layouting_dd_10-02-2026.json.gz
20,Twine Heavy-Hex QFT,0.37475488050351763,ibm_boston,20,20,~/Nextcloud/Projects/IBM/qft_experiments/analysis_boston_heavy_hex_non_synchronized_layouting_dd_10-02-2026.json.gz
20,Twine Heavy-Hex QFT,0.3590666496391522,ibm_boston,20,20,~/Nextcloud/Projects/IBM/qft_experiments/analysis_boston_heavy_hex_non_synchronized_layouting_dd_10-02-2026.json.gz
20,Twine Heavy-Hex QFT,0.3719374345011215,ibm_boston,20,20,~/Nextcloud/Projects/IBM/qft_experiments/analysis_boston_heavy_hex_non_synchronized_layouting_dd_10-02-2026.json.gz
20,Twine Heavy-Hex QFT,0.36622585066249186,ibm_boston,20,20,~/Nextcloud/Projects/IBM/qft_experiments/analysis_boston_heavy_hex_non_synchronized_layouting_dd_10-02-2026.json.gz
20,Twine Heavy-Hex QFT,0.3738371718679961,ibm_boston,20,20,~/Nextcloud/Projects/IBM/qft_experiments/analysis_boston_heavy_hex_non_synchronized_layouting_dd_10-02-2026.json.gz
20,Twine Heavy-Hex QFT,0.36993424898953614,ibm_boston,20,20,~/Nextcloud/Projects/IBM/qft_experiments/analysis_boston_heavy_hex_non_synchronized_layouting_dd_10-02-2026.json.gz
20,Twine Heavy-Hex QFT,0.36865340567318255,ibm_boston,20,20,~/Nextcloud/Projects/IBM/qft_experiments/analysis_boston_heavy_hex_non_synchronized_layouting_dd_10-02-2026.json.gz
20,Twine Heavy-Hex QFT,0.36537467851139144,ibm_boston,20,20,~/Nextcloud/Projects/IBM/qft_experiments/analysis_boston_heavy_hex_non_synchronized_layouting_dd_10-02-2026.json.gz
20,Twine Heavy-Hex QFT,0.37379037888400213,ibm_boston,20,20,~/Nextcloud/Projects/IBM/qft_experiments/analysis_boston_heavy_hex_non_synchronized_layouting_dd_10-02-2026.json.gz
20,Twine Heavy-Hex QFT,0.37144294277040196,ibm_boston,20,20,~/Nextcloud/Projects/IBM/qft_experiments/analysis_boston_heavy_hex_non_synchronized_layouting_dd_10-02-2026.json.gz
20,Twine Heavy-Hex QFT,0.37030993506918275,ibm_boston,20,20,~/Nextcloud/Projects/IBM/qft_experiments/analysis_boston_heavy_hex_non_synchronized_layouting_dd_10-02-2026.json.gz
20,Twine Heavy-Hex QFT,0.3659084646914366,ibm_boston,20,20,~/Nextcloud/Projects/IBM/qft_experiments/analysis_boston_heavy_hex_non_synchronized_layouting_dd_10-02-2026.json.gz
20,Twine Heavy-Hex QFT,0.3614970451159241,ibm_boston,20,20,~/Nextcloud/Projects/IBM/qft_experiments/analysis_boston_heavy_hex_non_synchronized_layouting_dd_10-02-2026.json.gz
20,Twine Heavy-Hex QFT,0.36855570540137766,ibm_boston,20,20,~/Nextcloud/Projects/IBM/qft_experiments/analysis_boston_heavy_hex_non_synchronized_layouting_dd_10-02-2026.json.gz
22,Twine Heavy-Hex QFT,0.3095779774309929,ibm_boston,20,20,~/Nextcloud/Projects/IBM/qft_experiments/analysis_boston_heavy_hex_non_synchronized_layouting_dd_10-02-2026.json.gz
22,Twine Heavy-Hex QFT,0.3137323097970799,ibm_boston,20,20,~/Nextcloud/Projects/IBM/qft_experiments/analysis_boston_heavy_hex_non_synchronized_layouting_dd_10-02-2026.json.gz
22,Twine Heavy-Hex QFT,0.3148060504298511,ibm_boston,20,20,~/Nextcloud/Projects/IBM/qft_experiments/analysis_boston_heavy_hex_non_synchronized_layouting_dd_10-02-2026.json.gz
22,Twine Heavy-Hex QFT,0.30251512692667615,ibm_boston,20,20,~/Nextcloud/Projects/IBM/qft_experiments/analysis_boston_heavy_hex_non_synchronized_layouting_dd_10-02-2026.json.gz
22,Twine Heavy-Hex QFT,0.3116684250492319,ibm_boston,20,20,~/Nextcloud/Projects/IBM/qft_experiments/analysis_boston_heavy_hex_non_synchronized_layouting_dd_10-02-2026.json.gz
22,Twine Heavy-Hex QFT,0.31573789237937677,ibm_boston,20,20,~/Nextcloud/Projects/IBM/qft_experiments/analysis_boston_heavy_hex_non_synchronized_layouting_dd_10-02-2026.json.gz
22,Twine Heavy-Hex QFT,0.31764573319113654,ibm_boston,20,20,~/Nextcloud/Projects/IBM/qft_experiments/analysis_boston_heavy_hex_non_synchronized_layouting_dd_10-02-2026.json.gz
22,Twine Heavy-Hex QFT,0.3163020859772558,ibm_boston,20,20,~/Nextcloud/Projects/IBM/qft_experiments/analysis_boston_heavy_hex_non_synchronized_layouting_dd_10-02-2026.json.gz
22,Twine Heavy-Hex QFT,0.31798342120432727,ibm_boston,20,20,~/Nextcloud/Projects/IBM/qft_experiments/analysis_boston_heavy_hex_non_synchronized_layouting_dd_10-02-2026.json.gz
22,Twine Heavy-Hex QFT,0.3095734980392659,ibm_boston,20,20,~/Nextcloud/Projects/IBM/qft_experiments/analysis_boston_heavy_hex_non_synchronized_layouting_dd_10-02-2026.json.gz
22,Twine Heavy-Hex QFT,0.3104296551303303,ibm_boston,20,20,~/Nextcloud/Projects/IBM/qft_experiments/analysis_boston_heavy_hex_non_synchronized_layouting_dd_10-02-2026.json.gz
22,Twine Heavy-Hex QFT,0.31035622171848254,ibm_boston,20,20,~/Nextcloud/Projects/IBM/qft_experiments/analysis_boston_heavy_hex_non_synchronized_layouting_dd_10-02-2026.json.gz
22,Twine Heavy-Hex QFT,0.31483567115428684,ibm_boston,20,20,~/Nextcloud/Projects/IBM/qft_experiments/analysis_boston_heavy_hex_non_synchronized_layouting_dd_10-02-2026.json.gz
22,Twine Heavy-Hex QFT,0.3140766010596143,ibm_boston,20,20,~/Nextcloud/Projects/IBM/qft_experiments/analysis_boston_heavy_hex_non_synchronized_layouting_dd_10-02-2026.json.gz
22,Twine Heavy-Hex QFT,0.3057375587813378,ibm_boston,20,20,~/Nextcloud/Projects/IBM/qft_experiments/analysis_boston_heavy_hex_non_synchronized_layouting_dd_10-02-2026.json.gz
22,Twine Heavy-Hex QFT,0.3144146075182499,ibm_boston,20,20,~/Nextcloud/Projects/IBM/qft_experiments/analysis_boston_heavy_hex_non_synchronized_layouting_dd_10-02-2026.json.gz
22,Twine Heavy-Hex QFT,0.31705287703175045,ibm_boston,20,20,~/Nextcloud/Projects/IBM/qft_experiments/analysis_boston_heavy_hex_non_synchronized_layouting_dd_10-02-2026.json.gz
22,Twine Heavy-Hex QFT,0.31417541823832695,ibm_boston,20,20,~/Nextcloud/Projects/IBM/qft_experiments/analysis_boston_heavy_hex_non_synchronized_layouting_dd_10-02-2026.json.gz
22,Twine Heavy-Hex QFT,0.3131515426400342,ibm_boston,20,20,~/Nextcloud/Projects/IBM/qft_experiments/analysis_boston_heavy_hex_non_synchronized_layouting_dd_10-02-2026.json.gz
22,Twine Heavy-Hex QFT,0.313297977486561,ibm_boston,20,20,~/Nextcloud/Projects/IBM/qft_experiments/analysis_boston_heavy_hex_non_synchronized_layouting_dd_10-02-2026.json.gz
24,Twine Heavy-Hex QFT,0.22874121992759838,ibm_boston,20,20,~/Nextcloud/Projects/IBM/qft_experiments/analysis_boston_heavy_hex_non_synchronized_layouting_dd_10-02-2026.json.gz
24,Twine Heavy-Hex QFT,0.21459426285124153,ibm_boston,20,20,~/Nextcloud/Projects/IBM/qft_experiments/analysis_boston_heavy_hex_non_synchronized_layouting_dd_10-02-2026.json.gz
24,Twine Heavy-Hex QFT,0.23133452791843526,ibm_boston,20,20,~/Nextcloud/Projects/IBM/qft_experiments/analysis_boston_heavy_hex_non_synchronized_layouting_dd_10-02-2026.json.gz
24,Twine Heavy-Hex QFT,0.22506692677532306,ibm_boston,20,20,~/Nextcloud/Projects/IBM/qft_experiments/analysis_boston_heavy_hex_non_synchronized_layouting_dd_10-02-2026.json.gz
24,Twine Heavy-Hex QFT,0.22369604565465534,ibm_boston,20,20,~/Nextcloud/Projects/IBM/qft_experiments/analysis_boston_heavy_hex_non_synchronized_layouting_dd_10-02-2026.json.gz
24,Twine Heavy-Hex QFT,0.2289585793322392,ibm_boston,20,20,~/Nextcloud/Projects/IBM/qft_experiments/analysis_boston_heavy_hex_non_synchronized_layouting_dd_10-02-2026.json.gz
24,Twine Heavy-Hex QFT,0.23258513402017536,ibm_boston,20,20,~/Nextcloud/Projects/IBM/qft_experiments/analysis_boston_heavy_hex_non_synchronized_layouting_dd_10-02-2026.json.gz
24,Twine Heavy-Hex QFT,0.22669155839570967,ibm_boston,20,20,~/Nextcloud/Projects/IBM/qft_experiments/analysis_boston_heavy_hex_non_synchronized_layouting_dd_10-02-2026.json.gz
24,Twine Heavy-Hex QFT,0.22635028433332105,ibm_boston,20,20,~/Nextcloud/Projects/IBM/qft_experiments/analysis_boston_heavy_hex_non_synchronized_layouting_dd_10-02-2026.json.gz
24,Twine Heavy-Hex QFT,0.22985869730303668,ibm_boston,20,20,~/Nextcloud/Projects/IBM/qft_experiments/analysis_boston_heavy_hex_non_synchronized_layouting_dd_10-02-2026.json.gz
24,Twine Heavy-Hex QFT,0.2227531527590998,ibm_boston,20,20,~/Nextcloud/Projects/IBM/qft_experiments/analysis_boston_heavy_hex_non_synchronized_layouting_dd_10-02-2026.json.gz
24,Twine Heavy-Hex QFT,0.22488221338218492,ibm_boston,20,20,~/Nextcloud/Projects/IBM/qft_experiments/analysis_boston_heavy_hex_non_synchronized_layouting_dd_10-02-2026.json.gz
24,Twine Heavy-Hex QFT,0.23190664422864904,ibm_boston,20,20,~/Nextcloud/Projects/IBM/qft_experiments/analysis_boston_heavy_hex_non_synchronized_layouting_dd_10-02-2026.json.gz
24,Twine Heavy-Hex QFT,0.22240714649594537,ibm_boston,20,20,~/Nextcloud/Projects/IBM/qft_experiments/analysis_boston_heavy_hex_non_synchronized_layouting_dd_10-02-2026.json.gz
24,Twine Heavy-Hex QFT,0.2352674379740543,ibm_boston,20,20,~/Nextcloud/Projects/IBM/qft_experiments/analysis_boston_heavy_hex_non_synchronized_layouting_dd_10-02-2026.json.gz
24,Twine Heavy-Hex QFT,0.22534983342941017,ibm_boston,20,20,~/Nextcloud/Projects/IBM/qft_experiments/analysis_boston_heavy_hex_non_synchronized_layouting_dd_10-02-2026.json.gz
24,Twine Heavy-Hex QFT,0.2335008564257677,ibm_boston,20,20,~/Nextcloud/Projects/IBM/qft_experiments/analysis_boston_heavy_hex_non_synchronized_layouting_dd_10-02-2026.json.gz
24,Twine Heavy-Hex QFT,0.22873376821567243,ibm_boston,20,20,~/Nextcloud/Projects/IBM/qft_experiments/analysis_boston_heavy_hex_non_synchronized_layouting_dd_10-02-2026.json.gz
24,Twine Heavy-Hex QFT,0.23018972905994045,ibm_boston,20,20,~/Nextcloud/Projects/IBM/qft_experiments/analysis_boston_heavy_hex_non_synchronized_layouting_dd_10-02-2026.json.gz
24,Twine Heavy-Hex QFT,0.22127974267187978,ibm_boston,20,20,~/Nextcloud/Projects/IBM/qft_experiments/analysis_boston_heavy_hex_non_synchronized_layouting_dd_10-02-2026.json.gz
26,Twine Heavy-Hex QFT,0.12333332462117896,ibm_boston,20,20,~/Nextcloud/Projects/IBM/qft_experiments/analysis_boston_heavy_hex_non_synchronized_layouting_dd_10-02-2026.json.gz
26,Twine Heavy-Hex QFT,0.12377799251116017,ibm_boston,20,20,~/Nextcloud/Projects/IBM/qft_experiments/analysis_boston_heavy_hex_non_synchronized_layouting_dd_10-02-2026.json.gz
26,Twine Heavy-Hex QFT,0.12526607030599757,ibm_boston,20,20,~/Nextcloud/Projects/IBM/qft_experiments/analysis_boston_heavy_hex_non_synchronized_layouting_dd_10-02-2026.json.gz
26,Twine Heavy-Hex QFT,0.1305007399329441,ibm_boston,20,20,~/Nextcloud/Projects/IBM/qft_experiments/analysis_boston_heavy_hex_non_synchronized_layouting_dd_10-02-2026.json.gz
26,Twine Heavy-Hex QFT,0.11928866510804371,ibm_boston,20,20,~/Nextcloud/Projects/IBM/qft_experiments/analysis_boston_heavy_hex_non_synchronized_layouting_dd_10-02-2026.json.gz
26,Twine Heavy-Hex QFT,0.12827512926860413,ibm_boston,20,20,~/Nextcloud/Projects/IBM/qft_experiments/analysis_boston_heavy_hex_non_synchronized_layouting_dd_10-02-2026.json.gz
26,Twine Heavy-Hex QFT,0.12616084176071096,ibm_boston,20,20,~/Nextcloud/Projects/IBM/qft_experiments/analysis_boston_heavy_hex_non_synchronized_layouting_dd_10-02-2026.json.gz
26,Twine Heavy-Hex QFT,0.1251665185466453,ibm_boston,20,20,~/Nextcloud/Projects/IBM/qft_experiments/analysis_boston_heavy_hex_non_synchronized_layouting_dd_10-02-2026.json.gz
26,Twine Heavy-Hex QFT,0.12537968226796187,ibm_boston,20,20,~/Nextcloud/Projects/IBM/qft_experiments/analysis_boston_heavy_hex_non_synchronized_layouting_dd_10-02-2026.json.gz
26,Twine Heavy-Hex QFT,0.12635246028009006,ibm_boston,20,20,~/Nextcloud/Projects/IBM/qft_experiments/analysis_boston_heavy_hex_non_synchronized_layouting_dd_10-02-2026.json.gz
26,Twine Heavy-Hex QFT,0.11835289114494209,ibm_boston,20,20,~/Nextcloud/Projects/IBM/qft_experiments/analysis_boston_heavy_hex_non_synchronized_layouting_dd_10-02-2026.json.gz
26,Twine Heavy-Hex QFT,0.12666985581288745,ibm_boston,20,20,~/Nextcloud/Projects/IBM/qft_experiments/analysis_boston_heavy_hex_non_synchronized_layouting_dd_10-02-2026.json.gz
26,Twine Heavy-Hex QFT,0.12341705374610444,ibm_boston,20,20,~/Nextcloud/Projects/IBM/qft_experiments/analysis_boston_heavy_hex_non_synchronized_layouting_dd_10-02-2026.json.gz
26,Twine Heavy-Hex QFT,0.1262724380650003,ibm_boston,20,20,~/Nextcloud/Projects/IBM/qft_experiments/analysis_boston_heavy_hex_non_synchronized_layouting_dd_10-02-2026.json.gz
26,Twine Heavy-Hex QFT,0.13063929768865476,ibm_boston,20,20,~/Nextcloud/Projects/IBM/qft_experiments/analysis_boston_heavy_hex_non_synchronized_layouting_dd_10-02-2026.json.gz
26,Twine Heavy-Hex QFT,0.1211360477938284,ibm_boston,20,20,~/Nextcloud/Projects/IBM/qft_experiments/analysis_boston_heavy_hex_non_synchronized_layouting_dd_10-02-2026.json.gz
26,Twine Heavy-Hex QFT,0.1206037581028862,ibm_boston,20,20,~/Nextcloud/Projects/IBM/qft_experiments/analysis_boston_heavy_hex_non_synchronized_layouting_dd_10-02-2026.json.gz
26,Twine Heavy-Hex QFT,0.1297235549349253,ibm_boston,20,20,~/Nextcloud/Projects/IBM/qft_experiments/analysis_boston_heavy_hex_non_synchronized_layouting_dd_10-02-2026.json.gz
26,Twine Heavy-Hex QFT,0.12499950977483708,ibm_boston,20,20,~/Nextcloud/Projects/IBM/qft_experiments/analysis_boston_heavy_hex_non_synchronized_layouting_dd_10-02-2026.json.gz
26,Twine Heavy-Hex QFT,0.1252275475503932,ibm_boston,20,20,~/Nextcloud/Projects/IBM/qft_experiments/analysis_boston_heavy_hex_non_synchronized_layouting_dd_10-02-2026.json.gz
28,Twine Heavy-Hex QFT,0.13922185305591617,ibm_boston,20,20,~/Nextcloud/Projects/IBM/qft_experiments/analysis_boston_heavy_hex_non_synchronized_layouting_dd_10-02-2026.json.gz
28,Twine Heavy-Hex QFT,0.13974319504725433,ibm_boston,20,20,~/Nextcloud/Projects/IBM/qft_experiments/analysis_boston_heavy_hex_non_synchronized_layouting_dd_10-02-2026.json.gz
28,Twine Heavy-Hex QFT,0.14120849851036268,ibm_boston,20,20,~/Nextcloud/Projects/IBM/qft_experiments/analysis_boston_heavy_hex_non_synchronized_layouting_dd_10-02-2026.json.gz
28,Twine Heavy-Hex QFT,0.1381848719003664,ibm_boston,20,20,~/Nextcloud/Projects/IBM/qft_experiments/analysis_boston_heavy_hex_non_synchronized_layouting_dd_10-02-2026.json.gz
28,Twine Heavy-Hex QFT,0.1411506655678831,ibm_boston,20,20,~/Nextcloud/Projects/IBM/qft_experiments/analysis_boston_heavy_hex_non_synchronized_layouting_dd_10-02-2026.json.gz
28,Twine Heavy-Hex QFT,0.14226011691188928,ibm_boston,20,20,~/Nextcloud/Projects/IBM/qft_experiments/analysis_boston_heavy_hex_non_synchronized_layouting_dd_10-02-2026.json.gz
28,Twine Heavy-Hex QFT,0.1381682003760608,ibm_boston,20,20,~/Nextcloud/Projects/IBM/qft_experiments/analysis_boston_heavy_hex_non_synchronized_layouting_dd_10-02-2026.json.gz
28,Twine Heavy-Hex QFT,0.14449565180881024,ibm_boston,20,20,~/Nextcloud/Projects/IBM/qft_experiments/analysis_boston_heavy_hex_non_synchronized_layouting_dd_10-02-2026.json.gz
28,Twine Heavy-Hex QFT,0.1423833394658431,ibm_boston,20,20,~/Nextcloud/Projects/IBM/qft_experiments/analysis_boston_heavy_hex_non_synchronized_layouting_dd_10-02-2026.json.gz
28,Twine Heavy-Hex QFT,0.1424197060394179,ibm_boston,20,20,~/Nextcloud/Projects/IBM/qft_experiments/analysis_boston_heavy_hex_non_synchronized_layouting_dd_10-02-2026.json.gz
28,Twine Heavy-Hex QFT,0.1390980535389686,ibm_boston,20,20,~/Nextcloud/Projects/IBM/qft_experiments/analysis_boston_heavy_hex_non_synchronized_layouting_dd_10-02-2026.json.gz
28,Twine Heavy-Hex QFT,0.14063651513700245,ibm_boston,20,20,~/Nextcloud/Projects/IBM/qft_experiments/analysis_boston_heavy_hex_non_synchronized_layouting_dd_10-02-2026.json.gz
28,Twine Heavy-Hex QFT,0.1436440895947382,ibm_boston,20,20,~/Nextcloud/Projects/IBM/qft_experiments/analysis_boston_heavy_hex_non_synchronized_layouting_dd_10-02-2026.json.gz
28,Twine Heavy-Hex QFT,0.14036133848324128,ibm_boston,20,20,~/Nextcloud/Projects/IBM/qft_experiments/analysis_boston_heavy_hex_non_synchronized_layouting_dd_10-02-2026.json.gz
28,Twine Heavy-Hex QFT,0.14565813081303214,ibm_boston,20,20,~/Nextcloud/Projects/IBM/qft_experiments/analysis_boston_heavy_hex_non_synchronized_layouting_dd_10-02-2026.json.gz
28,Twine Heavy-Hex QFT,0.1411957040873597,ibm_boston,20,20,~/Nextcloud/Projects/IBM/qft_experiments/analysis_boston_heavy_hex_non_synchronized_layouting_dd_10-02-2026.json.gz
28,Twine Heavy-Hex QFT,0.1435626980152528,ibm_boston,20,20,~/Nextcloud/Projects/IBM/qft_experiments/analysis_boston_heavy_hex_non_synchronized_layouting_dd_10-02-2026.json.gz
28,Twine Heavy-Hex QFT,0.14044505353817704,ibm_boston,20,20,~/Nextcloud/Projects/IBM/qft_experiments/analysis_boston_heavy_hex_non_synchronized_layouting_dd_10-02-2026.json.gz
28,Twine Heavy-Hex QFT,0.14324452972125098,ibm_boston,20,20,~/Nextcloud/Projects/IBM/qft_experiments/analysis_boston_heavy_hex_non_synchronized_layouting_dd_10-02-2026.json.gz
28,Twine Heavy-Hex QFT,0.1446171576612332,ibm_boston,20,20,~/Nextcloud/Projects/IBM/qft_experiments/analysis_boston_heavy_hex_non_synchronized_layouting_dd_10-02-2026.json.gz
30,Twine Heavy-Hex QFT,0.10629702157981921,ibm_boston,20,20,~/Nextcloud/Projects/IBM/qft_experiments/analysis_boston_heavy_hex_non_synchronized_layouting_dd_10-02-2026.json.gz
30,Twine Heavy-Hex QFT,0.10682672627802724,ibm_boston,20,20,~/Nextcloud/Projects/IBM/qft_experiments/analysis_boston_heavy_hex_non_synchronized_layouting_dd_10-02-2026.json.gz
30,Twine Heavy-Hex QFT,0.10490161557792115,ibm_boston,20,20,~/Nextcloud/Projects/IBM/qft_experiments/analysis_boston_heavy_hex_non_synchronized_layouting_dd_10-02-2026.json.gz
30,Twine Heavy-Hex QFT,0.11212475698130744,ibm_boston,20,20,~/Nextcloud/Projects/IBM/qft_experiments/analysis_boston_heavy_hex_non_synchronized_layouting_dd_10-02-2026.json.gz
30,Twine Heavy-Hex QFT,0.1042072532281014,ibm_boston,20,20,~/Nextcloud/Projects/IBM/qft_experiments/analysis_boston_heavy_hex_non_synchronized_layouting_dd_10-02-2026.json.gz
30,Twine Heavy-Hex QFT,0.10811677878438995,ibm_boston,20,20,~/Nextcloud/Projects/IBM/qft_experiments/analysis_boston_heavy_hex_non_synchronized_layouting_dd_10-02-2026.json.gz
30,Twine Heavy-Hex QFT,0.10139890993590019,ibm_boston,20,20,~/Nextcloud/Projects/IBM/qft_experiments/analysis_boston_heavy_hex_non_synchronized_layouting_dd_10-02-2026.json.gz
30,Twine Heavy-Hex QFT,0.10350779386850381,ibm_boston,20,20,~/Nextcloud/Projects/IBM/qft_experiments/analysis_boston_heavy_hex_non_synchronized_layouting_dd_10-02-2026.json.gz
30,Twine Heavy-Hex QFT,0.101780286449675,ibm_boston,20,20,~/Nextcloud/Projects/IBM/qft_experiments/analysis_boston_heavy_hex_non_synchronized_layouting_dd_10-02-2026.json.gz
30,Twine Heavy-Hex QFT,0.10369784235720508,ibm_boston,20,20,~/Nextcloud/Projects/IBM/qft_experiments/analysis_boston_heavy_hex_non_synchronized_layouting_dd_10-02-2026.json.gz
30,Twine Heavy-Hex QFT,0.102653446902655,ibm_boston,20,20,~/Nextcloud/Projects/IBM/qft_experiments/analysis_boston_heavy_hex_non_synchronized_layouting_dd_10-02-2026.json.gz
30,Twine Heavy-Hex QFT,0.10492371819712319,ibm_boston,20,20,~/Nextcloud/Projects/IBM/qft_experiments/analysis_boston_heavy_hex_non_synchronized_layouting_dd_10-02-2026.json.gz
30,Twine Heavy-Hex QFT,0.10670532124058545,ibm_boston,20,20,~/Nextcloud/Projects/IBM/qft_experiments/analysis_boston_heavy_hex_non_synchronized_layouting_dd_10-02-2026.json.gz
30,Twine Heavy-Hex QFT,0.1072255589586465,ibm_boston,20,20,~/Nextcloud/Projects/IBM/qft_experiments/analysis_boston_heavy_hex_non_synchronized_layouting_dd_10-02-2026.json.gz
30,Twine Heavy-Hex QFT,0.10861828598906612,ibm_boston,20,20,~/Nextcloud/Projects/IBM/qft_experiments/analysis_boston_heavy_hex_non_synchronized_layouting_dd_10-02-2026.json.gz
30,Twine Heavy-Hex QFT,0.10102809155072309,ibm_boston,20,20,~/Nextcloud/Projects/IBM/qft_experiments/analysis_boston_heavy_hex_non_synchronized_layouting_dd_10-02-2026.json.gz
30,Twine Heavy-Hex QFT,0.11062508036628993,ibm_boston,20,20,~/Nextcloud/Projects/IBM/qft_experiments/analysis_boston_heavy_hex_non_synchronized_layouting_dd_10-02-2026.json.gz
30,Twine Heavy-Hex QFT,0.10597406481461773,ibm_boston,20,20,~/Nextcloud/Projects/IBM/qft_experiments/analysis_boston_heavy_hex_non_synchronized_layouting_dd_10-02-2026.json.gz
30,Twine Heavy-Hex QFT,0.10468188901702571,ibm_boston,20,20,~/Nextcloud/Projects/IBM/qft_experiments/analysis_boston_heavy_hex_non_synchronized_layouting_dd_10-02-2026.json.gz
30,Twine Heavy-Hex QFT,0.10963308123081188,ibm_boston,20,20,~/Nextcloud/Projects/IBM/qft_experiments/analysis_boston_heavy_hex_non_synchronized_layouting_dd_10-02-2026.json.gz
32,Twine Heavy-Hex QFT,0.08723192116199187,ibm_boston,20,20,~/Nextcloud/Projects/IBM/qft_experiments/analysis_boston_heavy_hex_non_synchronized_layouting_dd_10-02-2026.json.gz
32,Twine Heavy-Hex QFT,0.08695357533426394,ibm_boston,20,20,~/Nextcloud/Projects/IBM/qft_experiments/analysis_boston_heavy_hex_non_synchronized_layouting_dd_10-02-2026.json.gz
32,Twine Heavy-Hex QFT,0.08549196219409938,ibm_boston,20,20,~/Nextcloud/Projects/IBM/qft_experiments/analysis_boston_heavy_hex_non_synchronized_layouting_dd_10-02-2026.json.gz
32,Twine Heavy-Hex QFT,0.08571438536219873,ibm_boston,20,20,~/Nextcloud/Projects/IBM/qft_experiments/analysis_boston_heavy_hex_non_synchronized_layouting_dd_10-02-2026.json.gz
32,Twine Heavy-Hex QFT,0.08723501506728613,ibm_boston,20,20,~/Nextcloud/Projects/IBM/qft_experiments/analysis_boston_heavy_hex_non_synchronized_layouting_dd_10-02-2026.json.gz
32,Twine Heavy-Hex QFT,0.08575097335158935,ibm_boston,20,20,~/Nextcloud/Projects/IBM/qft_experiments/analysis_boston_heavy_hex_non_synchronized_layouting_dd_10-02-2026.json.gz
32,Twine Heavy-Hex QFT,0.0891205949208878,ibm_boston,20,20,~/Nextcloud/Projects/IBM/qft_experiments/analysis_boston_heavy_hex_non_synchronized_layouting_dd_10-02-2026.json.gz
32,Twine Heavy-Hex QFT,0.09115496100504314,ibm_boston,20,20,~/Nextcloud/Projects/IBM/qft_experiments/analysis_boston_heavy_hex_non_synchronized_layouting_dd_10-02-2026.json.gz
32,Twine Heavy-Hex QFT,0.08848599344440786,ibm_boston,20,20,~/Nextcloud/Projects/IBM/qft_experiments/analysis_boston_heavy_hex_non_synchronized_layouting_dd_10-02-2026.json.gz
32,Twine Heavy-Hex QFT,0.08762914798820388,ibm_boston,20,20,~/Nextcloud/Projects/IBM/qft_experiments/analysis_boston_heavy_hex_non_synchronized_layouting_dd_10-02-2026.json.gz
32,Twine Heavy-Hex QFT,0.08753534922260078,ibm_boston,20,20,~/Nextcloud/Projects/IBM/qft_experiments/analysis_boston_heavy_hex_non_synchronized_layouting_dd_10-02-2026.json.gz
32,Twine Heavy-Hex QFT,0.08779205089105668,ibm_boston,20,20,~/Nextcloud/Projects/IBM/qft_experiments/analysis_boston_heavy_hex_non_synchronized_layouting_dd_10-02-2026.json.gz
32,Twine Heavy-Hex QFT,0.08700774328453637,ibm_boston,20,20,~/Nextcloud/Projects/IBM/qft_experiments/analysis_boston_heavy_hex_non_synchronized_layouting_dd_10-02-2026.json.gz
32,Twine Heavy-Hex QFT,0.08634918905474501,ibm_boston,20,20,~/Nextcloud/Projects/IBM/qft_experiments/analysis_boston_heavy_hex_non_synchronized_layouting_dd_10-02-2026.json.gz
32,Twine Heavy-Hex QFT,0.086202086952479,ibm_boston,20,20,~/Nextcloud/Projects/IBM/qft_experiments/analysis_boston_heavy_hex_non_synchronized_layouting_dd_10-02-2026.json.gz
32,Twine Heavy-Hex QFT,0.08864755522836824,ibm_boston,20,20,~/Nextcloud/Projects/IBM/qft_experiments/analysis_boston_heavy_hex_non_synchronized_layouting_dd_10-02-2026.json.gz
32,Twine Heavy-Hex QFT,0.0884362858164195,ibm_boston,20,20,~/Nextcloud/Projects/IBM/qft_experiments/analysis_boston_heavy_hex_non_synchronized_layouting_dd_10-02-2026.json.gz
32,Twine Heavy-Hex QFT,0.08784222539413596,ibm_boston,20,20,~/Nextcloud/Projects/IBM/qft_experiments/analysis_boston_heavy_hex_non_synchronized_layouting_dd_10-02-2026.json.gz
32,Twine Heavy-Hex QFT,0.0867930695000592,ibm_boston,20,20,~/Nextcloud/Projects/IBM/qft_experiments/analysis_boston_heavy_hex_non_synchronized_layouting_dd_10-02-2026.json.gz
32,Twine Heavy-Hex QFT,0.08618872405942621,ibm_boston,20,20,~/Nextcloud/Projects/IBM/qft_experiments/analysis_boston_heavy_hex_non_synchronized_layouting_dd_10-02-2026.json.gz
34,Twine Heavy-Hex QFT,0.06296171974087335,ibm_boston,20,20,~/Nextcloud/Projects/IBM/qft_experiments/analysis_boston_heavy_hex_non_synchronized_layouting_dd_10-02-2026.json.gz
34,Twine Heavy-Hex QFT,0.06667467493984382,ibm_boston,20,20,~/Nextcloud/Projects/IBM/qft_experiments/analysis_boston_heavy_hex_non_synchronized_layouting_dd_10-02-2026.json.gz
34,Twine Heavy-Hex QFT,0.06974129048026062,ibm_boston,20,20,~/Nextcloud/Projects/IBM/qft_experiments/analysis_boston_heavy_hex_non_synchronized_layouting_dd_10-02-2026.json.gz
34,Twine Heavy-Hex QFT,0.06248415294025634,ibm_boston,20,20,~/Nextcloud/Projects/IBM/qft_experiments/analysis_boston_heavy_hex_non_synchronized_layouting_dd_10-02-2026.json.gz
34,Twine Heavy-Hex QFT,0.06535706442137808,ibm_boston,20,20,~/Nextcloud/Projects/IBM/qft_experiments/analysis_boston_heavy_hex_non_synchronized_layouting_dd_10-02-2026.json.gz
34,Twine Heavy-Hex QFT,0.06473152093894186,ibm_boston,20,20,~/Nextcloud/Projects/IBM/qft_experiments/analysis_boston_heavy_hex_non_synchronized_layouting_dd_10-02-2026.json.gz
34,Twine Heavy-Hex QFT,0.06579173298221026,ibm_boston,20,20,~/Nextcloud/Projects/IBM/qft_experiments/analysis_boston_heavy_hex_non_synchronized_layouting_dd_10-02-2026.json.gz
34,Twine Heavy-Hex QFT,0.06663701816185112,ibm_boston,20,20,~/Nextcloud/Projects/IBM/qft_experiments/analysis_boston_heavy_hex_non_synchronized_layouting_dd_10-02-2026.json.gz
34,Twine Heavy-Hex QFT,0.06473010672583819,ibm_boston,20,20,~/Nextcloud/Projects/IBM/qft_experiments/analysis_boston_heavy_hex_non_synchronized_layouting_dd_10-02-2026.json.gz
34,Twine Heavy-Hex QFT,0.06515204728447617,ibm_boston,20,20,~/Nextcloud/Projects/IBM/qft_experiments/analysis_boston_heavy_hex_non_synchronized_layouting_dd_10-02-2026.json.gz
34,Twine Heavy-Hex QFT,0.06799364455225085,ibm_boston,20,20,~/Nextcloud/Projects/IBM/qft_experiments/analysis_boston_heavy_hex_non_synchronized_layouting_dd_10-02-2026.json.gz
34,Twine Heavy-Hex QFT,0.06525243657945166,ibm_boston,20,20,~/Nextcloud/Projects/IBM/qft_experiments/analysis_boston_heavy_hex_non_synchronized_layouting_dd_10-02-2026.json.gz
34,Twine Heavy-Hex QFT,0.06079324607668371,ibm_boston,20,20,~/Nextcloud/Projects/IBM/qft_experiments/analysis_boston_heavy_hex_non_synchronized_layouting_dd_10-02-2026.json.gz
34,Twine Heavy-Hex QFT,0.06713399801689264,ibm_boston,20,20,~/Nextcloud/Projects/IBM/qft_experiments/analysis_boston_heavy_hex_non_synchronized_layouting_dd_10-02-2026.json.gz
34,Twine Heavy-Hex QFT,0.06530035913324476,ibm_boston,20,20,~/Nextcloud/Projects/IBM/qft_experiments/analysis_boston_heavy_hex_non_synchronized_layouting_dd_10-02-2026.json.gz
34,Twine Heavy-Hex QFT,0.06711571439025336,ibm_boston,20,20,~/Nextcloud/Projects/IBM/qft_experiments/analysis_boston_heavy_hex_non_synchronized_layouting_dd_10-02-2026.json.gz
34,Twine Heavy-Hex QFT,0.06379045715580456,ibm_boston,20,20,~/Nextcloud/Projects/IBM/qft_experiments/analysis_boston_heavy_hex_non_synchronized_layouting_dd_10-02-2026.json.gz
34,Twine Heavy-Hex QFT,0.06671410871802794,ibm_boston,20,20,~/Nextcloud/Projects/IBM/qft_experiments/analysis_boston_heavy_hex_non_synchronized_layouting_dd_10-02-2026.json.gz
34,Twine Heavy-Hex QFT,0.06091946971672455,ibm_boston,20,20,~/Nextcloud/Projects/IBM/qft_experiments/analysis_boston_heavy_hex_non_synchronized_layouting_dd_10-02-2026.json.gz
34,Twine Heavy-Hex QFT,0.06336888653182925,ibm_boston,20,20,~/Nextcloud/Projects/IBM/qft_experiments/analysis_boston_heavy_hex_non_synchronized_layouting_dd_10-02-2026.json.gz
36,Twine Heavy-Hex QFT,0.051548419106775864,ibm_boston,20,20,~/Nextcloud/Projects/IBM/qft_experiments/analysis_boston_heavy_hex_non_synchronized_layouting_dd_10-02-2026.json.gz
36,Twine Heavy-Hex QFT,0.05336896861260295,ibm_boston,20,20,~/Nextcloud/Projects/IBM/qft_experiments/analysis_boston_heavy_hex_non_synchronized_layouting_dd_10-02-2026.json.gz
36,Twine Heavy-Hex QFT,0.05325522243763919,ibm_boston,20,20,~/Nextcloud/Projects/IBM/qft_experiments/analysis_boston_heavy_hex_non_synchronized_layouting_dd_10-02-2026.json.gz
36,Twine Heavy-Hex QFT,0.04967120950622424,ibm_boston,20,20,~/Nextcloud/Projects/IBM/qft_experiments/analysis_boston_heavy_hex_non_synchronized_layouting_dd_10-02-2026.json.gz
36,Twine Heavy-Hex QFT,0.05286176918425843,ibm_boston,20,20,~/Nextcloud/Projects/IBM/qft_experiments/analysis_boston_heavy_hex_non_synchronized_layouting_dd_10-02-2026.json.gz
36,Twine Heavy-Hex QFT,0.05161910452323458,ibm_boston,20,20,~/Nextcloud/Projects/IBM/qft_experiments/analysis_boston_heavy_hex_non_synchronized_layouting_dd_10-02-2026.json.gz
36,Twine Heavy-Hex QFT,0.05215909156850543,ibm_boston,20,20,~/Nextcloud/Projects/IBM/qft_experiments/analysis_boston_heavy_hex_non_synchronized_layouting_dd_10-02-2026.json.gz
36,Twine Heavy-Hex QFT,0.05290852071982254,ibm_boston,20,20,~/Nextcloud/Projects/IBM/qft_experiments/analysis_boston_heavy_hex_non_synchronized_layouting_dd_10-02-2026.json.gz
36,Twine Heavy-Hex QFT,0.050758617780614204,ibm_boston,20,20,~/Nextcloud/Projects/IBM/qft_experiments/analysis_boston_heavy_hex_non_synchronized_layouting_dd_10-02-2026.json.gz
36,Twine Heavy-Hex QFT,0.05117257626177797,ibm_boston,20,20,~/Nextcloud/Projects/IBM/qft_experiments/analysis_boston_heavy_hex_non_synchronized_layouting_dd_10-02-2026.json.gz
36,Twine Heavy-Hex QFT,0.05153778619107178,ibm_boston,20,20,~/Nextcloud/Projects/IBM/qft_experiments/analysis_boston_heavy_hex_non_synchronized_layouting_dd_10-02-2026.json.gz
36,Twine Heavy-Hex QFT,0.053132289498471104,ibm_boston,20,20,~/Nextcloud/Projects/IBM/qft_experiments/analysis_boston_heavy_hex_non_synchronized_layouting_dd_10-02-2026.json.gz
36,Twine Heavy-Hex QFT,0.053923708287908295,ibm_boston,20,20,~/Nextcloud/Projects/IBM/qft_experiments/analysis_boston_heavy_hex_non_synchronized_layouting_dd_10-02-2026.json.gz
36,Twine Heavy-Hex QFT,0.052491939609371,ibm_boston,20,20,~/Nextcloud/Projects/IBM/qft_experiments/analysis_boston_heavy_hex_non_synchronized_layouting_dd_10-02-2026.json.gz
36,Twine Heavy-Hex QFT,0.052762051164113796,ibm_boston,20,20,~/Nextcloud/Projects/IBM/qft_experiments/analysis_boston_heavy_hex_non_synchronized_layouting_dd_10-02-2026.json.gz
36,Twine Heavy-Hex QFT,0.05334150785621195,ibm_boston,20,20,~/Nextcloud/Projects/IBM/qft_experiments/analysis_boston_heavy_hex_non_synchronized_layouting_dd_10-02-2026.json.gz
36,Twine Heavy-Hex QFT,0.051703116342865674,ibm_boston,20,20,~/Nextcloud/Projects/IBM/qft_experiments/analysis_boston_heavy_hex_non_synchronized_layouting_dd_10-02-2026.json.gz
36,Twine Heavy-Hex QFT,0.049413059594896266,ibm_boston,20,20,~/Nextcloud/Projects/IBM/qft_experiments/analysis_boston_heavy_hex_non_synchronized_layouting_dd_10-02-2026.json.gz
36,Twine Heavy-Hex QFT,0.05068703832529686,ibm_boston,20,20,~/Nextcloud/Projects/IBM/qft_experiments/analysis_boston_heavy_hex_non_synchronized_layouting_dd_10-02-2026.json.gz
36,Twine Heavy-Hex QFT,0.047755993421261404,ibm_boston,20,20,~/Nextcloud/Projects/IBM/qft_experiments/analysis_boston_heavy_hex_non_synchronized_layouting_dd_10-02-2026.json.gz
38,Twine Heavy-Hex QFT,0.0343888241430793,ibm_boston,20,20,~/Nextcloud/Projects/IBM/qft_experiments/analysis_boston_heavy_hex_non_synchronized_layouting_dd_10-02-2026.json.gz
38,Twine Heavy-Hex QFT,0.03508962041550907,ibm_boston,20,20,~/Nextcloud/Projects/IBM/qft_experiments/analysis_boston_heavy_hex_non_synchronized_layouting_dd_10-02-2026.json.gz
38,Twine Heavy-Hex QFT,0.03396068939229167,ibm_boston,20,20,~/Nextcloud/Projects/IBM/qft_experiments/analysis_boston_heavy_hex_non_synchronized_layouting_dd_10-02-2026.json.gz
38,Twine Heavy-Hex QFT,0.03336210463718179,ibm_boston,20,20,~/Nextcloud/Projects/IBM/qft_experiments/analysis_boston_heavy_hex_non_synchronized_layouting_dd_10-02-2026.json.gz
38,Twine Heavy-Hex QFT,0.03285771844719882,ibm_boston,20,20,~/Nextcloud/Projects/IBM/qft_experiments/analysis_boston_heavy_hex_non_synchronized_layouting_dd_10-02-2026.json.gz
38,Twine Heavy-Hex QFT,0.03411874260667825,ibm_boston,20,20,~/Nextcloud/Projects/IBM/qft_experiments/analysis_boston_heavy_hex_non_synchronized_layouting_dd_10-02-2026.json.gz
38,Twine Heavy-Hex QFT,0.03308720240492359,ibm_boston,20,20,~/Nextcloud/Projects/IBM/qft_experiments/analysis_boston_heavy_hex_non_synchronized_layouting_dd_10-02-2026.json.gz
38,Twine Heavy-Hex QFT,0.03218419036845508,ibm_boston,20,20,~/Nextcloud/Projects/IBM/qft_experiments/analysis_boston_heavy_hex_non_synchronized_layouting_dd_10-02-2026.json.gz
38,Twine Heavy-Hex QFT,0.03245256830656092,ibm_boston,20,20,~/Nextcloud/Projects/IBM/qft_experiments/analysis_boston_heavy_hex_non_synchronized_layouting_dd_10-02-2026.json.gz
38,Twine Heavy-Hex QFT,0.03466123401054563,ibm_boston,20,20,~/Nextcloud/Projects/IBM/qft_experiments/analysis_boston_heavy_hex_non_synchronized_layouting_dd_10-02-2026.json.gz
38,Twine Heavy-Hex QFT,0.03330587630167341,ibm_boston,20,20,~/Nextcloud/Projects/IBM/qft_experiments/analysis_boston_heavy_hex_non_synchronized_layouting_dd_10-02-2026.json.gz
38,Twine Heavy-Hex QFT,0.032963236863697266,ibm_boston,20,20,~/Nextcloud/Projects/IBM/qft_experiments/analysis_boston_heavy_hex_non_synchronized_layouting_dd_10-02-2026.json.gz
38,Twine Heavy-Hex QFT,0.03513307399490913,ibm_boston,20,20,~/Nextcloud/Projects/IBM/qft_experiments/analysis_boston_heavy_hex_non_synchronized_layouting_dd_10-02-2026.json.gz
38,Twine Heavy-Hex QFT,0.032876875921051214,ibm_boston,20,20,~/Nextcloud/Projects/IBM/qft_experiments/analysis_boston_heavy_hex_non_synchronized_layouting_dd_10-02-2026.json.gz
38,Twine Heavy-Hex QFT,0.03272244743544113,ibm_boston,20,20,~/Nextcloud/Projects/IBM/qft_experiments/analysis_boston_heavy_hex_non_synchronized_layouting_dd_10-02-2026.json.gz
38,Twine Heavy-Hex QFT,0.03195936465416407,ibm_boston,20,20,~/Nextcloud/Projects/IBM/qft_experiments/analysis_boston_heavy_hex_non_synchronized_layouting_dd_10-02-2026.json.gz
38,Twine Heavy-Hex QFT,0.034245703967503614,ibm_boston,20,20,~/Nextcloud/Projects/IBM/qft_experiments/analysis_boston_heavy_hex_non_synchronized_layouting_dd_10-02-2026.json.gz
38,Twine Heavy-Hex QFT,0.0328514297261685,ibm_boston,20,20,~/Nextcloud/Projects/IBM/qft_experiments/analysis_boston_heavy_hex_non_synchronized_layouting_dd_10-02-2026.json.gz
38,Twine Heavy-Hex QFT,0.0337535167712897,ibm_boston,20,20,~/Nextcloud/Projects/IBM/qft_experiments/analysis_boston_heavy_hex_non_synchronized_layouting_dd_10-02-2026.json.gz
38,Twine Heavy-Hex QFT,0.036210850314734006,ibm_boston,20,20,~/Nextcloud/Projects/IBM/qft_experiments/analysis_boston_heavy_hex_non_synchronized_layouting_dd_10-02-2026.json.gz
40,Twine Heavy-Hex QFT,0.025076686672623343,ibm_boston,20,20,~/Nextcloud/Projects/IBM/qft_experiments/analysis_boston_heavy_hex_non_synchronized_layouting_dd_10-02-2026.json.gz
40,Twine Heavy-Hex QFT,0.024824276123995376,ibm_boston,20,20,~/Nextcloud/Projects/IBM/qft_experiments/analysis_boston_heavy_hex_non_synchronized_layouting_dd_10-02-2026.json.gz
40,Twine Heavy-Hex QFT,0.02572098364434618,ibm_boston,20,20,~/Nextcloud/Projects/IBM/qft_experiments/analysis_boston_heavy_hex_non_synchronized_layouting_dd_10-02-2026.json.gz
40,Twine Heavy-Hex QFT,0.023026645905038765,ibm_boston,20,20,~/Nextcloud/Projects/IBM/qft_experiments/analysis_boston_heavy_hex_non_synchronized_layouting_dd_10-02-2026.json.gz
40,Twine Heavy-Hex QFT,0.0228168245346018,ibm_boston,20,20,~/Nextcloud/Projects/IBM/qft_experiments/analysis_boston_heavy_hex_non_synchronized_layouting_dd_10-02-2026.json.gz
40,Twine Heavy-Hex QFT,0.025729304030080603,ibm_boston,20,20,~/Nextcloud/Projects/IBM/qft_experiments/analysis_boston_heavy_hex_non_synchronized_layouting_dd_10-02-2026.json.gz
40,Twine Heavy-Hex QFT,0.024497855317198215,ibm_boston,20,20,~/Nextcloud/Projects/IBM/qft_experiments/analysis_boston_heavy_hex_non_synchronized_layouting_dd_10-02-2026.json.gz
40,Twine Heavy-Hex QFT,0.0258170637892906,ibm_boston,20,20,~/Nextcloud/Projects/IBM/qft_experiments/analysis_boston_heavy_hex_non_synchronized_layouting_dd_10-02-2026.json.gz
40,Twine Heavy-Hex QFT,0.024220943328057097,ibm_boston,20,20,~/Nextcloud/Projects/IBM/qft_experiments/analysis_boston_heavy_hex_non_synchronized_layouting_dd_10-02-2026.json.gz
40,Twine Heavy-Hex QFT,0.02578129370525245,ibm_boston,20,20,~/Nextcloud/Projects/IBM/qft_experiments/analysis_boston_heavy_hex_non_synchronized_layouting_dd_10-02-2026.json.gz
40,Twine Heavy-Hex QFT,0.027315172180370446,ibm_boston,20,20,~/Nextcloud/Projects/IBM/qft_experiments/analysis_boston_heavy_hex_non_synchronized_layouting_dd_10-02-2026.json.gz
40,Twine Heavy-Hex QFT,0.02594526293505949,ibm_boston,20,20,~/Nextcloud/Projects/IBM/qft_experiments/analysis_boston_heavy_hex_non_synchronized_layouting_dd_10-02-2026.json.gz
40,Twine Heavy-Hex QFT,0.02339304710889592,ibm_boston,20,20,~/Nextcloud/Projects/IBM/qft_experiments/analysis_boston_heavy_hex_non_synchronized_layouting_dd_10-02-2026.json.gz
40,Twine Heavy-Hex QFT,0.024081935098381028,ibm_boston,20,20,~/Nextcloud/Projects/IBM/qft_experiments/analysis_boston_heavy_hex_non_synchronized_layouting_dd_10-02-2026.json.gz
40,Twine Heavy-Hex QFT,0.024967109466225403,ibm_boston,20,20,~/Nextcloud/Projects/IBM/qft_experiments/analysis_boston_heavy_hex_non_synchronized_layouting_dd_10-02-2026.json.gz
40,Twine Heavy-Hex QFT,0.025812459965401484,ibm_boston,20,20,~/Nextcloud/Projects/IBM/qft_experiments/analysis_boston_heavy_hex_non_synchronized_layouting_dd_10-02-2026.json.gz
40,Twine Heavy-Hex QFT,0.026068206021134306,ibm_boston,20,20,~/Nextcloud/Projects/IBM/qft_experiments/analysis_boston_heavy_hex_non_synchronized_layouting_dd_10-02-2026.json.gz
40,Twine Heavy-Hex QFT,0.024490865032259203,ibm_boston,20,20,~/Nextcloud/Projects/IBM/qft_experiments/analysis_boston_heavy_hex_non_synchronized_layouting_dd_10-02-2026.json.gz
40,Twine Heavy-Hex QFT,0.023993917470360494,ibm_boston,20,20,~/Nextcloud/Projects/IBM/qft_experiments/analysis_boston_heavy_hex_non_synchronized_layouting_dd_10-02-2026.json.gz
40,Twine Heavy-Hex QFT,0.02588481984257296,ibm_boston,20,20,~/Nextcloud/Projects/IBM/qft_experiments/analysis_boston_heavy_hex_non_synchronized_layouting_dd_10-02-2026.json.gz
42,Twine Heavy-Hex QFT,0.017110389254971357,ibm_boston,20,20,~/Nextcloud/Projects/IBM/qft_experiments/analysis_boston_heavy_hex_non_synchronized_layouting_dd_10-02-2026.json.gz
42,Twine Heavy-Hex QFT,0.01650179532667873,ibm_boston,20,20,~/Nextcloud/Projects/IBM/qft_experiments/analysis_boston_heavy_hex_non_synchronized_layouting_dd_10-02-2026.json.gz
42,Twine Heavy-Hex QFT,0.0168661507595796,ibm_boston,20,20,~/Nextcloud/Projects/IBM/qft_experiments/analysis_boston_heavy_hex_non_synchronized_layouting_dd_10-02-2026.json.gz
42,Twine Heavy-Hex QFT,0.01636337446881742,ibm_boston,20,20,~/Nextcloud/Projects/IBM/qft_experiments/analysis_boston_heavy_hex_non_synchronized_layouting_dd_10-02-2026.json.gz
42,Twine Heavy-Hex QFT,0.016525119713992908,ibm_boston,20,20,~/Nextcloud/Projects/IBM/qft_experiments/analysis_boston_heavy_hex_non_synchronized_layouting_dd_10-02-2026.json.gz
42,Twine Heavy-Hex QFT,0.016789322428264294,ibm_boston,20,20,~/Nextcloud/Projects/IBM/qft_experiments/analysis_boston_heavy_hex_non_synchronized_layouting_dd_10-02-2026.json.gz
42,Twine Heavy-Hex QFT,0.017187754202650386,ibm_boston,20,20,~/Nextcloud/Projects/IBM/qft_experiments/analysis_boston_heavy_hex_non_synchronized_layouting_dd_10-02-2026.json.gz
42,Twine Heavy-Hex QFT,0.017261332905953407,ibm_boston,20,20,~/Nextcloud/Projects/IBM/qft_experiments/analysis_boston_heavy_hex_non_synchronized_layouting_dd_10-02-2026.json.gz
42,Twine Heavy-Hex QFT,0.016801698189790302,ibm_boston,20,20,~/Nextcloud/Projects/IBM/qft_experiments/analysis_boston_heavy_hex_non_synchronized_layouting_dd_10-02-2026.json.gz
42,Twine Heavy-Hex QFT,0.01763759690579902,ibm_boston,20,20,~/Nextcloud/Projects/IBM/qft_experiments/analysis_boston_heavy_hex_non_synchronized_layouting_dd_10-02-2026.json.gz
42,Twine Heavy-Hex QFT,0.019202369078254757,ibm_boston,20,20,~/Nextcloud/Projects/IBM/qft_experiments/analysis_boston_heavy_hex_non_synchronized_layouting_dd_10-02-2026.json.gz
42,Twine Heavy-Hex QFT,0.01655679448434979,ibm_boston,20,20,~/Nextcloud/Projects/IBM/qft_experiments/analysis_boston_heavy_hex_non_synchronized_layouting_dd_10-02-2026.json.gz
42,Twine Heavy-Hex QFT,0.016505262882380776,ibm_boston,20,20,~/Nextcloud/Projects/IBM/qft_experiments/analysis_boston_heavy_hex_non_synchronized_layouting_dd_10-02-2026.json.gz
42,Twine Heavy-Hex QFT,0.016709181715849453,ibm_boston,20,20,~/Nextcloud/Projects/IBM/qft_experiments/analysis_boston_heavy_hex_non_synchronized_layouting_dd_10-02-2026.json.gz
42,Twine Heavy-Hex QFT,0.01755426094436107,ibm_boston,20,20,~/Nextcloud/Projects/IBM/qft_experiments/analysis_boston_heavy_hex_non_synchronized_layouting_dd_10-02-2026.json.gz
42,Twine Heavy-Hex QFT,0.015863950578560583,ibm_boston,20,20,~/Nextcloud/Projects/IBM/qft_experiments/analysis_boston_heavy_hex_non_synchronized_layouting_dd_10-02-2026.json.gz
42,Twine Heavy-Hex QFT,0.015527170066889914,ibm_boston,20,20,~/Nextcloud/Projects/IBM/qft_experiments/analysis_boston_heavy_hex_non_synchronized_layouting_dd_10-02-2026.json.gz
42,Twine Heavy-Hex QFT,0.017010734853616177,ibm_boston,20,20,~/Nextcloud/Projects/IBM/qft_experiments/analysis_boston_heavy_hex_non_synchronized_layouting_dd_10-02-2026.json.gz
42,Twine Heavy-Hex QFT,0.01852814964299246,ibm_boston,20,20,~/Nextcloud/Projects/IBM/qft_experiments/analysis_boston_heavy_hex_non_synchronized_layouting_dd_10-02-2026.json.gz
42,Twine Heavy-Hex QFT,0.016827883644159207,ibm_boston,20,20,~/Nextcloud/Projects/IBM/qft_experiments/analysis_boston_heavy_hex_non_synchronized_layouting_dd_10-02-2026.json.gz
44,Twine Heavy-Hex QFT,0.012715846542520769,ibm_boston,20,20,~/Nextcloud/Projects/IBM/qft_experiments/analysis_boston_heavy_hex_non_synchronized_layouting_dd_10-02-2026.json.gz
44,Twine Heavy-Hex QFT,0.013390627807774681,ibm_boston,20,20,~/Nextcloud/Projects/IBM/qft_experiments/analysis_boston_heavy_hex_non_synchronized_layouting_dd_10-02-2026.json.gz
44,Twine Heavy-Hex QFT,0.01381717672894777,ibm_boston,20,20,~/Nextcloud/Projects/IBM/qft_experiments/analysis_boston_heavy_hex_non_synchronized_layouting_dd_10-02-2026.json.gz
44,Twine Heavy-Hex QFT,0.014242723254489173,ibm_boston,20,20,~/Nextcloud/Projects/IBM/qft_experiments/analysis_boston_heavy_hex_non_synchronized_layouting_dd_10-02-2026.json.gz
44,Twine Heavy-Hex QFT,0.014119448623581091,ibm_boston,20,20,~/Nextcloud/Projects/IBM/qft_experiments/analysis_boston_heavy_hex_non_synchronized_layouting_dd_10-02-2026.json.gz
44,Twine Heavy-Hex QFT,0.014188942227986955,ibm_boston,20,20,~/Nextcloud/Projects/IBM/qft_experiments/analysis_boston_heavy_hex_non_synchronized_layouting_dd_10-02-2026.json.gz
44,Twine Heavy-Hex QFT,0.013047964722857795,ibm_boston,20,20,~/Nextcloud/Projects/IBM/qft_experiments/analysis_boston_heavy_hex_non_synchronized_layouting_dd_10-02-2026.json.gz
44,Twine Heavy-Hex QFT,0.01364842433035204,ibm_boston,20,20,~/Nextcloud/Projects/IBM/qft_experiments/analysis_boston_heavy_hex_non_synchronized_layouting_dd_10-02-2026.json.gz
44,Twine Heavy-Hex QFT,0.01489474515307952,ibm_boston,20,20,~/Nextcloud/Projects/IBM/qft_experiments/analysis_boston_heavy_hex_non_synchronized_layouting_dd_10-02-2026.json.gz
44,Twine Heavy-Hex QFT,0.014353762667997434,ibm_boston,20,20,~/Nextcloud/Projects/IBM/qft_experiments/analysis_boston_heavy_hex_non_synchronized_layouting_dd_10-02-2026.json.gz
44,Twine Heavy-Hex QFT,0.013963364359844058,ibm_boston,20,20,~/Nextcloud/Projects/IBM/qft_experiments/analysis_boston_heavy_hex_non_synchronized_layouting_dd_10-02-2026.json.gz
44,Twine Heavy-Hex QFT,0.013413310216097268,ibm_boston,20,20,~/Nextcloud/Projects/IBM/qft_experiments/analysis_boston_heavy_hex_non_synchronized_layouting_dd_10-02-2026.json.gz
44,Twine Heavy-Hex QFT,0.012379218848368246,ibm_boston,20,20,~/Nextcloud/Projects/IBM/qft_experiments/analysis_boston_heavy_hex_non_synchronized_layouting_dd_10-02-2026.json.gz
44,Twine Heavy-Hex QFT,0.013643304529809558,ibm_boston,20,20,~/Nextcloud/Projects/IBM/qft_experiments/analysis_boston_heavy_hex_non_synchronized_layouting_dd_10-02-2026.json.gz
44,Twine Heavy-Hex QFT,0.014305820937426352,ibm_boston,20,20,~/Nextcloud/Projects/IBM/qft_experiments/analysis_boston_heavy_hex_non_synchronized_layouting_dd_10-02-2026.json.gz
44,Twine Heavy-Hex QFT,0.013995482763059314,ibm_boston,20,20,~/Nextcloud/Projects/IBM/qft_experiments/analysis_boston_heavy_hex_non_synchronized_layouting_dd_10-02-2026.json.gz
44,Twine Heavy-Hex QFT,0.013368351971634653,ibm_boston,20,20,~/Nextcloud/Projects/IBM/qft_experiments/analysis_boston_heavy_hex_non_synchronized_layouting_dd_10-02-2026.json.gz
44,Twine Heavy-Hex QFT,0.014738439946659906,ibm_boston,20,20,~/Nextcloud/Projects/IBM/qft_experiments/analysis_boston_heavy_hex_non_synchronized_layouting_dd_10-02-2026.json.gz
44,Twine Heavy-Hex QFT,0.01311117834216861,ibm_boston,20,20,~/Nextcloud/Projects/IBM/qft_experiments/analysis_boston_heavy_hex_non_synchronized_layouting_dd_10-02-2026.json.gz
44,Twine Heavy-Hex QFT,0.012819415164417747,ibm_boston,20,20,~/Nextcloud/Projects/IBM/qft_experiments/analysis_boston_heavy_hex_non_synchronized_layouting_dd_10-02-2026.json.gz
46,Twine Heavy-Hex QFT,0.0097046944499587,ibm_boston,20,20,~/Nextcloud/Projects/IBM/qft_experiments/analysis_boston_heavy_hex_non_synchronized_layouting_dd_10-02-2026.json.gz
46,Twine Heavy-Hex QFT,0.009894472947993255,ibm_boston,20,20,~/Nextcloud/Projects/IBM/qft_experiments/analysis_boston_heavy_hex_non_synchronized_layouting_dd_10-02-2026.json.gz
46,Twine Heavy-Hex QFT,0.009248984803944444,ibm_boston,20,20,~/Nextcloud/Projects/IBM/qft_experiments/analysis_boston_heavy_hex_non_synchronized_layouting_dd_10-02-2026.json.gz
46,Twine Heavy-Hex QFT,0.010208796533657413,ibm_boston,20,20,~/Nextcloud/Projects/IBM/qft_experiments/analysis_boston_heavy_hex_non_synchronized_layouting_dd_10-02-2026.json.gz
46,Twine Heavy-Hex QFT,0.010325718812219747,ibm_boston,20,20,~/Nextcloud/Projects/IBM/qft_experiments/analysis_boston_heavy_hex_non_synchronized_layouting_dd_10-02-2026.json.gz
46,Twine Heavy-Hex QFT,0.010680018607297375,ibm_boston,20,20,~/Nextcloud/Projects/IBM/qft_experiments/analysis_boston_heavy_hex_non_synchronized_layouting_dd_10-02-2026.json.gz
46,Twine Heavy-Hex QFT,0.00945900276070585,ibm_boston,20,20,~/Nextcloud/Projects/IBM/qft_experiments/analysis_boston_heavy_hex_non_synchronized_layouting_dd_10-02-2026.json.gz
46,Twine Heavy-Hex QFT,0.00994202976974208,ibm_boston,20,20,~/Nextcloud/Projects/IBM/qft_experiments/analysis_boston_heavy_hex_non_synchronized_layouting_dd_10-02-2026.json.gz
46,Twine Heavy-Hex QFT,0.010054081858086076,ibm_boston,20,20,~/Nextcloud/Projects/IBM/qft_experiments/analysis_boston_heavy_hex_non_synchronized_layouting_dd_10-02-2026.json.gz
46,Twine Heavy-Hex QFT,0.009378462826037203,ibm_boston,20,20,~/Nextcloud/Projects/IBM/qft_experiments/analysis_boston_heavy_hex_non_synchronized_layouting_dd_10-02-2026.json.gz
46,Twine Heavy-Hex QFT,0.010286633072442134,ibm_boston,20,20,~/Nextcloud/Projects/IBM/qft_experiments/analysis_boston_heavy_hex_non_synchronized_layouting_dd_10-02-2026.json.gz
46,Twine Heavy-Hex QFT,0.008878218074411862,ibm_boston,20,20,~/Nextcloud/Projects/IBM/qft_experiments/analysis_boston_heavy_hex_non_synchronized_layouting_dd_10-02-2026.json.gz
46,Twine Heavy-Hex QFT,0.00935384495653935,ibm_boston,20,20,~/Nextcloud/Projects/IBM/qft_experiments/analysis_boston_heavy_hex_non_synchronized_layouting_dd_10-02-2026.json.gz
46,Twine Heavy-Hex QFT,0.010157104031307073,ibm_boston,20,20,~/Nextcloud/Projects/IBM/qft_experiments/analysis_boston_heavy_hex_non_synchronized_layouting_dd_10-02-2026.json.gz
46,Twine Heavy-Hex QFT,0.009401594918531733,ibm_boston,20,20,~/Nextcloud/Projects/IBM/qft_experiments/analysis_boston_heavy_hex_non_synchronized_layouting_dd_10-02-2026.json.gz
46,Twine Heavy-Hex QFT,0.01036362309272722,ibm_boston,20,20,~/Nextcloud/Projects/IBM/qft_experiments/analysis_boston_heavy_hex_non_synchronized_layouting_dd_10-02-2026.json.gz
46,Twine Heavy-Hex QFT,0.008446096709188273,ibm_boston,20,20,~/Nextcloud/Projects/IBM/qft_experiments/analysis_boston_heavy_hex_non_synchronized_layouting_dd_10-02-2026.json.gz
46,Twine Heavy-Hex QFT,0.00869390332333746,ibm_boston,20,20,~/Nextcloud/Projects/IBM/qft_experiments/analysis_boston_heavy_hex_non_synchronized_layouting_dd_10-02-2026.json.gz
46,Twine Heavy-Hex QFT,0.009667220008216043,ibm_boston,20,20,~/Nextcloud/Projects/IBM/qft_experiments/analysis_boston_heavy_hex_non_synchronized_layouting_dd_10-02-2026.json.gz
46,Twine Heavy-Hex QFT,0.009246981653771939,ibm_boston,20,20,~/Nextcloud/Projects/IBM/qft_experiments/analysis_boston_heavy_hex_non_synchronized_layouting_dd_10-02-2026.json.gz
48,Twine Heavy-Hex QFT,0.005180072555074657,ibm_boston,20,20,~/Nextcloud/Projects/IBM/qft_experiments/analysis_boston_heavy_hex_non_synchronized_layouting_dd_10-02-2026.json.gz
48,Twine Heavy-Hex QFT,0.004861879910594041,ibm_boston,20,20,~/Nextcloud/Projects/IBM/qft_experiments/analysis_boston_heavy_hex_non_synchronized_layouting_dd_10-02-2026.json.gz
48,Twine Heavy-Hex QFT,0.004960339820605444,ibm_boston,20,20,~/Nextcloud/Projects/IBM/qft_experiments/analysis_boston_heavy_hex_non_synchronized_layouting_dd_10-02-2026.json.gz
48,Twine Heavy-Hex QFT,0.00467886698863999,ibm_boston,20,20,~/Nextcloud/Projects/IBM/qft_experiments/analysis_boston_heavy_hex_non_synchronized_layouting_dd_10-02-2026.json.gz
48,Twine Heavy-Hex QFT,0.004949938934861522,ibm_boston,20,20,~/Nextcloud/Projects/IBM/qft_experiments/analysis_boston_heavy_hex_non_synchronized_layouting_dd_10-02-2026.json.gz
48,Twine Heavy-Hex QFT,0.005397020131690818,ibm_boston,20,20,~/Nextcloud/Projects/IBM/qft_experiments/analysis_boston_heavy_hex_non_synchronized_layouting_dd_10-02-2026.json.gz
48,Twine Heavy-Hex QFT,0.004532808977333699,ibm_boston,20,20,~/Nextcloud/Projects/IBM/qft_experiments/analysis_boston_heavy_hex_non_synchronized_layouting_dd_10-02-2026.json.gz
48,Twine Heavy-Hex QFT,0.005237282303479403,ibm_boston,20,20,~/Nextcloud/Projects/IBM/qft_experiments/analysis_boston_heavy_hex_non_synchronized_layouting_dd_10-02-2026.json.gz
48,Twine Heavy-Hex QFT,0.005398582581806178,ibm_boston,20,20,~/Nextcloud/Projects/IBM/qft_experiments/analysis_boston_heavy_hex_non_synchronized_layouting_dd_10-02-2026.json.gz
48,Twine Heavy-Hex QFT,0.004964956434992265,ibm_boston,20,20,~/Nextcloud/Projects/IBM/qft_experiments/analysis_boston_heavy_hex_non_synchronized_layouting_dd_10-02-2026.json.gz
48,Twine Heavy-Hex QFT,0.004828714444295284,ibm_boston,20,20,~/Nextcloud/Projects/IBM/qft_experiments/analysis_boston_heavy_hex_non_synchronized_layouting_dd_10-02-2026.json.gz
48,Twine Heavy-Hex QFT,0.005492574934483549,ibm_boston,20,20,~/Nextcloud/Projects/IBM/qft_experiments/analysis_boston_heavy_hex_non_synchronized_layouting_dd_10-02-2026.json.gz
48,Twine Heavy-Hex QFT,0.005618157669160808,ibm_boston,20,20,~/Nextcloud/Projects/IBM/qft_experiments/analysis_boston_heavy_hex_non_synchronized_layouting_dd_10-02-2026.json.gz
48,Twine Heavy-Hex QFT,0.004801552861265437,ibm_boston,20,20,~/Nextcloud/Projects/IBM/qft_experiments/analysis_boston_heavy_hex_non_synchronized_layouting_dd_10-02-2026.json.gz
48,Twine Heavy-Hex QFT,0.004832485157257619,ibm_boston,20,20,~/Nextcloud/Projects/IBM/qft_experiments/analysis_boston_heavy_hex_non_synchronized_layouting_dd_10-02-2026.json.gz
48,Twine Heavy-Hex QFT,0.0052442478010514305,ibm_boston,20,20,~/Nextcloud/Projects/IBM/qft_experiments/analysis_boston_heavy_hex_non_synchronized_layouting_dd_10-02-2026.json.gz
48,Twine Heavy-Hex QFT,0.0046692222824294295,ibm_boston,20,20,~/Nextcloud/Projects/IBM/qft_experiments/analysis_boston_heavy_hex_non_synchronized_layouting_dd_10-02-2026.json.gz
48,Twine Heavy-Hex QFT,0.004864306928445345,ibm_boston,20,20,~/Nextcloud/Projects/IBM/qft_experiments/analysis_boston_heavy_hex_non_synchronized_layouting_dd_10-02-2026.json.gz
48,Twine Heavy-Hex QFT,0.005837413114004536,ibm_boston,20,20,~/Nextcloud/Projects/IBM/qft_experiments/analysis_boston_heavy_hex_non_synchronized_layouting_dd_10-02-2026.json.gz
48,Twine Heavy-Hex QFT,0.0056571973890999815,ibm_boston,20,20,~/Nextcloud/Projects/IBM/qft_experiments/analysis_boston_heavy_hex_non_synchronized_layouting_dd_10-02-2026.json.gz
50,Twine Heavy-Hex QFT,0.003183777208692333,ibm_boston,20,20,~/Nextcloud/Projects/IBM/qft_experiments/analysis_boston_heavy_hex_non_synchronized_layouting_dd_10-02-2026.json.gz
50,Twine Heavy-Hex QFT,0.0031046119576040414,ibm_boston,20,20,~/Nextcloud/Projects/IBM/qft_experiments/analysis_boston_heavy_hex_non_synchronized_layouting_dd_10-02-2026.json.gz
50,Twine Heavy-Hex QFT,0.0029025754464693863,ibm_boston,20,20,~/Nextcloud/Projects/IBM/qft_experiments/analysis_boston_heavy_hex_non_synchronized_layouting_dd_10-02-2026.json.gz
50,Twine Heavy-Hex QFT,0.003163406229569145,ibm_boston,20,20,~/Nextcloud/Projects/IBM/qft_experiments/analysis_boston_heavy_hex_non_synchronized_layouting_dd_10-02-2026.json.gz
50,Twine Heavy-Hex QFT,0.003104554087456053,ibm_boston,20,20,~/Nextcloud/Projects/IBM/qft_experiments/analysis_boston_heavy_hex_non_synchronized_layouting_dd_10-02-2026.json.gz
50,Twine Heavy-Hex QFT,0.0034230001217811132,ibm_boston,20,20,~/Nextcloud/Projects/IBM/qft_experiments/analysis_boston_heavy_hex_non_synchronized_layouting_dd_10-02-2026.json.gz
50,Twine Heavy-Hex QFT,0.002221577320403834,ibm_boston,20,20,~/Nextcloud/Projects/IBM/qft_experiments/analysis_boston_heavy_hex_non_synchronized_layouting_dd_10-02-2026.json.gz
50,Twine Heavy-Hex QFT,0.003687522179350758,ibm_boston,20,20,~/Nextcloud/Projects/IBM/qft_experiments/analysis_boston_heavy_hex_non_synchronized_layouting_dd_10-02-2026.json.gz
50,Twine Heavy-Hex QFT,0.00294667212382501,ibm_boston,20,20,~/Nextcloud/Projects/IBM/qft_experiments/analysis_boston_heavy_hex_non_synchronized_layouting_dd_10-02-2026.json.gz
50,Twine Heavy-Hex QFT,0.003269465600921187,ibm_boston,20,20,~/Nextcloud/Projects/IBM/qft_experiments/analysis_boston_heavy_hex_non_synchronized_layouting_dd_10-02-2026.json.gz
50,Twine Heavy-Hex QFT,0.0031359403882493526,ibm_boston,20,20,~/Nextcloud/Projects/IBM/qft_experiments/analysis_boston_heavy_hex_non_synchronized_layouting_dd_10-02-2026.json.gz
50,Twine Heavy-Hex QFT,0.0025663099801299587,ibm_boston,20,20,~/Nextcloud/Projects/IBM/qft_experiments/analysis_boston_heavy_hex_non_synchronized_layouting_dd_10-02-2026.json.gz
50,Twine Heavy-Hex QFT,0.0029777719432936348,ibm_boston,20,20,~/Nextcloud/Projects/IBM/qft_experiments/analysis_boston_heavy_hex_non_synchronized_layouting_dd_10-02-2026.json.gz
50,Twine Heavy-Hex QFT,0.0028749894161765595,ibm_boston,20,20,~/Nextcloud/Projects/IBM/qft_experiments/analysis_boston_heavy_hex_non_synchronized_layouting_dd_10-02-2026.json.gz
50,Twine Heavy-Hex QFT,0.0030217516885143467,ibm_boston,20,20,~/Nextcloud/Projects/IBM/qft_experiments/analysis_boston_heavy_hex_non_synchronized_layouting_dd_10-02-2026.json.gz
50,Twine Heavy-Hex QFT,0.003314407017636632,ibm_boston,20,20,~/Nextcloud/Projects/IBM/qft_experiments/analysis_boston_heavy_hex_non_synchronized_layouting_dd_10-02-2026.json.gz
50,Twine Heavy-Hex QFT,0.003181643011126983,ibm_boston,20,20,~/Nextcloud/Projects/IBM/qft_experiments/analysis_boston_heavy_hex_non_synchronized_layouting_dd_10-02-2026.json.gz
50,Twine Heavy-Hex QFT,0.0024182318934956345,ibm_boston,20,20,~/Nextcloud/Projects/IBM/qft_experiments/analysis_boston_heavy_hex_non_synchronized_layouting_dd_10-02-2026.json.gz
50,Twine Heavy-Hex QFT,0.003242684945465119,ibm_boston,20,20,~/Nextcloud/Projects/IBM/qft_experiments/analysis_boston_heavy_hex_non_synchronized_layouting_dd_10-02-2026.json.gz
50,Twine Heavy-Hex QFT,0.0027900793135687205,ibm_boston,20,20,~/Nextcloud/Projects/IBM/qft_experiments/analysis_boston_heavy_hex_non_synchronized_layouting_dd_10-02-2026.json.gz
52,Twine Heavy-Hex QFT,0.0021399912178308653,ibm_boston,20,20,~/Nextcloud/Projects/IBM/qft_experiments/analysis_boston_heavy_hex_non_synchronized_layouting_dd_10-02-2026.json.gz
52,Twine Heavy-Hex QFT,0.002176956205312924,ibm_boston,20,20,~/Nextcloud/Projects/IBM/qft_experiments/analysis_boston_heavy_hex_non_synchronized_layouting_dd_10-02-2026.json.gz
52,Twine Heavy-Hex QFT,0.002272139155697886,ibm_boston,20,20,~/Nextcloud/Projects/IBM/qft_experiments/analysis_boston_heavy_hex_non_synchronized_layouting_dd_10-02-2026.json.gz
52,Twine Heavy-Hex QFT,0.0017762423679657186,ibm_boston,20,20,~/Nextcloud/Projects/IBM/qft_experiments/analysis_boston_heavy_hex_non_synchronized_layouting_dd_10-02-2026.json.gz
52,Twine Heavy-Hex QFT,0.0018836766956078592,ibm_boston,20,20,~/Nextcloud/Projects/IBM/qft_experiments/analysis_boston_heavy_hex_non_synchronized_layouting_dd_10-02-2026.json.gz
52,Twine Heavy-Hex QFT,0.0020981591156308817,ibm_boston,20,20,~/Nextcloud/Projects/IBM/qft_experiments/analysis_boston_heavy_hex_non_synchronized_layouting_dd_10-02-2026.json.gz
52,Twine Heavy-Hex QFT,0.002313696107822335,ibm_boston,20,20,~/Nextcloud/Projects/IBM/qft_experiments/analysis_boston_heavy_hex_non_synchronized_layouting_dd_10-02-2026.json.gz
52,Twine Heavy-Hex QFT,0.002193922128265518,ibm_boston,20,20,~/Nextcloud/Projects/IBM/qft_experiments/analysis_boston_heavy_hex_non_synchronized_layouting_dd_10-02-2026.json.gz
52,Twine Heavy-Hex QFT,0.002176946012355311,ibm_boston,20,20,~/Nextcloud/Projects/IBM/qft_experiments/analysis_boston_heavy_hex_non_synchronized_layouting_dd_10-02-2026.json.gz
52,Twine Heavy-Hex QFT,0.0019769817422081366,ibm_boston,20,20,~/Nextcloud/Projects/IBM/qft_experiments/analysis_boston_heavy_hex_non_synchronized_layouting_dd_10-02-2026.json.gz
52,Twine Heavy-Hex QFT,0.0019003318846255609,ibm_boston,20,20,~/Nextcloud/Projects/IBM/qft_experiments/analysis_boston_heavy_hex_non_synchronized_layouting_dd_10-02-2026.json.gz
52,Twine Heavy-Hex QFT,0.002181760719989242,ibm_boston,20,20,~/Nextcloud/Projects/IBM/qft_experiments/analysis_boston_heavy_hex_non_synchronized_layouting_dd_10-02-2026.json.gz
52,Twine Heavy-Hex QFT,0.0017336818758215734,ibm_boston,20,20,~/Nextcloud/Projects/IBM/qft_experiments/analysis_boston_heavy_hex_non_synchronized_layouting_dd_10-02-2026.json.gz
52,Twine Heavy-Hex QFT,0.0020758878387107963,ibm_boston,20,20,~/Nextcloud/Projects/IBM/qft_experiments/analysis_boston_heavy_hex_non_synchronized_layouting_dd_10-02-2026.json.gz
52,Twine Heavy-Hex QFT,0.0026397406361146664,ibm_boston,20,20,~/Nextcloud/Projects/IBM/qft_experiments/analysis_boston_heavy_hex_non_synchronized_layouting_dd_10-02-2026.json.gz
52,Twine Heavy-Hex QFT,0.0020841925991788883,ibm_boston,20,20,~/Nextcloud/Projects/IBM/qft_experiments/analysis_boston_heavy_hex_non_synchronized_layouting_dd_10-02-2026.json.gz
52,Twine Heavy-Hex QFT,0.0021928088026359075,ibm_boston,20,20,~/Nextcloud/Projects/IBM/qft_experiments/analysis_boston_heavy_hex_non_synchronized_layouting_dd_10-02-2026.json.gz
52,Twine Heavy-Hex QFT,0.0018196306680901958,ibm_boston,20,20,~/Nextcloud/Projects/IBM/qft_experiments/analysis_boston_heavy_hex_non_synchronized_layouting_dd_10-02-2026.json.gz
52,Twine Heavy-Hex QFT,0.0022682596937882568,ibm_boston,20,20,~/Nextcloud/Projects/IBM/qft_experiments/analysis_boston_heavy_hex_non_synchronized_layouting_dd_10-02-2026.json.gz
52,Twine Heavy-Hex QFT,0.002024001143365039,ibm_boston,20,20,~/Nextcloud/Projects/IBM/qft_experiments/analysis_boston_heavy_hex_non_synchronized_layouting_dd_10-02-2026.json.gz
54,Twine Heavy-Hex QFT,0.00036759810455064544,ibm_boston,20,20,~/Nextcloud/Projects/IBM/qft_experiments/analysis_boston_heavy_hex_non_synchronized_layouting_dd_10-02-2026.json.gz
54,Twine Heavy-Hex QFT,0.00043232658242697337,ibm_boston,20,20,~/Nextcloud/Projects/IBM/qft_experiments/analysis_boston_heavy_hex_non_synchronized_layouting_dd_10-02-2026.json.gz
54,Twine Heavy-Hex QFT,0.0003085824058407912,ibm_boston,20,20,~/Nextcloud/Projects/IBM/qft_experiments/analysis_boston_heavy_hex_non_synchronized_layouting_dd_10-02-2026.json.gz
54,Twine Heavy-Hex QFT,0.00017250348274687867,ibm_boston,20,20,~/Nextcloud/Projects/IBM/qft_experiments/analysis_boston_heavy_hex_non_synchronized_layouting_dd_10-02-2026.json.gz
54,Twine Heavy-Hex QFT,0.0006543519929063398,ibm_boston,20,20,~/Nextcloud/Projects/IBM/qft_experiments/analysis_boston_heavy_hex_non_synchronized_layouting_dd_10-02-2026.json.gz
54,Twine Heavy-Hex QFT,0.00027262502900010985,ibm_boston,20,20,~/Nextcloud/Projects/IBM/qft_experiments/analysis_boston_heavy_hex_non_synchronized_layouting_dd_10-02-2026.json.gz
54,Twine Heavy-Hex QFT,0.00038270107071366533,ibm_boston,20,20,~/Nextcloud/Projects/IBM/qft_experiments/analysis_boston_heavy_hex_non_synchronized_layouting_dd_10-02-2026.json.gz
54,Twine Heavy-Hex QFT,0.0006088347966500704,ibm_boston,20,20,~/Nextcloud/Projects/IBM/qft_experiments/analysis_boston_heavy_hex_non_synchronized_layouting_dd_10-02-2026.json.gz
54,Twine Heavy-Hex QFT,0.00023600798398807496,ibm_boston,20,20,~/Nextcloud/Projects/IBM/qft_experiments/analysis_boston_heavy_hex_non_synchronized_layouting_dd_10-02-2026.json.gz
54,Twine Heavy-Hex QFT,0.00037971488384426456,ibm_boston,20,20,~/Nextcloud/Projects/IBM/qft_experiments/analysis_boston_heavy_hex_non_synchronized_layouting_dd_10-02-2026.json.gz
54,Twine Heavy-Hex QFT,0.00016783163430541742,ibm_boston,20,20,~/Nextcloud/Projects/IBM/qft_experiments/analysis_boston_heavy_hex_non_synchronized_layouting_dd_10-02-2026.json.gz
54,Twine Heavy-Hex QFT,0.00022812160007459995,ibm_boston,20,20,~/Nextcloud/Projects/IBM/qft_experiments/analysis_boston_heavy_hex_non_synchronized_layouting_dd_10-02-2026.json.gz
54,Twine Heavy-Hex QFT,0.00035951806887039335,ibm_boston,20,20,~/Nextcloud/Projects/IBM/qft_experiments/analysis_boston_heavy_hex_non_synchronized_layouting_dd_10-02-2026.json.gz
54,Twine Heavy-Hex QFT,0.0005758882790139621,ibm_boston,20,20,~/Nextcloud/Projects/IBM/qft_experiments/analysis_boston_heavy_hex_non_synchronized_layouting_dd_10-02-2026.json.gz
54,Twine Heavy-Hex QFT,0.000612630889811212,ibm_boston,20,20,~/Nextcloud/Projects/IBM/qft_experiments/analysis_boston_heavy_hex_non_synchronized_layouting_dd_10-02-2026.json.gz
54,Twine Heavy-Hex QFT,0.0005016105214214443,ibm_boston,20,20,~/Nextcloud/Projects/IBM/qft_experiments/analysis_boston_heavy_hex_non_synchronized_layouting_dd_10-02-2026.json.gz
54,Twine Heavy-Hex QFT,0.0003677700744508287,ibm_boston,20,20,~/Nextcloud/Projects/IBM/qft_experiments/analysis_boston_heavy_hex_non_synchronized_layouting_dd_10-02-2026.json.gz
54,Twine Heavy-Hex QFT,7.979081072549677e-05,ibm_boston,20,20,~/Nextcloud/Projects/IBM/qft_experiments/analysis_boston_heavy_hex_non_synchronized_layouting_dd_10-02-2026.json.gz
54,Twine Heavy-Hex QFT,0.0004296179841998395,ibm_boston,20,20,~/Nextcloud/Projects/IBM/qft_experiments/analysis_boston_heavy_hex_non_synchronized_layouting_dd_10-02-2026.json.gz
54,Twine Heavy-Hex QFT,0.00022134170598043541,ibm_boston,20,20,~/Nextcloud/Projects/IBM/qft_experiments/analysis_boston_heavy_hex_non_synchronized_layouting_dd_10-02-2026.json.gz
56,Twine Heavy-Hex QFT,4.736842105263158e-05,ibm_boston,20,20,~/Nextcloud/Projects/IBM/qft_experiments/analysis_boston_heavy_hex_non_synchronized_layouting_dd_10-02-2026.json.gz
56,Twine Heavy-Hex QFT,0.0,ibm_boston,20,20,~/Nextcloud/Projects/IBM/qft_experiments/analysis_boston_heavy_hex_non_synchronized_layouting_dd_10-02-2026.json.gz
56,Twine Heavy-Hex QFT,3.7216146378239324e-06,ibm_boston,20,20,~/Nextcloud/Projects/IBM/qft_experiments/analysis_boston_heavy_hex_non_synchronized_layouting_dd_10-02-2026.json.gz
56,Twine Heavy-Hex QFT,2.1052631578947372e-05,ibm_boston,20,20,~/Nextcloud/Projects/IBM/qft_experiments/analysis_boston_heavy_hex_non_synchronized_layouting_dd_10-02-2026.json.gz
56,Twine Heavy-Hex QFT,0.0,ibm_boston,20,20,~/Nextcloud/Projects/IBM/qft_experiments/analysis_boston_heavy_hex_non_synchronized_layouting_dd_10-02-2026.json.gz
56,Twine Heavy-Hex QFT,3.9660704768067036e-05,ibm_boston,20,20,~/Nextcloud/Projects/IBM/qft_experiments/analysis_boston_heavy_hex_non_synchronized_layouting_dd_10-02-2026.json.gz
56,Twine Heavy-Hex QFT,3.9660704768067036e-05,ibm_boston,20,20,~/Nextcloud/Projects/IBM/qft_experiments/analysis_boston_heavy_hex_non_synchronized_layouting_dd_10-02-2026.json.gz
56,Twine Heavy-Hex QFT,1.0074808223016291e-05,ibm_boston,20,20,~/Nextcloud/Projects/IBM/qft_experiments/analysis_boston_heavy_hex_non_synchronized_layouting_dd_10-02-2026.json.gz
56,Twine Heavy-Hex QFT,0.0,ibm_boston,20,20,~/Nextcloud/Projects/IBM/qft_experiments/analysis_boston_heavy_hex_non_synchronized_layouting_dd_10-02-2026.json.gz
56,Twine Heavy-Hex QFT,1.6428001808208645e-05,ibm_boston,20,20,~/Nextcloud/Projects/IBM/qft_experiments/analysis_boston_heavy_hex_non_synchronized_layouting_dd_10-02-2026.json.gz
56,Twine Heavy-Hex QFT,0.0,ibm_boston,20,20,~/Nextcloud/Projects/IBM/qft_experiments/analysis_boston_heavy_hex_non_synchronized_layouting_dd_10-02-2026.json.gz
56,Twine Heavy-Hex QFT,7.894736842105265e-06,ibm_boston,20,20,~/Nextcloud/Projects/IBM/qft_experiments/analysis_boston_heavy_hex_non_synchronized_layouting_dd_10-02-2026.json.gz
56,Twine Heavy-Hex QFT,1.5789473684210522e-05,ibm_boston,20,20,~/Nextcloud/Projects/IBM/qft_experiments/analysis_boston_heavy_hex_non_synchronized_layouting_dd_10-02-2026.json.gz
56,Twine Heavy-Hex QFT,8.68421052631579e-05,ibm_boston,20,20,~/Nextcloud/Projects/IBM/qft_experiments/analysis_boston_heavy_hex_non_synchronized_layouting_dd_10-02-2026.json.gz
56,Twine Heavy-Hex QFT,5.263157894736843e-06,ibm_boston,20,20,~/Nextcloud/Projects/IBM/qft_experiments/analysis_boston_heavy_hex_non_synchronized_layouting_dd_10-02-2026.json.gz
56,Twine Heavy-Hex QFT,5.26315789473684e-06,ibm_boston,20,20,~/Nextcloud/Projects/IBM/qft_experiments/analysis_boston_heavy_hex_non_synchronized_layouting_dd_10-02-2026.json.gz
56,Twine Heavy-Hex QFT,2.1052631578947366e-05,ibm_boston,20,20,~/Nextcloud/Projects/IBM/qft_experiments/analysis_boston_heavy_hex_non_synchronized_layouting_dd_10-02-2026.json.gz
56,Twine Heavy-Hex QFT,8.413305986441353e-05,ibm_boston,20,20,~/Nextcloud/Projects/IBM/qft_experiments/analysis_boston_heavy_hex_non_synchronized_layouting_dd_10-02-2026.json.gz
56,Twine Heavy-Hex QFT,1.0074808223016286e-05,ibm_boston,20,20,~/Nextcloud/Projects/IBM/qft_experiments/analysis_boston_heavy_hex_non_synchronized_layouting_dd_10-02-2026.json.gz
56,Twine Heavy-Hex QFT,1.3157894736842106e-05,ibm_boston,20,20,~/Nextcloud/Projects/IBM/qft_experiments/analysis_boston_heavy_hex_non_synchronized_layouting_dd_10-02-2026.json.gz
58,Twine Heavy-Hex QFT,3.7216146378239324e-06,ibm_boston,20,20,~/Nextcloud/Projects/IBM/qft_experiments/analysis_boston_heavy_hex_non_synchronized_layouting_dd_10-02-2026.json.gz
58,Twine Heavy-Hex QFT,3.7216146378239324e-06,ibm_boston,20,20,~/Nextcloud/Projects/IBM/qft_experiments/analysis_boston_heavy_hex_non_synchronized_layouting_dd_10-02-2026.json.gz
58,Twine Heavy-Hex QFT,3.7216146378239324e-06,ibm_boston,20,20,~/Nextcloud/Projects/IBM/qft_experiments/analysis_boston_heavy_hex_non_synchronized_layouting_dd_10-02-2026.json.gz
58,Twine Heavy-Hex QFT,0.0,ibm_boston,20,20,~/Nextcloud/Projects/IBM/qft_experiments/analysis_boston_heavy_hex_non_synchronized_layouting_dd_10-02-2026.json.gz
58,Twine Heavy-Hex QFT,1.2706387170384708e-05,ibm_boston,20,20,~/Nextcloud/Projects/IBM/qft_experiments/analysis_boston_heavy_hex_non_synchronized_layouting_dd_10-02-2026.json.gz
58,Twine Heavy-Hex QFT,0.0,ibm_boston,20,20,~/Nextcloud/Projects/IBM/qft_experiments/analysis_boston_heavy_hex_non_synchronized_layouting_dd_10-02-2026.json.gz
58,Twine Heavy-Hex QFT,5.26315789473684e-06,ibm_boston,20,20,~/Nextcloud/Projects/IBM/qft_experiments/analysis_boston_heavy_hex_non_synchronized_layouting_dd_10-02-2026.json.gz
58,Twine Heavy-Hex QFT,2.278119539340099e-05,ibm_boston,20,20,~/Nextcloud/Projects/IBM/qft_experiments/analysis_boston_heavy_hex_non_synchronized_layouting_dd_10-02-2026.json.gz
58,Twine Heavy-Hex QFT,0.0,ibm_boston,20,20,~/Nextcloud/Projects/IBM/qft_experiments/analysis_boston_heavy_hex_non_synchronized_layouting_dd_10-02-2026.json.gz
58,Twine Heavy-Hex QFT,3.1578947368421045e-05,ibm_boston,20,20,~/Nextcloud/Projects/IBM/qft_experiments/analysis_boston_heavy_hex_non_synchronized_layouting_dd_10-02-2026.json.gz
58,Twine Heavy-Hex QFT,0.0,ibm_boston,20,20,~/Nextcloud/Projects/IBM/qft_experiments/analysis_boston_heavy_hex_non_synchronized_layouting_dd_10-02-2026.json.gz
58,Twine Heavy-Hex QFT,0.0,ibm_boston,20,20,~/Nextcloud/Projects/IBM/qft_experiments/analysis_boston_heavy_hex_non_synchronized_layouting_dd_10-02-2026.json.gz
58,Twine Heavy-Hex QFT,3.7216146378239324e-06,ibm_boston,20,20,~/Nextcloud/Projects/IBM/qft_experiments/analysis_boston_heavy_hex_non_synchronized_layouting_dd_10-02-2026.json.gz
58,Twine Heavy-Hex QFT,0.0,ibm_boston,20,20,~/Nextcloud/Projects/IBM/qft_experiments/analysis_boston_heavy_hex_non_synchronized_layouting_dd_10-02-2026.json.gz
58,Twine Heavy-Hex QFT,7.894736842105265e-06,ibm_boston,20,20,~/Nextcloud/Projects/IBM/qft_experiments/analysis_boston_heavy_hex_non_synchronized_layouting_dd_10-02-2026.json.gz
58,Twine Heavy-Hex QFT,0.0,ibm_boston,20,20,~/Nextcloud/Projects/IBM/qft_experiments/analysis_boston_heavy_hex_non_synchronized_layouting_dd_10-02-2026.json.gz
58,Twine Heavy-Hex QFT,0.0,ibm_boston,20,20,~/Nextcloud/Projects/IBM/qft_experiments/analysis_boston_heavy_hex_non_synchronized_layouting_dd_10-02-2026.json.gz
58,Twine Heavy-Hex QFT,3.067593223550626e-05,ibm_boston,20,20,~/Nextcloud/Projects/IBM/qft_experiments/analysis_boston_heavy_hex_non_synchronized_layouting_dd_10-02-2026.json.gz
58,Twine Heavy-Hex QFT,1.9059580755577067e-05,ibm_boston,20,20,~/Nextcloud/Projects/IBM/qft_experiments/analysis_boston_heavy_hex_non_synchronized_layouting_dd_10-02-2026.json.gz
58,Twine Heavy-Hex QFT,3.7216146378239324e-06,ibm_boston,20,20,~/Nextcloud/Projects/IBM/qft_experiments/analysis_boston_heavy_hex_non_synchronized_layouting_dd_10-02-2026.json.gz
60,Twine Heavy-Hex QFT,0.0,ibm_boston,20,20,~/Nextcloud/Projects/IBM/qft_experiments/analysis_boston_heavy_hex_non_synchronized_layouting_dd_10-02-2026.json.gz
60,Twine Heavy-Hex QFT,0.0,ibm_boston,20,20,~/Nextcloud/Projects/IBM/qft_experiments/analysis_boston_heavy_hex_non_synchronized_layouting_dd_10-02-2026.json.gz
60,Twine Heavy-Hex QFT,0.0,ibm_boston,20,20,~/Nextcloud/Projects/IBM/qft_experiments/analysis_boston_heavy_hex_non_synchronized_layouting_dd_10-02-2026.json.gz
60,Twine Heavy-Hex QFT,0.0,ibm_boston,20,20,~/Nextcloud/Projects/IBM/qft_experiments/analysis_boston_heavy_hex_non_synchronized_layouting_dd_10-02-2026.json.gz
60,Twine Heavy-Hex QFT,0.0,ibm_boston,20,20,~/Nextcloud/Projects/IBM/qft_experiments/analysis_boston_heavy_hex_non_synchronized_layouting_dd_10-02-2026.json.gz
60,Twine Heavy-Hex QFT,0.0,ibm_boston,20,20,~/Nextcloud/Projects/IBM/qft_experiments/analysis_boston_heavy_hex_non_synchronized_layouting_dd_10-02-2026.json.gz
60,Twine Heavy-Hex QFT,0.0,ibm_boston,20,20,~/Nextcloud/Projects/IBM/qft_experiments/analysis_boston_heavy_hex_non_synchronized_layouting_dd_10-02-2026.json.gz
60,Twine Heavy-Hex QFT,0.0,ibm_boston,20,20,~/Nextcloud/Projects/IBM/qft_experiments/analysis_boston_heavy_hex_non_synchronized_layouting_dd_10-02-2026.json.gz
60,Twine Heavy-Hex QFT,0.0,ibm_boston,20,20,~/Nextcloud/Projects/IBM/qft_experiments/analysis_boston_heavy_hex_non_synchronized_layouting_dd_10-02-2026.json.gz
60,Twine Heavy-Hex QFT,0.0,ibm_boston,20,20,~/Nextcloud/Projects/IBM/qft_experiments/analysis_boston_heavy_hex_non_synchronized_layouting_dd_10-02-2026.json.gz
60,Twine Heavy-Hex QFT,0.0,ibm_boston,20,20,~/Nextcloud/Projects/IBM/qft_experiments/analysis_boston_heavy_hex_non_synchronized_layouting_dd_10-02-2026.json.gz
60,Twine Heavy-Hex QFT,0.0,ibm_boston,20,20,~/Nextcloud/Projects/IBM/qft_experiments/analysis_boston_heavy_hex_non_synchronized_layouting_dd_10-02-2026.json.gz
60,Twine Heavy-Hex QFT,0.0,ibm_boston,20,20,~/Nextcloud/Projects/IBM/qft_experiments/analysis_boston_heavy_hex_non_synchronized_layouting_dd_10-02-2026.json.gz
60,Twine Heavy-Hex QFT,0.0,ibm_boston,20,20,~/Nextcloud/Projects/IBM/qft_experiments/analysis_boston_heavy_hex_non_synchronized_layouting_dd_10-02-2026.json.gz
60,Twine Heavy-Hex QFT,0.0,ibm_boston,20,20,~/Nextcloud/Projects/IBM/qft_experiments/analysis_boston_heavy_hex_non_synchronized_layouting_dd_10-02-2026.json.gz
60,Twine Heavy-Hex QFT,0.0,ibm_boston,20,20,~/Nextcloud/Projects/IBM/qft_experiments/analysis_boston_heavy_hex_non_synchronized_layouting_dd_10-02-2026.json.gz
60,Twine Heavy-Hex QFT,0.0,ibm_boston,20,20,~/Nextcloud/Projects/IBM/qft_experiments/analysis_boston_heavy_hex_non_synchronized_layouting_dd_10-02-2026.json.gz
60,Twine Heavy-Hex QFT,0.0,ibm_boston,20,20,~/Nextcloud/Projects/IBM/qft_experiments/analysis_boston_heavy_hex_non_synchronized_layouting_dd_10-02-2026.json.gz
60,Twine Heavy-Hex QFT,0.0,ibm_boston,20,20,~/Nextcloud/Projects/IBM/qft_experiments/analysis_boston_heavy_hex_non_synchronized_layouting_dd_10-02-2026.json.gz
60,Twine Heavy-Hex QFT,0.0,ibm_boston,20,20,~/Nextcloud/Projects/IBM/qft_experiments/analysis_boston_heavy_hex_non_synchronized_layouting_dd_10-02-2026.json.gz
