number_of_qubits,qft_variant,process_fidelity,backend,bootstrap sample size,number bootstrap samples,data file
2,Linear Twine QFT,0.9823960024297326,ibm_boston,20,20,~/Nextcloud/Projects/IBM/qft_experiments/analysis_boston_linear_fowler_non_synchronized_layouting_dd_10-02-2026.json.gz
2,Linear Twine QFT,0.9850710153900624,ibm_boston,20,20,~/Nextcloud/Projects/IBM/qft_experiments/analysis_boston_linear_fowler_non_synchronized_layouting_dd_10-02-2026.json.gz
2,Linear Twine QFT,0.9858460280776756,ibm_boston,20,20,~/Nextcloud/Projects/IBM/qft_experiments/analysis_boston_linear_fowler_non_synchronized_layouting_dd_10-02-2026.json.gz
2,Linear Twine QFT,0.9840947272226416,ibm_boston,20,20,~/Nextcloud/Projects/IBM/qft_experiments/analysis_boston_linear_fowler_non_synchronized_layouting_dd_10-02-2026.json.gz
2,Linear Twine QFT,0.9849198346977056,ibm_boston,20,20,~/Nextcloud/Projects/IBM/qft_experiments/analysis_boston_linear_fowler_non_synchronized_layouting_dd_10-02-2026.json.gz
2,Linear Twine QFT,0.9835730719691208,ibm_boston,20,20,~/Nextcloud/Projects/IBM/qft_experiments/analysis_boston_linear_fowler_non_synchronized_layouting_dd_10-02-2026.json.gz
2,Linear Twine QFT,0.9833712826886106,ibm_boston,20,20,~/Nextcloud/Projects/IBM/qft_experiments/analysis_boston_linear_fowler_non_synchronized_layouting_dd_10-02-2026.json.gz
2,Linear Twine QFT,0.9844709048403608,ibm_boston,20,20,~/Nextcloud/Projects/IBM/qft_experiments/analysis_boston_linear_fowler_non_synchronized_layouting_dd_10-02-2026.json.gz
2,Linear Twine QFT,0.9838713471342816,ibm_boston,20,20,~/Nextcloud/Projects/IBM/qft_experiments/analysis_boston_linear_fowler_non_synchronized_layouting_dd_10-02-2026.json.gz
2,Linear Twine QFT,0.9851709076769612,ibm_boston,20,20,~/Nextcloud/Projects/IBM/qft_experiments/analysis_boston_linear_fowler_non_synchronized_layouting_dd_10-02-2026.json.gz
2,Linear Twine QFT,0.9846467994074444,ibm_boston,20,20,~/Nextcloud/Projects/IBM/qft_experiments/analysis_boston_linear_fowler_non_synchronized_layouting_dd_10-02-2026.json.gz
2,Linear Twine QFT,0.9840426708836436,ibm_boston,20,20,~/Nextcloud/Projects/IBM/qft_experiments/analysis_boston_linear_fowler_non_synchronized_layouting_dd_10-02-2026.json.gz
2,Linear Twine QFT,0.9858939216752484,ibm_boston,20,20,~/Nextcloud/Projects/IBM/qft_experiments/analysis_boston_linear_fowler_non_synchronized_layouting_dd_10-02-2026.json.gz
2,Linear Twine QFT,0.9842728525103454,ibm_boston,20,20,~/Nextcloud/Projects/IBM/qft_experiments/analysis_boston_linear_fowler_non_synchronized_layouting_dd_10-02-2026.json.gz
2,Linear Twine QFT,0.9843939871835462,ibm_boston,20,20,~/Nextcloud/Projects/IBM/qft_experiments/analysis_boston_linear_fowler_non_synchronized_layouting_dd_10-02-2026.json.gz
2,Linear Twine QFT,0.983717869765758,ibm_boston,20,20,~/Nextcloud/Projects/IBM/qft_experiments/analysis_boston_linear_fowler_non_synchronized_layouting_dd_10-02-2026.json.gz
2,Linear Twine QFT,0.983943670520128,ibm_boston,20,20,~/Nextcloud/Projects/IBM/qft_experiments/analysis_boston_linear_fowler_non_synchronized_layouting_dd_10-02-2026.json.gz
2,Linear Twine QFT,0.983745527830298,ibm_boston,20,20,~/Nextcloud/Projects/IBM/qft_experiments/analysis_boston_linear_fowler_non_synchronized_layouting_dd_10-02-2026.json.gz
2,Linear Twine QFT,0.9826201406683552,ibm_boston,20,20,~/Nextcloud/Projects/IBM/qft_experiments/analysis_boston_linear_fowler_non_synchronized_layouting_dd_10-02-2026.json.gz
2,Linear Twine QFT,0.9825937590690684,ibm_boston,20,20,~/Nextcloud/Projects/IBM/qft_experiments/analysis_boston_linear_fowler_non_synchronized_layouting_dd_10-02-2026.json.gz
4,Linear Twine QFT,0.95787184734582,ibm_boston,20,20,~/Nextcloud/Projects/IBM/qft_experiments/analysis_boston_linear_fowler_non_synchronized_layouting_dd_10-02-2026.json.gz
4,Linear Twine QFT,0.9605685514319188,ibm_boston,20,20,~/Nextcloud/Projects/IBM/qft_experiments/analysis_boston_linear_fowler_non_synchronized_layouting_dd_10-02-2026.json.gz
4,Linear Twine QFT,0.961693473465588,ibm_boston,20,20,~/Nextcloud/Projects/IBM/qft_experiments/analysis_boston_linear_fowler_non_synchronized_layouting_dd_10-02-2026.json.gz
4,Linear Twine QFT,0.9601942560719616,ibm_boston,20,20,~/Nextcloud/Projects/IBM/qft_experiments/analysis_boston_linear_fowler_non_synchronized_layouting_dd_10-02-2026.json.gz
4,Linear Twine QFT,0.9606948387758164,ibm_boston,20,20,~/Nextcloud/Projects/IBM/qft_experiments/analysis_boston_linear_fowler_non_synchronized_layouting_dd_10-02-2026.json.gz
4,Linear Twine QFT,0.9608978683630172,ibm_boston,20,20,~/Nextcloud/Projects/IBM/qft_experiments/analysis_boston_linear_fowler_non_synchronized_layouting_dd_10-02-2026.json.gz
4,Linear Twine QFT,0.96126468815419,ibm_boston,20,20,~/Nextcloud/Projects/IBM/qft_experiments/analysis_boston_linear_fowler_non_synchronized_layouting_dd_10-02-2026.json.gz
4,Linear Twine QFT,0.9593470158652098,ibm_boston,20,20,~/Nextcloud/Projects/IBM/qft_experiments/analysis_boston_linear_fowler_non_synchronized_layouting_dd_10-02-2026.json.gz
4,Linear Twine QFT,0.9595941078745236,ibm_boston,20,20,~/Nextcloud/Projects/IBM/qft_experiments/analysis_boston_linear_fowler_non_synchronized_layouting_dd_10-02-2026.json.gz
4,Linear Twine QFT,0.960468920977046,ibm_boston,20,20,~/Nextcloud/Projects/IBM/qft_experiments/analysis_boston_linear_fowler_non_synchronized_layouting_dd_10-02-2026.json.gz
4,Linear Twine QFT,0.9613935129458188,ibm_boston,20,20,~/Nextcloud/Projects/IBM/qft_experiments/analysis_boston_linear_fowler_non_synchronized_layouting_dd_10-02-2026.json.gz
4,Linear Twine QFT,0.9611894451475824,ibm_boston,20,20,~/Nextcloud/Projects/IBM/qft_experiments/analysis_boston_linear_fowler_non_synchronized_layouting_dd_10-02-2026.json.gz
4,Linear Twine QFT,0.9607965220837852,ibm_boston,20,20,~/Nextcloud/Projects/IBM/qft_experiments/analysis_boston_linear_fowler_non_synchronized_layouting_dd_10-02-2026.json.gz
4,Linear Twine QFT,0.9595691846409412,ibm_boston,20,20,~/Nextcloud/Projects/IBM/qft_experiments/analysis_boston_linear_fowler_non_synchronized_layouting_dd_10-02-2026.json.gz
4,Linear Twine QFT,0.9609183297983482,ibm_boston,20,20,~/Nextcloud/Projects/IBM/qft_experiments/analysis_boston_linear_fowler_non_synchronized_layouting_dd_10-02-2026.json.gz
4,Linear Twine QFT,0.958372360410901,ibm_boston,20,20,~/Nextcloud/Projects/IBM/qft_experiments/analysis_boston_linear_fowler_non_synchronized_layouting_dd_10-02-2026.json.gz
4,Linear Twine QFT,0.9585720074010424,ibm_boston,20,20,~/Nextcloud/Projects/IBM/qft_experiments/analysis_boston_linear_fowler_non_synchronized_layouting_dd_10-02-2026.json.gz
4,Linear Twine QFT,0.956997475189364,ibm_boston,20,20,~/Nextcloud/Projects/IBM/qft_experiments/analysis_boston_linear_fowler_non_synchronized_layouting_dd_10-02-2026.json.gz
4,Linear Twine QFT,0.9585965610348992,ibm_boston,20,20,~/Nextcloud/Projects/IBM/qft_experiments/analysis_boston_linear_fowler_non_synchronized_layouting_dd_10-02-2026.json.gz
4,Linear Twine QFT,0.9582226029179226,ibm_boston,20,20,~/Nextcloud/Projects/IBM/qft_experiments/analysis_boston_linear_fowler_non_synchronized_layouting_dd_10-02-2026.json.gz
6,Linear Twine QFT,0.8969942826853964,ibm_boston,20,20,~/Nextcloud/Projects/IBM/qft_experiments/analysis_boston_linear_fowler_non_synchronized_layouting_dd_10-02-2026.json.gz
6,Linear Twine QFT,0.8954772922670827,ibm_boston,20,20,~/Nextcloud/Projects/IBM/qft_experiments/analysis_boston_linear_fowler_non_synchronized_layouting_dd_10-02-2026.json.gz
6,Linear Twine QFT,0.8985393623481276,ibm_boston,20,20,~/Nextcloud/Projects/IBM/qft_experiments/analysis_boston_linear_fowler_non_synchronized_layouting_dd_10-02-2026.json.gz
6,Linear Twine QFT,0.8917308346178007,ibm_boston,20,20,~/Nextcloud/Projects/IBM/qft_experiments/analysis_boston_linear_fowler_non_synchronized_layouting_dd_10-02-2026.json.gz
6,Linear Twine QFT,0.893939386028047,ibm_boston,20,20,~/Nextcloud/Projects/IBM/qft_experiments/analysis_boston_linear_fowler_non_synchronized_layouting_dd_10-02-2026.json.gz
6,Linear Twine QFT,0.8935131304358553,ibm_boston,20,20,~/Nextcloud/Projects/IBM/qft_experiments/analysis_boston_linear_fowler_non_synchronized_layouting_dd_10-02-2026.json.gz
6,Linear Twine QFT,0.8956502800417416,ibm_boston,20,20,~/Nextcloud/Projects/IBM/qft_experiments/analysis_boston_linear_fowler_non_synchronized_layouting_dd_10-02-2026.json.gz
6,Linear Twine QFT,0.9002631024685541,ibm_boston,20,20,~/Nextcloud/Projects/IBM/qft_experiments/analysis_boston_linear_fowler_non_synchronized_layouting_dd_10-02-2026.json.gz
6,Linear Twine QFT,0.8982272423192659,ibm_boston,20,20,~/Nextcloud/Projects/IBM/qft_experiments/analysis_boston_linear_fowler_non_synchronized_layouting_dd_10-02-2026.json.gz
6,Linear Twine QFT,0.8883055463007996,ibm_boston,20,20,~/Nextcloud/Projects/IBM/qft_experiments/analysis_boston_linear_fowler_non_synchronized_layouting_dd_10-02-2026.json.gz
6,Linear Twine QFT,0.8944429369392628,ibm_boston,20,20,~/Nextcloud/Projects/IBM/qft_experiments/analysis_boston_linear_fowler_non_synchronized_layouting_dd_10-02-2026.json.gz
6,Linear Twine QFT,0.8994145590997198,ibm_boston,20,20,~/Nextcloud/Projects/IBM/qft_experiments/analysis_boston_linear_fowler_non_synchronized_layouting_dd_10-02-2026.json.gz
6,Linear Twine QFT,0.8947648291193868,ibm_boston,20,20,~/Nextcloud/Projects/IBM/qft_experiments/analysis_boston_linear_fowler_non_synchronized_layouting_dd_10-02-2026.json.gz
6,Linear Twine QFT,0.8938704888580045,ibm_boston,20,20,~/Nextcloud/Projects/IBM/qft_experiments/analysis_boston_linear_fowler_non_synchronized_layouting_dd_10-02-2026.json.gz
6,Linear Twine QFT,0.897177178790441,ibm_boston,20,20,~/Nextcloud/Projects/IBM/qft_experiments/analysis_boston_linear_fowler_non_synchronized_layouting_dd_10-02-2026.json.gz
6,Linear Twine QFT,0.8937276085821374,ibm_boston,20,20,~/Nextcloud/Projects/IBM/qft_experiments/analysis_boston_linear_fowler_non_synchronized_layouting_dd_10-02-2026.json.gz
6,Linear Twine QFT,0.8901721940634885,ibm_boston,20,20,~/Nextcloud/Projects/IBM/qft_experiments/analysis_boston_linear_fowler_non_synchronized_layouting_dd_10-02-2026.json.gz
6,Linear Twine QFT,0.8940617292301507,ibm_boston,20,20,~/Nextcloud/Projects/IBM/qft_experiments/analysis_boston_linear_fowler_non_synchronized_layouting_dd_10-02-2026.json.gz
6,Linear Twine QFT,0.8906264004371276,ibm_boston,20,20,~/Nextcloud/Projects/IBM/qft_experiments/analysis_boston_linear_fowler_non_synchronized_layouting_dd_10-02-2026.json.gz
6,Linear Twine QFT,0.8947271299028807,ibm_boston,20,20,~/Nextcloud/Projects/IBM/qft_experiments/analysis_boston_linear_fowler_non_synchronized_layouting_dd_10-02-2026.json.gz
8,Linear Twine QFT,0.8291160874972993,ibm_boston,20,20,~/Nextcloud/Projects/IBM/qft_experiments/analysis_boston_linear_fowler_non_synchronized_layouting_dd_10-02-2026.json.gz
8,Linear Twine QFT,0.8245165763888194,ibm_boston,20,20,~/Nextcloud/Projects/IBM/qft_experiments/analysis_boston_linear_fowler_non_synchronized_layouting_dd_10-02-2026.json.gz
8,Linear Twine QFT,0.8245607892243217,ibm_boston,20,20,~/Nextcloud/Projects/IBM/qft_experiments/analysis_boston_linear_fowler_non_synchronized_layouting_dd_10-02-2026.json.gz
8,Linear Twine QFT,0.823659953685368,ibm_boston,20,20,~/Nextcloud/Projects/IBM/qft_experiments/analysis_boston_linear_fowler_non_synchronized_layouting_dd_10-02-2026.json.gz
8,Linear Twine QFT,0.8262372308053226,ibm_boston,20,20,~/Nextcloud/Projects/IBM/qft_experiments/analysis_boston_linear_fowler_non_synchronized_layouting_dd_10-02-2026.json.gz
8,Linear Twine QFT,0.8302307937975103,ibm_boston,20,20,~/Nextcloud/Projects/IBM/qft_experiments/analysis_boston_linear_fowler_non_synchronized_layouting_dd_10-02-2026.json.gz
8,Linear Twine QFT,0.82074682315816,ibm_boston,20,20,~/Nextcloud/Projects/IBM/qft_experiments/analysis_boston_linear_fowler_non_synchronized_layouting_dd_10-02-2026.json.gz
8,Linear Twine QFT,0.8249398900007345,ibm_boston,20,20,~/Nextcloud/Projects/IBM/qft_experiments/analysis_boston_linear_fowler_non_synchronized_layouting_dd_10-02-2026.json.gz
8,Linear Twine QFT,0.8243883711018936,ibm_boston,20,20,~/Nextcloud/Projects/IBM/qft_experiments/analysis_boston_linear_fowler_non_synchronized_layouting_dd_10-02-2026.json.gz
8,Linear Twine QFT,0.8242878788176539,ibm_boston,20,20,~/Nextcloud/Projects/IBM/qft_experiments/analysis_boston_linear_fowler_non_synchronized_layouting_dd_10-02-2026.json.gz
8,Linear Twine QFT,0.8166534285529456,ibm_boston,20,20,~/Nextcloud/Projects/IBM/qft_experiments/analysis_boston_linear_fowler_non_synchronized_layouting_dd_10-02-2026.json.gz
8,Linear Twine QFT,0.8267562223244256,ibm_boston,20,20,~/Nextcloud/Projects/IBM/qft_experiments/analysis_boston_linear_fowler_non_synchronized_layouting_dd_10-02-2026.json.gz
8,Linear Twine QFT,0.8258384673702659,ibm_boston,20,20,~/Nextcloud/Projects/IBM/qft_experiments/analysis_boston_linear_fowler_non_synchronized_layouting_dd_10-02-2026.json.gz
8,Linear Twine QFT,0.823355630712182,ibm_boston,20,20,~/Nextcloud/Projects/IBM/qft_experiments/analysis_boston_linear_fowler_non_synchronized_layouting_dd_10-02-2026.json.gz
8,Linear Twine QFT,0.8226768952430279,ibm_boston,20,20,~/Nextcloud/Projects/IBM/qft_experiments/analysis_boston_linear_fowler_non_synchronized_layouting_dd_10-02-2026.json.gz
8,Linear Twine QFT,0.8223002380979391,ibm_boston,20,20,~/Nextcloud/Projects/IBM/qft_experiments/analysis_boston_linear_fowler_non_synchronized_layouting_dd_10-02-2026.json.gz
8,Linear Twine QFT,0.8275861479683104,ibm_boston,20,20,~/Nextcloud/Projects/IBM/qft_experiments/analysis_boston_linear_fowler_non_synchronized_layouting_dd_10-02-2026.json.gz
8,Linear Twine QFT,0.8309736082683826,ibm_boston,20,20,~/Nextcloud/Projects/IBM/qft_experiments/analysis_boston_linear_fowler_non_synchronized_layouting_dd_10-02-2026.json.gz
8,Linear Twine QFT,0.8253946385032894,ibm_boston,20,20,~/Nextcloud/Projects/IBM/qft_experiments/analysis_boston_linear_fowler_non_synchronized_layouting_dd_10-02-2026.json.gz
8,Linear Twine QFT,0.8232312789079622,ibm_boston,20,20,~/Nextcloud/Projects/IBM/qft_experiments/analysis_boston_linear_fowler_non_synchronized_layouting_dd_10-02-2026.json.gz
10,Linear Twine QFT,0.7374082263190758,ibm_boston,20,20,~/Nextcloud/Projects/IBM/qft_experiments/analysis_boston_linear_fowler_non_synchronized_layouting_dd_10-02-2026.json.gz
10,Linear Twine QFT,0.7394673524048491,ibm_boston,20,20,~/Nextcloud/Projects/IBM/qft_experiments/analysis_boston_linear_fowler_non_synchronized_layouting_dd_10-02-2026.json.gz
10,Linear Twine QFT,0.7460185673908609,ibm_boston,20,20,~/Nextcloud/Projects/IBM/qft_experiments/analysis_boston_linear_fowler_non_synchronized_layouting_dd_10-02-2026.json.gz
10,Linear Twine QFT,0.7507621929218247,ibm_boston,20,20,~/Nextcloud/Projects/IBM/qft_experiments/analysis_boston_linear_fowler_non_synchronized_layouting_dd_10-02-2026.json.gz
10,Linear Twine QFT,0.7445589446319137,ibm_boston,20,20,~/Nextcloud/Projects/IBM/qft_experiments/analysis_boston_linear_fowler_non_synchronized_layouting_dd_10-02-2026.json.gz
10,Linear Twine QFT,0.743195249396268,ibm_boston,20,20,~/Nextcloud/Projects/IBM/qft_experiments/analysis_boston_linear_fowler_non_synchronized_layouting_dd_10-02-2026.json.gz
10,Linear Twine QFT,0.7540986868030456,ibm_boston,20,20,~/Nextcloud/Projects/IBM/qft_experiments/analysis_boston_linear_fowler_non_synchronized_layouting_dd_10-02-2026.json.gz
10,Linear Twine QFT,0.7562035825694404,ibm_boston,20,20,~/Nextcloud/Projects/IBM/qft_experiments/analysis_boston_linear_fowler_non_synchronized_layouting_dd_10-02-2026.json.gz
10,Linear Twine QFT,0.747164092918455,ibm_boston,20,20,~/Nextcloud/Projects/IBM/qft_experiments/analysis_boston_linear_fowler_non_synchronized_layouting_dd_10-02-2026.json.gz
10,Linear Twine QFT,0.7425376088781575,ibm_boston,20,20,~/Nextcloud/Projects/IBM/qft_experiments/analysis_boston_linear_fowler_non_synchronized_layouting_dd_10-02-2026.json.gz
10,Linear Twine QFT,0.7489255700548828,ibm_boston,20,20,~/Nextcloud/Projects/IBM/qft_experiments/analysis_boston_linear_fowler_non_synchronized_layouting_dd_10-02-2026.json.gz
10,Linear Twine QFT,0.7455661525415721,ibm_boston,20,20,~/Nextcloud/Projects/IBM/qft_experiments/analysis_boston_linear_fowler_non_synchronized_layouting_dd_10-02-2026.json.gz
10,Linear Twine QFT,0.7496246037329812,ibm_boston,20,20,~/Nextcloud/Projects/IBM/qft_experiments/analysis_boston_linear_fowler_non_synchronized_layouting_dd_10-02-2026.json.gz
10,Linear Twine QFT,0.7455131867754071,ibm_boston,20,20,~/Nextcloud/Projects/IBM/qft_experiments/analysis_boston_linear_fowler_non_synchronized_layouting_dd_10-02-2026.json.gz
10,Linear Twine QFT,0.7445902667409071,ibm_boston,20,20,~/Nextcloud/Projects/IBM/qft_experiments/analysis_boston_linear_fowler_non_synchronized_layouting_dd_10-02-2026.json.gz
10,Linear Twine QFT,0.7345154065892557,ibm_boston,20,20,~/Nextcloud/Projects/IBM/qft_experiments/analysis_boston_linear_fowler_non_synchronized_layouting_dd_10-02-2026.json.gz
10,Linear Twine QFT,0.7467811795195817,ibm_boston,20,20,~/Nextcloud/Projects/IBM/qft_experiments/analysis_boston_linear_fowler_non_synchronized_layouting_dd_10-02-2026.json.gz
10,Linear Twine QFT,0.7440867164250013,ibm_boston,20,20,~/Nextcloud/Projects/IBM/qft_experiments/analysis_boston_linear_fowler_non_synchronized_layouting_dd_10-02-2026.json.gz
10,Linear Twine QFT,0.7481360632525146,ibm_boston,20,20,~/Nextcloud/Projects/IBM/qft_experiments/analysis_boston_linear_fowler_non_synchronized_layouting_dd_10-02-2026.json.gz
10,Linear Twine QFT,0.7481169806562129,ibm_boston,20,20,~/Nextcloud/Projects/IBM/qft_experiments/analysis_boston_linear_fowler_non_synchronized_layouting_dd_10-02-2026.json.gz
12,Linear Twine QFT,0.7046472129085375,ibm_boston,20,20,~/Nextcloud/Projects/IBM/qft_experiments/analysis_boston_linear_fowler_non_synchronized_layouting_dd_10-02-2026.json.gz
12,Linear Twine QFT,0.7073468557537026,ibm_boston,20,20,~/Nextcloud/Projects/IBM/qft_experiments/analysis_boston_linear_fowler_non_synchronized_layouting_dd_10-02-2026.json.gz
12,Linear Twine QFT,0.7052616831980945,ibm_boston,20,20,~/Nextcloud/Projects/IBM/qft_experiments/analysis_boston_linear_fowler_non_synchronized_layouting_dd_10-02-2026.json.gz
12,Linear Twine QFT,0.7098593756421432,ibm_boston,20,20,~/Nextcloud/Projects/IBM/qft_experiments/analysis_boston_linear_fowler_non_synchronized_layouting_dd_10-02-2026.json.gz
12,Linear Twine QFT,0.708530395113929,ibm_boston,20,20,~/Nextcloud/Projects/IBM/qft_experiments/analysis_boston_linear_fowler_non_synchronized_layouting_dd_10-02-2026.json.gz
12,Linear Twine QFT,0.6950344603888526,ibm_boston,20,20,~/Nextcloud/Projects/IBM/qft_experiments/analysis_boston_linear_fowler_non_synchronized_layouting_dd_10-02-2026.json.gz
12,Linear Twine QFT,0.708362831615651,ibm_boston,20,20,~/Nextcloud/Projects/IBM/qft_experiments/analysis_boston_linear_fowler_non_synchronized_layouting_dd_10-02-2026.json.gz
12,Linear Twine QFT,0.7119282773416373,ibm_boston,20,20,~/Nextcloud/Projects/IBM/qft_experiments/analysis_boston_linear_fowler_non_synchronized_layouting_dd_10-02-2026.json.gz
12,Linear Twine QFT,0.7083919253192056,ibm_boston,20,20,~/Nextcloud/Projects/IBM/qft_experiments/analysis_boston_linear_fowler_non_synchronized_layouting_dd_10-02-2026.json.gz
12,Linear Twine QFT,0.7088328535553562,ibm_boston,20,20,~/Nextcloud/Projects/IBM/qft_experiments/analysis_boston_linear_fowler_non_synchronized_layouting_dd_10-02-2026.json.gz
12,Linear Twine QFT,0.710950200087088,ibm_boston,20,20,~/Nextcloud/Projects/IBM/qft_experiments/analysis_boston_linear_fowler_non_synchronized_layouting_dd_10-02-2026.json.gz
12,Linear Twine QFT,0.7104527141410639,ibm_boston,20,20,~/Nextcloud/Projects/IBM/qft_experiments/analysis_boston_linear_fowler_non_synchronized_layouting_dd_10-02-2026.json.gz
12,Linear Twine QFT,0.7079550147856309,ibm_boston,20,20,~/Nextcloud/Projects/IBM/qft_experiments/analysis_boston_linear_fowler_non_synchronized_layouting_dd_10-02-2026.json.gz
12,Linear Twine QFT,0.7075668803506007,ibm_boston,20,20,~/Nextcloud/Projects/IBM/qft_experiments/analysis_boston_linear_fowler_non_synchronized_layouting_dd_10-02-2026.json.gz
12,Linear Twine QFT,0.7028994946741739,ibm_boston,20,20,~/Nextcloud/Projects/IBM/qft_experiments/analysis_boston_linear_fowler_non_synchronized_layouting_dd_10-02-2026.json.gz
12,Linear Twine QFT,0.710266482886948,ibm_boston,20,20,~/Nextcloud/Projects/IBM/qft_experiments/analysis_boston_linear_fowler_non_synchronized_layouting_dd_10-02-2026.json.gz
12,Linear Twine QFT,0.7037329952368906,ibm_boston,20,20,~/Nextcloud/Projects/IBM/qft_experiments/analysis_boston_linear_fowler_non_synchronized_layouting_dd_10-02-2026.json.gz
12,Linear Twine QFT,0.708509720707398,ibm_boston,20,20,~/Nextcloud/Projects/IBM/qft_experiments/analysis_boston_linear_fowler_non_synchronized_layouting_dd_10-02-2026.json.gz
12,Linear Twine QFT,0.7071112000862984,ibm_boston,20,20,~/Nextcloud/Projects/IBM/qft_experiments/analysis_boston_linear_fowler_non_synchronized_layouting_dd_10-02-2026.json.gz
12,Linear Twine QFT,0.7057615480249999,ibm_boston,20,20,~/Nextcloud/Projects/IBM/qft_experiments/analysis_boston_linear_fowler_non_synchronized_layouting_dd_10-02-2026.json.gz
14,Linear Twine QFT,0.5925771166688277,ibm_boston,20,20,~/Nextcloud/Projects/IBM/qft_experiments/analysis_boston_linear_fowler_non_synchronized_layouting_dd_10-02-2026.json.gz
14,Linear Twine QFT,0.5942449083759419,ibm_boston,20,20,~/Nextcloud/Projects/IBM/qft_experiments/analysis_boston_linear_fowler_non_synchronized_layouting_dd_10-02-2026.json.gz
14,Linear Twine QFT,0.593193439798146,ibm_boston,20,20,~/Nextcloud/Projects/IBM/qft_experiments/analysis_boston_linear_fowler_non_synchronized_layouting_dd_10-02-2026.json.gz
14,Linear Twine QFT,0.5910276558090222,ibm_boston,20,20,~/Nextcloud/Projects/IBM/qft_experiments/analysis_boston_linear_fowler_non_synchronized_layouting_dd_10-02-2026.json.gz
14,Linear Twine QFT,0.5903375169717182,ibm_boston,20,20,~/Nextcloud/Projects/IBM/qft_experiments/analysis_boston_linear_fowler_non_synchronized_layouting_dd_10-02-2026.json.gz
14,Linear Twine QFT,0.5909273300111526,ibm_boston,20,20,~/Nextcloud/Projects/IBM/qft_experiments/analysis_boston_linear_fowler_non_synchronized_layouting_dd_10-02-2026.json.gz
14,Linear Twine QFT,0.5921593125890874,ibm_boston,20,20,~/Nextcloud/Projects/IBM/qft_experiments/analysis_boston_linear_fowler_non_synchronized_layouting_dd_10-02-2026.json.gz
14,Linear Twine QFT,0.5914082427784354,ibm_boston,20,20,~/Nextcloud/Projects/IBM/qft_experiments/analysis_boston_linear_fowler_non_synchronized_layouting_dd_10-02-2026.json.gz
14,Linear Twine QFT,0.5875183949052551,ibm_boston,20,20,~/Nextcloud/Projects/IBM/qft_experiments/analysis_boston_linear_fowler_non_synchronized_layouting_dd_10-02-2026.json.gz
14,Linear Twine QFT,0.5912717707948514,ibm_boston,20,20,~/Nextcloud/Projects/IBM/qft_experiments/analysis_boston_linear_fowler_non_synchronized_layouting_dd_10-02-2026.json.gz
14,Linear Twine QFT,0.5952966104189839,ibm_boston,20,20,~/Nextcloud/Projects/IBM/qft_experiments/analysis_boston_linear_fowler_non_synchronized_layouting_dd_10-02-2026.json.gz
14,Linear Twine QFT,0.5946990060568208,ibm_boston,20,20,~/Nextcloud/Projects/IBM/qft_experiments/analysis_boston_linear_fowler_non_synchronized_layouting_dd_10-02-2026.json.gz
14,Linear Twine QFT,0.5940077885052086,ibm_boston,20,20,~/Nextcloud/Projects/IBM/qft_experiments/analysis_boston_linear_fowler_non_synchronized_layouting_dd_10-02-2026.json.gz
14,Linear Twine QFT,0.5871590105729895,ibm_boston,20,20,~/Nextcloud/Projects/IBM/qft_experiments/analysis_boston_linear_fowler_non_synchronized_layouting_dd_10-02-2026.json.gz
14,Linear Twine QFT,0.592574708510673,ibm_boston,20,20,~/Nextcloud/Projects/IBM/qft_experiments/analysis_boston_linear_fowler_non_synchronized_layouting_dd_10-02-2026.json.gz
14,Linear Twine QFT,0.5966415579674067,ibm_boston,20,20,~/Nextcloud/Projects/IBM/qft_experiments/analysis_boston_linear_fowler_non_synchronized_layouting_dd_10-02-2026.json.gz
14,Linear Twine QFT,0.5923331438685012,ibm_boston,20,20,~/Nextcloud/Projects/IBM/qft_experiments/analysis_boston_linear_fowler_non_synchronized_layouting_dd_10-02-2026.json.gz
14,Linear Twine QFT,0.5974218407452835,ibm_boston,20,20,~/Nextcloud/Projects/IBM/qft_experiments/analysis_boston_linear_fowler_non_synchronized_layouting_dd_10-02-2026.json.gz
14,Linear Twine QFT,0.5911582500424761,ibm_boston,20,20,~/Nextcloud/Projects/IBM/qft_experiments/analysis_boston_linear_fowler_non_synchronized_layouting_dd_10-02-2026.json.gz
14,Linear Twine QFT,0.5984083027014223,ibm_boston,20,20,~/Nextcloud/Projects/IBM/qft_experiments/analysis_boston_linear_fowler_non_synchronized_layouting_dd_10-02-2026.json.gz
16,Linear Twine QFT,0.5370661356789508,ibm_boston,20,20,~/Nextcloud/Projects/IBM/qft_experiments/analysis_boston_linear_fowler_non_synchronized_layouting_dd_10-02-2026.json.gz
16,Linear Twine QFT,0.5327055118439183,ibm_boston,20,20,~/Nextcloud/Projects/IBM/qft_experiments/analysis_boston_linear_fowler_non_synchronized_layouting_dd_10-02-2026.json.gz
16,Linear Twine QFT,0.530561055223703,ibm_boston,20,20,~/Nextcloud/Projects/IBM/qft_experiments/analysis_boston_linear_fowler_non_synchronized_layouting_dd_10-02-2026.json.gz
16,Linear Twine QFT,0.5320847237748366,ibm_boston,20,20,~/Nextcloud/Projects/IBM/qft_experiments/analysis_boston_linear_fowler_non_synchronized_layouting_dd_10-02-2026.json.gz
16,Linear Twine QFT,0.5353852238727417,ibm_boston,20,20,~/Nextcloud/Projects/IBM/qft_experiments/analysis_boston_linear_fowler_non_synchronized_layouting_dd_10-02-2026.json.gz
16,Linear Twine QFT,0.5378151586919803,ibm_boston,20,20,~/Nextcloud/Projects/IBM/qft_experiments/analysis_boston_linear_fowler_non_synchronized_layouting_dd_10-02-2026.json.gz
16,Linear Twine QFT,0.5403679374956992,ibm_boston,20,20,~/Nextcloud/Projects/IBM/qft_experiments/analysis_boston_linear_fowler_non_synchronized_layouting_dd_10-02-2026.json.gz
16,Linear Twine QFT,0.5302104902044988,ibm_boston,20,20,~/Nextcloud/Projects/IBM/qft_experiments/analysis_boston_linear_fowler_non_synchronized_layouting_dd_10-02-2026.json.gz
16,Linear Twine QFT,0.5269609142209986,ibm_boston,20,20,~/Nextcloud/Projects/IBM/qft_experiments/analysis_boston_linear_fowler_non_synchronized_layouting_dd_10-02-2026.json.gz
16,Linear Twine QFT,0.5336588486984568,ibm_boston,20,20,~/Nextcloud/Projects/IBM/qft_experiments/analysis_boston_linear_fowler_non_synchronized_layouting_dd_10-02-2026.json.gz
16,Linear Twine QFT,0.5331942114640025,ibm_boston,20,20,~/Nextcloud/Projects/IBM/qft_experiments/analysis_boston_linear_fowler_non_synchronized_layouting_dd_10-02-2026.json.gz
16,Linear Twine QFT,0.5298863051731966,ibm_boston,20,20,~/Nextcloud/Projects/IBM/qft_experiments/analysis_boston_linear_fowler_non_synchronized_layouting_dd_10-02-2026.json.gz
16,Linear Twine QFT,0.5294011891527389,ibm_boston,20,20,~/Nextcloud/Projects/IBM/qft_experiments/analysis_boston_linear_fowler_non_synchronized_layouting_dd_10-02-2026.json.gz
16,Linear Twine QFT,0.5364665137157216,ibm_boston,20,20,~/Nextcloud/Projects/IBM/qft_experiments/analysis_boston_linear_fowler_non_synchronized_layouting_dd_10-02-2026.json.gz
16,Linear Twine QFT,0.5336398430283856,ibm_boston,20,20,~/Nextcloud/Projects/IBM/qft_experiments/analysis_boston_linear_fowler_non_synchronized_layouting_dd_10-02-2026.json.gz
16,Linear Twine QFT,0.5335947743734872,ibm_boston,20,20,~/Nextcloud/Projects/IBM/qft_experiments/analysis_boston_linear_fowler_non_synchronized_layouting_dd_10-02-2026.json.gz
16,Linear Twine QFT,0.5304330530065786,ibm_boston,20,20,~/Nextcloud/Projects/IBM/qft_experiments/analysis_boston_linear_fowler_non_synchronized_layouting_dd_10-02-2026.json.gz
16,Linear Twine QFT,0.5360419281106917,ibm_boston,20,20,~/Nextcloud/Projects/IBM/qft_experiments/analysis_boston_linear_fowler_non_synchronized_layouting_dd_10-02-2026.json.gz
16,Linear Twine QFT,0.532939677699929,ibm_boston,20,20,~/Nextcloud/Projects/IBM/qft_experiments/analysis_boston_linear_fowler_non_synchronized_layouting_dd_10-02-2026.json.gz
16,Linear Twine QFT,0.5327043992047729,ibm_boston,20,20,~/Nextcloud/Projects/IBM/qft_experiments/analysis_boston_linear_fowler_non_synchronized_layouting_dd_10-02-2026.json.gz
18,Linear Twine QFT,0.4367430978638797,ibm_boston,20,20,~/Nextcloud/Projects/IBM/qft_experiments/analysis_boston_linear_fowler_non_synchronized_layouting_dd_10-02-2026.json.gz
18,Linear Twine QFT,0.4335442774289468,ibm_boston,20,20,~/Nextcloud/Projects/IBM/qft_experiments/analysis_boston_linear_fowler_non_synchronized_layouting_dd_10-02-2026.json.gz
18,Linear Twine QFT,0.4365487304789959,ibm_boston,20,20,~/Nextcloud/Projects/IBM/qft_experiments/analysis_boston_linear_fowler_non_synchronized_layouting_dd_10-02-2026.json.gz
18,Linear Twine QFT,0.4400328966651325,ibm_boston,20,20,~/Nextcloud/Projects/IBM/qft_experiments/analysis_boston_linear_fowler_non_synchronized_layouting_dd_10-02-2026.json.gz
18,Linear Twine QFT,0.4350369748715412,ibm_boston,20,20,~/Nextcloud/Projects/IBM/qft_experiments/analysis_boston_linear_fowler_non_synchronized_layouting_dd_10-02-2026.json.gz
18,Linear Twine QFT,0.4427631835628159,ibm_boston,20,20,~/Nextcloud/Projects/IBM/qft_experiments/analysis_boston_linear_fowler_non_synchronized_layouting_dd_10-02-2026.json.gz
18,Linear Twine QFT,0.4438284376431403,ibm_boston,20,20,~/Nextcloud/Projects/IBM/qft_experiments/analysis_boston_linear_fowler_non_synchronized_layouting_dd_10-02-2026.json.gz
18,Linear Twine QFT,0.439701193039662,ibm_boston,20,20,~/Nextcloud/Projects/IBM/qft_experiments/analysis_boston_linear_fowler_non_synchronized_layouting_dd_10-02-2026.json.gz
18,Linear Twine QFT,0.440696512637666,ibm_boston,20,20,~/Nextcloud/Projects/IBM/qft_experiments/analysis_boston_linear_fowler_non_synchronized_layouting_dd_10-02-2026.json.gz
18,Linear Twine QFT,0.4346512456838411,ibm_boston,20,20,~/Nextcloud/Projects/IBM/qft_experiments/analysis_boston_linear_fowler_non_synchronized_layouting_dd_10-02-2026.json.gz
18,Linear Twine QFT,0.4350201105409254,ibm_boston,20,20,~/Nextcloud/Projects/IBM/qft_experiments/analysis_boston_linear_fowler_non_synchronized_layouting_dd_10-02-2026.json.gz
18,Linear Twine QFT,0.4402072778750847,ibm_boston,20,20,~/Nextcloud/Projects/IBM/qft_experiments/analysis_boston_linear_fowler_non_synchronized_layouting_dd_10-02-2026.json.gz
18,Linear Twine QFT,0.4379726044077786,ibm_boston,20,20,~/Nextcloud/Projects/IBM/qft_experiments/analysis_boston_linear_fowler_non_synchronized_layouting_dd_10-02-2026.json.gz
18,Linear Twine QFT,0.4471785952877085,ibm_boston,20,20,~/Nextcloud/Projects/IBM/qft_experiments/analysis_boston_linear_fowler_non_synchronized_layouting_dd_10-02-2026.json.gz
18,Linear Twine QFT,0.4354616143917663,ibm_boston,20,20,~/Nextcloud/Projects/IBM/qft_experiments/analysis_boston_linear_fowler_non_synchronized_layouting_dd_10-02-2026.json.gz
18,Linear Twine QFT,0.4442242284700506,ibm_boston,20,20,~/Nextcloud/Projects/IBM/qft_experiments/analysis_boston_linear_fowler_non_synchronized_layouting_dd_10-02-2026.json.gz
18,Linear Twine QFT,0.441817622822277,ibm_boston,20,20,~/Nextcloud/Projects/IBM/qft_experiments/analysis_boston_linear_fowler_non_synchronized_layouting_dd_10-02-2026.json.gz
18,Linear Twine QFT,0.4384139178468518,ibm_boston,20,20,~/Nextcloud/Projects/IBM/qft_experiments/analysis_boston_linear_fowler_non_synchronized_layouting_dd_10-02-2026.json.gz
18,Linear Twine QFT,0.4442442971046,ibm_boston,20,20,~/Nextcloud/Projects/IBM/qft_experiments/analysis_boston_linear_fowler_non_synchronized_layouting_dd_10-02-2026.json.gz
18,Linear Twine QFT,0.4375622967530899,ibm_boston,20,20,~/Nextcloud/Projects/IBM/qft_experiments/analysis_boston_linear_fowler_non_synchronized_layouting_dd_10-02-2026.json.gz
20,Linear Twine QFT,0.385787645537838,ibm_boston,20,20,~/Nextcloud/Projects/IBM/qft_experiments/analysis_boston_linear_fowler_non_synchronized_layouting_dd_10-02-2026.json.gz
20,Linear Twine QFT,0.3893373317799801,ibm_boston,20,20,~/Nextcloud/Projects/IBM/qft_experiments/analysis_boston_linear_fowler_non_synchronized_layouting_dd_10-02-2026.json.gz
20,Linear Twine QFT,0.3874215071238048,ibm_boston,20,20,~/Nextcloud/Projects/IBM/qft_experiments/analysis_boston_linear_fowler_non_synchronized_layouting_dd_10-02-2026.json.gz
20,Linear Twine QFT,0.3935400311332988,ibm_boston,20,20,~/Nextcloud/Projects/IBM/qft_experiments/analysis_boston_linear_fowler_non_synchronized_layouting_dd_10-02-2026.json.gz
20,Linear Twine QFT,0.3882750872850217,ibm_boston,20,20,~/Nextcloud/Projects/IBM/qft_experiments/analysis_boston_linear_fowler_non_synchronized_layouting_dd_10-02-2026.json.gz
20,Linear Twine QFT,0.3878574696687742,ibm_boston,20,20,~/Nextcloud/Projects/IBM/qft_experiments/analysis_boston_linear_fowler_non_synchronized_layouting_dd_10-02-2026.json.gz
20,Linear Twine QFT,0.390156913725721,ibm_boston,20,20,~/Nextcloud/Projects/IBM/qft_experiments/analysis_boston_linear_fowler_non_synchronized_layouting_dd_10-02-2026.json.gz
20,Linear Twine QFT,0.3894456729021723,ibm_boston,20,20,~/Nextcloud/Projects/IBM/qft_experiments/analysis_boston_linear_fowler_non_synchronized_layouting_dd_10-02-2026.json.gz
20,Linear Twine QFT,0.3854019273769348,ibm_boston,20,20,~/Nextcloud/Projects/IBM/qft_experiments/analysis_boston_linear_fowler_non_synchronized_layouting_dd_10-02-2026.json.gz
20,Linear Twine QFT,0.3915907998488599,ibm_boston,20,20,~/Nextcloud/Projects/IBM/qft_experiments/analysis_boston_linear_fowler_non_synchronized_layouting_dd_10-02-2026.json.gz
20,Linear Twine QFT,0.3862742522390244,ibm_boston,20,20,~/Nextcloud/Projects/IBM/qft_experiments/analysis_boston_linear_fowler_non_synchronized_layouting_dd_10-02-2026.json.gz
20,Linear Twine QFT,0.3933874261686594,ibm_boston,20,20,~/Nextcloud/Projects/IBM/qft_experiments/analysis_boston_linear_fowler_non_synchronized_layouting_dd_10-02-2026.json.gz
20,Linear Twine QFT,0.3835999020583752,ibm_boston,20,20,~/Nextcloud/Projects/IBM/qft_experiments/analysis_boston_linear_fowler_non_synchronized_layouting_dd_10-02-2026.json.gz
20,Linear Twine QFT,0.3929601749278503,ibm_boston,20,20,~/Nextcloud/Projects/IBM/qft_experiments/analysis_boston_linear_fowler_non_synchronized_layouting_dd_10-02-2026.json.gz
20,Linear Twine QFT,0.3933419697922682,ibm_boston,20,20,~/Nextcloud/Projects/IBM/qft_experiments/analysis_boston_linear_fowler_non_synchronized_layouting_dd_10-02-2026.json.gz
20,Linear Twine QFT,0.3954316497958254,ibm_boston,20,20,~/Nextcloud/Projects/IBM/qft_experiments/analysis_boston_linear_fowler_non_synchronized_layouting_dd_10-02-2026.json.gz
20,Linear Twine QFT,0.3842991290449843,ibm_boston,20,20,~/Nextcloud/Projects/IBM/qft_experiments/analysis_boston_linear_fowler_non_synchronized_layouting_dd_10-02-2026.json.gz
20,Linear Twine QFT,0.3920716188830904,ibm_boston,20,20,~/Nextcloud/Projects/IBM/qft_experiments/analysis_boston_linear_fowler_non_synchronized_layouting_dd_10-02-2026.json.gz
20,Linear Twine QFT,0.392598463466312,ibm_boston,20,20,~/Nextcloud/Projects/IBM/qft_experiments/analysis_boston_linear_fowler_non_synchronized_layouting_dd_10-02-2026.json.gz
20,Linear Twine QFT,0.3897245534030377,ibm_boston,20,20,~/Nextcloud/Projects/IBM/qft_experiments/analysis_boston_linear_fowler_non_synchronized_layouting_dd_10-02-2026.json.gz
22,Linear Twine QFT,0.3610547044293489,ibm_boston,20,20,~/Nextcloud/Projects/IBM/qft_experiments/analysis_boston_linear_fowler_non_synchronized_layouting_dd_10-02-2026.json.gz
22,Linear Twine QFT,0.3590716280405802,ibm_boston,20,20,~/Nextcloud/Projects/IBM/qft_experiments/analysis_boston_linear_fowler_non_synchronized_layouting_dd_10-02-2026.json.gz
22,Linear Twine QFT,0.3590579825542053,ibm_boston,20,20,~/Nextcloud/Projects/IBM/qft_experiments/analysis_boston_linear_fowler_non_synchronized_layouting_dd_10-02-2026.json.gz
22,Linear Twine QFT,0.3551393522828971,ibm_boston,20,20,~/Nextcloud/Projects/IBM/qft_experiments/analysis_boston_linear_fowler_non_synchronized_layouting_dd_10-02-2026.json.gz
22,Linear Twine QFT,0.357281546727157,ibm_boston,20,20,~/Nextcloud/Projects/IBM/qft_experiments/analysis_boston_linear_fowler_non_synchronized_layouting_dd_10-02-2026.json.gz
22,Linear Twine QFT,0.3546877382550709,ibm_boston,20,20,~/Nextcloud/Projects/IBM/qft_experiments/analysis_boston_linear_fowler_non_synchronized_layouting_dd_10-02-2026.json.gz
22,Linear Twine QFT,0.3495970110775784,ibm_boston,20,20,~/Nextcloud/Projects/IBM/qft_experiments/analysis_boston_linear_fowler_non_synchronized_layouting_dd_10-02-2026.json.gz
22,Linear Twine QFT,0.3542192316054947,ibm_boston,20,20,~/Nextcloud/Projects/IBM/qft_experiments/analysis_boston_linear_fowler_non_synchronized_layouting_dd_10-02-2026.json.gz
22,Linear Twine QFT,0.3591412681939501,ibm_boston,20,20,~/Nextcloud/Projects/IBM/qft_experiments/analysis_boston_linear_fowler_non_synchronized_layouting_dd_10-02-2026.json.gz
22,Linear Twine QFT,0.3561330414256511,ibm_boston,20,20,~/Nextcloud/Projects/IBM/qft_experiments/analysis_boston_linear_fowler_non_synchronized_layouting_dd_10-02-2026.json.gz
22,Linear Twine QFT,0.3556922580426565,ibm_boston,20,20,~/Nextcloud/Projects/IBM/qft_experiments/analysis_boston_linear_fowler_non_synchronized_layouting_dd_10-02-2026.json.gz
22,Linear Twine QFT,0.3610865395237337,ibm_boston,20,20,~/Nextcloud/Projects/IBM/qft_experiments/analysis_boston_linear_fowler_non_synchronized_layouting_dd_10-02-2026.json.gz
22,Linear Twine QFT,0.3559973307360716,ibm_boston,20,20,~/Nextcloud/Projects/IBM/qft_experiments/analysis_boston_linear_fowler_non_synchronized_layouting_dd_10-02-2026.json.gz
22,Linear Twine QFT,0.3563531033922869,ibm_boston,20,20,~/Nextcloud/Projects/IBM/qft_experiments/analysis_boston_linear_fowler_non_synchronized_layouting_dd_10-02-2026.json.gz
22,Linear Twine QFT,0.3547063843310452,ibm_boston,20,20,~/Nextcloud/Projects/IBM/qft_experiments/analysis_boston_linear_fowler_non_synchronized_layouting_dd_10-02-2026.json.gz
22,Linear Twine QFT,0.3546971409960408,ibm_boston,20,20,~/Nextcloud/Projects/IBM/qft_experiments/analysis_boston_linear_fowler_non_synchronized_layouting_dd_10-02-2026.json.gz
22,Linear Twine QFT,0.3570084591121353,ibm_boston,20,20,~/Nextcloud/Projects/IBM/qft_experiments/analysis_boston_linear_fowler_non_synchronized_layouting_dd_10-02-2026.json.gz
22,Linear Twine QFT,0.3560793096878641,ibm_boston,20,20,~/Nextcloud/Projects/IBM/qft_experiments/analysis_boston_linear_fowler_non_synchronized_layouting_dd_10-02-2026.json.gz
22,Linear Twine QFT,0.3581080577317169,ibm_boston,20,20,~/Nextcloud/Projects/IBM/qft_experiments/analysis_boston_linear_fowler_non_synchronized_layouting_dd_10-02-2026.json.gz
22,Linear Twine QFT,0.3580984873299624,ibm_boston,20,20,~/Nextcloud/Projects/IBM/qft_experiments/analysis_boston_linear_fowler_non_synchronized_layouting_dd_10-02-2026.json.gz
24,Linear Twine QFT,0.3073837478633261,ibm_boston,20,20,~/Nextcloud/Projects/IBM/qft_experiments/analysis_boston_linear_fowler_non_synchronized_layouting_dd_10-02-2026.json.gz
24,Linear Twine QFT,0.2997014273485743,ibm_boston,20,20,~/Nextcloud/Projects/IBM/qft_experiments/analysis_boston_linear_fowler_non_synchronized_layouting_dd_10-02-2026.json.gz
24,Linear Twine QFT,0.3088944232587877,ibm_boston,20,20,~/Nextcloud/Projects/IBM/qft_experiments/analysis_boston_linear_fowler_non_synchronized_layouting_dd_10-02-2026.json.gz
24,Linear Twine QFT,0.3061375998369345,ibm_boston,20,20,~/Nextcloud/Projects/IBM/qft_experiments/analysis_boston_linear_fowler_non_synchronized_layouting_dd_10-02-2026.json.gz
24,Linear Twine QFT,0.3049304497510258,ibm_boston,20,20,~/Nextcloud/Projects/IBM/qft_experiments/analysis_boston_linear_fowler_non_synchronized_layouting_dd_10-02-2026.json.gz
24,Linear Twine QFT,0.3076437843440008,ibm_boston,20,20,~/Nextcloud/Projects/IBM/qft_experiments/analysis_boston_linear_fowler_non_synchronized_layouting_dd_10-02-2026.json.gz
24,Linear Twine QFT,0.2998709555459221,ibm_boston,20,20,~/Nextcloud/Projects/IBM/qft_experiments/analysis_boston_linear_fowler_non_synchronized_layouting_dd_10-02-2026.json.gz
24,Linear Twine QFT,0.3090395352699121,ibm_boston,20,20,~/Nextcloud/Projects/IBM/qft_experiments/analysis_boston_linear_fowler_non_synchronized_layouting_dd_10-02-2026.json.gz
24,Linear Twine QFT,0.3029804791807706,ibm_boston,20,20,~/Nextcloud/Projects/IBM/qft_experiments/analysis_boston_linear_fowler_non_synchronized_layouting_dd_10-02-2026.json.gz
24,Linear Twine QFT,0.3064807373820901,ibm_boston,20,20,~/Nextcloud/Projects/IBM/qft_experiments/analysis_boston_linear_fowler_non_synchronized_layouting_dd_10-02-2026.json.gz
24,Linear Twine QFT,0.3055237240730372,ibm_boston,20,20,~/Nextcloud/Projects/IBM/qft_experiments/analysis_boston_linear_fowler_non_synchronized_layouting_dd_10-02-2026.json.gz
24,Linear Twine QFT,0.3094730972188215,ibm_boston,20,20,~/Nextcloud/Projects/IBM/qft_experiments/analysis_boston_linear_fowler_non_synchronized_layouting_dd_10-02-2026.json.gz
24,Linear Twine QFT,0.3024413321340099,ibm_boston,20,20,~/Nextcloud/Projects/IBM/qft_experiments/analysis_boston_linear_fowler_non_synchronized_layouting_dd_10-02-2026.json.gz
24,Linear Twine QFT,0.301401999951949,ibm_boston,20,20,~/Nextcloud/Projects/IBM/qft_experiments/analysis_boston_linear_fowler_non_synchronized_layouting_dd_10-02-2026.json.gz
24,Linear Twine QFT,0.308359708120178,ibm_boston,20,20,~/Nextcloud/Projects/IBM/qft_experiments/analysis_boston_linear_fowler_non_synchronized_layouting_dd_10-02-2026.json.gz
24,Linear Twine QFT,0.3006917254857608,ibm_boston,20,20,~/Nextcloud/Projects/IBM/qft_experiments/analysis_boston_linear_fowler_non_synchronized_layouting_dd_10-02-2026.json.gz
24,Linear Twine QFT,0.3099951332129058,ibm_boston,20,20,~/Nextcloud/Projects/IBM/qft_experiments/analysis_boston_linear_fowler_non_synchronized_layouting_dd_10-02-2026.json.gz
24,Linear Twine QFT,0.3048802846950064,ibm_boston,20,20,~/Nextcloud/Projects/IBM/qft_experiments/analysis_boston_linear_fowler_non_synchronized_layouting_dd_10-02-2026.json.gz
24,Linear Twine QFT,0.3128873426447455,ibm_boston,20,20,~/Nextcloud/Projects/IBM/qft_experiments/analysis_boston_linear_fowler_non_synchronized_layouting_dd_10-02-2026.json.gz
24,Linear Twine QFT,0.3120246983005642,ibm_boston,20,20,~/Nextcloud/Projects/IBM/qft_experiments/analysis_boston_linear_fowler_non_synchronized_layouting_dd_10-02-2026.json.gz
26,Linear Twine QFT,0.256855218831781,ibm_boston,20,20,~/Nextcloud/Projects/IBM/qft_experiments/analysis_boston_linear_fowler_non_synchronized_layouting_dd_10-02-2026.json.gz
26,Linear Twine QFT,0.2567294987373495,ibm_boston,20,20,~/Nextcloud/Projects/IBM/qft_experiments/analysis_boston_linear_fowler_non_synchronized_layouting_dd_10-02-2026.json.gz
26,Linear Twine QFT,0.2582376261667673,ibm_boston,20,20,~/Nextcloud/Projects/IBM/qft_experiments/analysis_boston_linear_fowler_non_synchronized_layouting_dd_10-02-2026.json.gz
26,Linear Twine QFT,0.2582107633967903,ibm_boston,20,20,~/Nextcloud/Projects/IBM/qft_experiments/analysis_boston_linear_fowler_non_synchronized_layouting_dd_10-02-2026.json.gz
26,Linear Twine QFT,0.2561584473565433,ibm_boston,20,20,~/Nextcloud/Projects/IBM/qft_experiments/analysis_boston_linear_fowler_non_synchronized_layouting_dd_10-02-2026.json.gz
26,Linear Twine QFT,0.2544741940409362,ibm_boston,20,20,~/Nextcloud/Projects/IBM/qft_experiments/analysis_boston_linear_fowler_non_synchronized_layouting_dd_10-02-2026.json.gz
26,Linear Twine QFT,0.2571894887770662,ibm_boston,20,20,~/Nextcloud/Projects/IBM/qft_experiments/analysis_boston_linear_fowler_non_synchronized_layouting_dd_10-02-2026.json.gz
26,Linear Twine QFT,0.2601845523903405,ibm_boston,20,20,~/Nextcloud/Projects/IBM/qft_experiments/analysis_boston_linear_fowler_non_synchronized_layouting_dd_10-02-2026.json.gz
26,Linear Twine QFT,0.2548618442619733,ibm_boston,20,20,~/Nextcloud/Projects/IBM/qft_experiments/analysis_boston_linear_fowler_non_synchronized_layouting_dd_10-02-2026.json.gz
26,Linear Twine QFT,0.2577365756266609,ibm_boston,20,20,~/Nextcloud/Projects/IBM/qft_experiments/analysis_boston_linear_fowler_non_synchronized_layouting_dd_10-02-2026.json.gz
26,Linear Twine QFT,0.2486734593536005,ibm_boston,20,20,~/Nextcloud/Projects/IBM/qft_experiments/analysis_boston_linear_fowler_non_synchronized_layouting_dd_10-02-2026.json.gz
26,Linear Twine QFT,0.2581466045224676,ibm_boston,20,20,~/Nextcloud/Projects/IBM/qft_experiments/analysis_boston_linear_fowler_non_synchronized_layouting_dd_10-02-2026.json.gz
26,Linear Twine QFT,0.2511947032349687,ibm_boston,20,20,~/Nextcloud/Projects/IBM/qft_experiments/analysis_boston_linear_fowler_non_synchronized_layouting_dd_10-02-2026.json.gz
26,Linear Twine QFT,0.2591477899487664,ibm_boston,20,20,~/Nextcloud/Projects/IBM/qft_experiments/analysis_boston_linear_fowler_non_synchronized_layouting_dd_10-02-2026.json.gz
26,Linear Twine QFT,0.2566202959257891,ibm_boston,20,20,~/Nextcloud/Projects/IBM/qft_experiments/analysis_boston_linear_fowler_non_synchronized_layouting_dd_10-02-2026.json.gz
26,Linear Twine QFT,0.2567617812279167,ibm_boston,20,20,~/Nextcloud/Projects/IBM/qft_experiments/analysis_boston_linear_fowler_non_synchronized_layouting_dd_10-02-2026.json.gz
26,Linear Twine QFT,0.2601449837322547,ibm_boston,20,20,~/Nextcloud/Projects/IBM/qft_experiments/analysis_boston_linear_fowler_non_synchronized_layouting_dd_10-02-2026.json.gz
26,Linear Twine QFT,0.2574935608201765,ibm_boston,20,20,~/Nextcloud/Projects/IBM/qft_experiments/analysis_boston_linear_fowler_non_synchronized_layouting_dd_10-02-2026.json.gz
26,Linear Twine QFT,0.2570332491551909,ibm_boston,20,20,~/Nextcloud/Projects/IBM/qft_experiments/analysis_boston_linear_fowler_non_synchronized_layouting_dd_10-02-2026.json.gz
26,Linear Twine QFT,0.260339686484698,ibm_boston,20,20,~/Nextcloud/Projects/IBM/qft_experiments/analysis_boston_linear_fowler_non_synchronized_layouting_dd_10-02-2026.json.gz
28,Linear Twine QFT,0.2138854907813496,ibm_boston,20,20,~/Nextcloud/Projects/IBM/qft_experiments/analysis_boston_linear_fowler_non_synchronized_layouting_dd_10-02-2026.json.gz
28,Linear Twine QFT,0.2171581823327643,ibm_boston,20,20,~/Nextcloud/Projects/IBM/qft_experiments/analysis_boston_linear_fowler_non_synchronized_layouting_dd_10-02-2026.json.gz
28,Linear Twine QFT,0.2158826087100095,ibm_boston,20,20,~/Nextcloud/Projects/IBM/qft_experiments/analysis_boston_linear_fowler_non_synchronized_layouting_dd_10-02-2026.json.gz
28,Linear Twine QFT,0.2132612427471047,ibm_boston,20,20,~/Nextcloud/Projects/IBM/qft_experiments/analysis_boston_linear_fowler_non_synchronized_layouting_dd_10-02-2026.json.gz
28,Linear Twine QFT,0.2155861010003284,ibm_boston,20,20,~/Nextcloud/Projects/IBM/qft_experiments/analysis_boston_linear_fowler_non_synchronized_layouting_dd_10-02-2026.json.gz
28,Linear Twine QFT,0.2126508602414021,ibm_boston,20,20,~/Nextcloud/Projects/IBM/qft_experiments/analysis_boston_linear_fowler_non_synchronized_layouting_dd_10-02-2026.json.gz
28,Linear Twine QFT,0.2156168001527765,ibm_boston,20,20,~/Nextcloud/Projects/IBM/qft_experiments/analysis_boston_linear_fowler_non_synchronized_layouting_dd_10-02-2026.json.gz
28,Linear Twine QFT,0.2095588378767136,ibm_boston,20,20,~/Nextcloud/Projects/IBM/qft_experiments/analysis_boston_linear_fowler_non_synchronized_layouting_dd_10-02-2026.json.gz
28,Linear Twine QFT,0.2161595924399728,ibm_boston,20,20,~/Nextcloud/Projects/IBM/qft_experiments/analysis_boston_linear_fowler_non_synchronized_layouting_dd_10-02-2026.json.gz
28,Linear Twine QFT,0.2140725198795009,ibm_boston,20,20,~/Nextcloud/Projects/IBM/qft_experiments/analysis_boston_linear_fowler_non_synchronized_layouting_dd_10-02-2026.json.gz
28,Linear Twine QFT,0.2156519589261484,ibm_boston,20,20,~/Nextcloud/Projects/IBM/qft_experiments/analysis_boston_linear_fowler_non_synchronized_layouting_dd_10-02-2026.json.gz
28,Linear Twine QFT,0.213838276465517,ibm_boston,20,20,~/Nextcloud/Projects/IBM/qft_experiments/analysis_boston_linear_fowler_non_synchronized_layouting_dd_10-02-2026.json.gz
28,Linear Twine QFT,0.218588966474781,ibm_boston,20,20,~/Nextcloud/Projects/IBM/qft_experiments/analysis_boston_linear_fowler_non_synchronized_layouting_dd_10-02-2026.json.gz
28,Linear Twine QFT,0.2126888709287583,ibm_boston,20,20,~/Nextcloud/Projects/IBM/qft_experiments/analysis_boston_linear_fowler_non_synchronized_layouting_dd_10-02-2026.json.gz
28,Linear Twine QFT,0.2163991234885202,ibm_boston,20,20,~/Nextcloud/Projects/IBM/qft_experiments/analysis_boston_linear_fowler_non_synchronized_layouting_dd_10-02-2026.json.gz
28,Linear Twine QFT,0.2133060829262082,ibm_boston,20,20,~/Nextcloud/Projects/IBM/qft_experiments/analysis_boston_linear_fowler_non_synchronized_layouting_dd_10-02-2026.json.gz
28,Linear Twine QFT,0.215058258129381,ibm_boston,20,20,~/Nextcloud/Projects/IBM/qft_experiments/analysis_boston_linear_fowler_non_synchronized_layouting_dd_10-02-2026.json.gz
28,Linear Twine QFT,0.2164301203181621,ibm_boston,20,20,~/Nextcloud/Projects/IBM/qft_experiments/analysis_boston_linear_fowler_non_synchronized_layouting_dd_10-02-2026.json.gz
28,Linear Twine QFT,0.2154989236515145,ibm_boston,20,20,~/Nextcloud/Projects/IBM/qft_experiments/analysis_boston_linear_fowler_non_synchronized_layouting_dd_10-02-2026.json.gz
28,Linear Twine QFT,0.2153809305080002,ibm_boston,20,20,~/Nextcloud/Projects/IBM/qft_experiments/analysis_boston_linear_fowler_non_synchronized_layouting_dd_10-02-2026.json.gz
30,Linear Twine QFT,0.1842032607200958,ibm_boston,20,20,~/Nextcloud/Projects/IBM/qft_experiments/analysis_boston_linear_fowler_non_synchronized_layouting_dd_10-02-2026.json.gz
30,Linear Twine QFT,0.1864713640374905,ibm_boston,20,20,~/Nextcloud/Projects/IBM/qft_experiments/analysis_boston_linear_fowler_non_synchronized_layouting_dd_10-02-2026.json.gz
30,Linear Twine QFT,0.1846090721102404,ibm_boston,20,20,~/Nextcloud/Projects/IBM/qft_experiments/analysis_boston_linear_fowler_non_synchronized_layouting_dd_10-02-2026.json.gz
30,Linear Twine QFT,0.1799666214089006,ibm_boston,20,20,~/Nextcloud/Projects/IBM/qft_experiments/analysis_boston_linear_fowler_non_synchronized_layouting_dd_10-02-2026.json.gz
30,Linear Twine QFT,0.1839309167717999,ibm_boston,20,20,~/Nextcloud/Projects/IBM/qft_experiments/analysis_boston_linear_fowler_non_synchronized_layouting_dd_10-02-2026.json.gz
30,Linear Twine QFT,0.1827733296541046,ibm_boston,20,20,~/Nextcloud/Projects/IBM/qft_experiments/analysis_boston_linear_fowler_non_synchronized_layouting_dd_10-02-2026.json.gz
30,Linear Twine QFT,0.181960938881385,ibm_boston,20,20,~/Nextcloud/Projects/IBM/qft_experiments/analysis_boston_linear_fowler_non_synchronized_layouting_dd_10-02-2026.json.gz
30,Linear Twine QFT,0.1860398643798187,ibm_boston,20,20,~/Nextcloud/Projects/IBM/qft_experiments/analysis_boston_linear_fowler_non_synchronized_layouting_dd_10-02-2026.json.gz
30,Linear Twine QFT,0.1856501807205937,ibm_boston,20,20,~/Nextcloud/Projects/IBM/qft_experiments/analysis_boston_linear_fowler_non_synchronized_layouting_dd_10-02-2026.json.gz
30,Linear Twine QFT,0.1837008876459669,ibm_boston,20,20,~/Nextcloud/Projects/IBM/qft_experiments/analysis_boston_linear_fowler_non_synchronized_layouting_dd_10-02-2026.json.gz
30,Linear Twine QFT,0.1812015951916924,ibm_boston,20,20,~/Nextcloud/Projects/IBM/qft_experiments/analysis_boston_linear_fowler_non_synchronized_layouting_dd_10-02-2026.json.gz
30,Linear Twine QFT,0.1836399027438854,ibm_boston,20,20,~/Nextcloud/Projects/IBM/qft_experiments/analysis_boston_linear_fowler_non_synchronized_layouting_dd_10-02-2026.json.gz
30,Linear Twine QFT,0.1874420437017791,ibm_boston,20,20,~/Nextcloud/Projects/IBM/qft_experiments/analysis_boston_linear_fowler_non_synchronized_layouting_dd_10-02-2026.json.gz
30,Linear Twine QFT,0.1841145123630004,ibm_boston,20,20,~/Nextcloud/Projects/IBM/qft_experiments/analysis_boston_linear_fowler_non_synchronized_layouting_dd_10-02-2026.json.gz
30,Linear Twine QFT,0.1839364965673112,ibm_boston,20,20,~/Nextcloud/Projects/IBM/qft_experiments/analysis_boston_linear_fowler_non_synchronized_layouting_dd_10-02-2026.json.gz
30,Linear Twine QFT,0.1848911007340484,ibm_boston,20,20,~/Nextcloud/Projects/IBM/qft_experiments/analysis_boston_linear_fowler_non_synchronized_layouting_dd_10-02-2026.json.gz
30,Linear Twine QFT,0.1873353235703923,ibm_boston,20,20,~/Nextcloud/Projects/IBM/qft_experiments/analysis_boston_linear_fowler_non_synchronized_layouting_dd_10-02-2026.json.gz
30,Linear Twine QFT,0.1837087380258133,ibm_boston,20,20,~/Nextcloud/Projects/IBM/qft_experiments/analysis_boston_linear_fowler_non_synchronized_layouting_dd_10-02-2026.json.gz
30,Linear Twine QFT,0.1829881134898097,ibm_boston,20,20,~/Nextcloud/Projects/IBM/qft_experiments/analysis_boston_linear_fowler_non_synchronized_layouting_dd_10-02-2026.json.gz
30,Linear Twine QFT,0.1833438447126397,ibm_boston,20,20,~/Nextcloud/Projects/IBM/qft_experiments/analysis_boston_linear_fowler_non_synchronized_layouting_dd_10-02-2026.json.gz
32,Linear Twine QFT,0.1185381967443602,ibm_boston,20,20,~/Nextcloud/Projects/IBM/qft_experiments/analysis_boston_linear_fowler_non_synchronized_layouting_dd_10-02-2026.json.gz
32,Linear Twine QFT,0.1189276184125349,ibm_boston,20,20,~/Nextcloud/Projects/IBM/qft_experiments/analysis_boston_linear_fowler_non_synchronized_layouting_dd_10-02-2026.json.gz
32,Linear Twine QFT,0.118424838876979,ibm_boston,20,20,~/Nextcloud/Projects/IBM/qft_experiments/analysis_boston_linear_fowler_non_synchronized_layouting_dd_10-02-2026.json.gz
32,Linear Twine QFT,0.1193587500947654,ibm_boston,20,20,~/Nextcloud/Projects/IBM/qft_experiments/analysis_boston_linear_fowler_non_synchronized_layouting_dd_10-02-2026.json.gz
32,Linear Twine QFT,0.117445043009486,ibm_boston,20,20,~/Nextcloud/Projects/IBM/qft_experiments/analysis_boston_linear_fowler_non_synchronized_layouting_dd_10-02-2026.json.gz
32,Linear Twine QFT,0.1221897531323067,ibm_boston,20,20,~/Nextcloud/Projects/IBM/qft_experiments/analysis_boston_linear_fowler_non_synchronized_layouting_dd_10-02-2026.json.gz
32,Linear Twine QFT,0.1171101906600372,ibm_boston,20,20,~/Nextcloud/Projects/IBM/qft_experiments/analysis_boston_linear_fowler_non_synchronized_layouting_dd_10-02-2026.json.gz
32,Linear Twine QFT,0.1156781086084981,ibm_boston,20,20,~/Nextcloud/Projects/IBM/qft_experiments/analysis_boston_linear_fowler_non_synchronized_layouting_dd_10-02-2026.json.gz
32,Linear Twine QFT,0.1182994283864801,ibm_boston,20,20,~/Nextcloud/Projects/IBM/qft_experiments/analysis_boston_linear_fowler_non_synchronized_layouting_dd_10-02-2026.json.gz
32,Linear Twine QFT,0.1177721680598091,ibm_boston,20,20,~/Nextcloud/Projects/IBM/qft_experiments/analysis_boston_linear_fowler_non_synchronized_layouting_dd_10-02-2026.json.gz
32,Linear Twine QFT,0.1168475457679647,ibm_boston,20,20,~/Nextcloud/Projects/IBM/qft_experiments/analysis_boston_linear_fowler_non_synchronized_layouting_dd_10-02-2026.json.gz
32,Linear Twine QFT,0.118883814747938,ibm_boston,20,20,~/Nextcloud/Projects/IBM/qft_experiments/analysis_boston_linear_fowler_non_synchronized_layouting_dd_10-02-2026.json.gz
32,Linear Twine QFT,0.1191024493776678,ibm_boston,20,20,~/Nextcloud/Projects/IBM/qft_experiments/analysis_boston_linear_fowler_non_synchronized_layouting_dd_10-02-2026.json.gz
32,Linear Twine QFT,0.1163956976698929,ibm_boston,20,20,~/Nextcloud/Projects/IBM/qft_experiments/analysis_boston_linear_fowler_non_synchronized_layouting_dd_10-02-2026.json.gz
32,Linear Twine QFT,0.1246222701867393,ibm_boston,20,20,~/Nextcloud/Projects/IBM/qft_experiments/analysis_boston_linear_fowler_non_synchronized_layouting_dd_10-02-2026.json.gz
32,Linear Twine QFT,0.1162818636599739,ibm_boston,20,20,~/Nextcloud/Projects/IBM/qft_experiments/analysis_boston_linear_fowler_non_synchronized_layouting_dd_10-02-2026.json.gz
32,Linear Twine QFT,0.1186551889875462,ibm_boston,20,20,~/Nextcloud/Projects/IBM/qft_experiments/analysis_boston_linear_fowler_non_synchronized_layouting_dd_10-02-2026.json.gz
32,Linear Twine QFT,0.120675992919627,ibm_boston,20,20,~/Nextcloud/Projects/IBM/qft_experiments/analysis_boston_linear_fowler_non_synchronized_layouting_dd_10-02-2026.json.gz
32,Linear Twine QFT,0.1170674698530346,ibm_boston,20,20,~/Nextcloud/Projects/IBM/qft_experiments/analysis_boston_linear_fowler_non_synchronized_layouting_dd_10-02-2026.json.gz
32,Linear Twine QFT,0.1195640642471918,ibm_boston,20,20,~/Nextcloud/Projects/IBM/qft_experiments/analysis_boston_linear_fowler_non_synchronized_layouting_dd_10-02-2026.json.gz
34,Linear Twine QFT,0.093772481457741,ibm_boston,20,20,~/Nextcloud/Projects/IBM/qft_experiments/analysis_boston_linear_fowler_non_synchronized_layouting_dd_10-02-2026.json.gz
34,Linear Twine QFT,0.09377606740024,ibm_boston,20,20,~/Nextcloud/Projects/IBM/qft_experiments/analysis_boston_linear_fowler_non_synchronized_layouting_dd_10-02-2026.json.gz
34,Linear Twine QFT,0.0974215341649647,ibm_boston,20,20,~/Nextcloud/Projects/IBM/qft_experiments/analysis_boston_linear_fowler_non_synchronized_layouting_dd_10-02-2026.json.gz
34,Linear Twine QFT,0.0971411437459262,ibm_boston,20,20,~/Nextcloud/Projects/IBM/qft_experiments/analysis_boston_linear_fowler_non_synchronized_layouting_dd_10-02-2026.json.gz
34,Linear Twine QFT,0.0963635605342917,ibm_boston,20,20,~/Nextcloud/Projects/IBM/qft_experiments/analysis_boston_linear_fowler_non_synchronized_layouting_dd_10-02-2026.json.gz
34,Linear Twine QFT,0.0946495551664806,ibm_boston,20,20,~/Nextcloud/Projects/IBM/qft_experiments/analysis_boston_linear_fowler_non_synchronized_layouting_dd_10-02-2026.json.gz
34,Linear Twine QFT,0.0957975303616772,ibm_boston,20,20,~/Nextcloud/Projects/IBM/qft_experiments/analysis_boston_linear_fowler_non_synchronized_layouting_dd_10-02-2026.json.gz
34,Linear Twine QFT,0.0996118612301901,ibm_boston,20,20,~/Nextcloud/Projects/IBM/qft_experiments/analysis_boston_linear_fowler_non_synchronized_layouting_dd_10-02-2026.json.gz
34,Linear Twine QFT,0.0968971338465604,ibm_boston,20,20,~/Nextcloud/Projects/IBM/qft_experiments/analysis_boston_linear_fowler_non_synchronized_layouting_dd_10-02-2026.json.gz
34,Linear Twine QFT,0.0987872430906917,ibm_boston,20,20,~/Nextcloud/Projects/IBM/qft_experiments/analysis_boston_linear_fowler_non_synchronized_layouting_dd_10-02-2026.json.gz
34,Linear Twine QFT,0.0957528720595406,ibm_boston,20,20,~/Nextcloud/Projects/IBM/qft_experiments/analysis_boston_linear_fowler_non_synchronized_layouting_dd_10-02-2026.json.gz
34,Linear Twine QFT,0.0944664588865316,ibm_boston,20,20,~/Nextcloud/Projects/IBM/qft_experiments/analysis_boston_linear_fowler_non_synchronized_layouting_dd_10-02-2026.json.gz
34,Linear Twine QFT,0.0993443403864895,ibm_boston,20,20,~/Nextcloud/Projects/IBM/qft_experiments/analysis_boston_linear_fowler_non_synchronized_layouting_dd_10-02-2026.json.gz
34,Linear Twine QFT,0.0978490735230467,ibm_boston,20,20,~/Nextcloud/Projects/IBM/qft_experiments/analysis_boston_linear_fowler_non_synchronized_layouting_dd_10-02-2026.json.gz
34,Linear Twine QFT,0.0975446648624641,ibm_boston,20,20,~/Nextcloud/Projects/IBM/qft_experiments/analysis_boston_linear_fowler_non_synchronized_layouting_dd_10-02-2026.json.gz
34,Linear Twine QFT,0.1003997955140608,ibm_boston,20,20,~/Nextcloud/Projects/IBM/qft_experiments/analysis_boston_linear_fowler_non_synchronized_layouting_dd_10-02-2026.json.gz
34,Linear Twine QFT,0.0995282817094191,ibm_boston,20,20,~/Nextcloud/Projects/IBM/qft_experiments/analysis_boston_linear_fowler_non_synchronized_layouting_dd_10-02-2026.json.gz
34,Linear Twine QFT,0.0990639015742064,ibm_boston,20,20,~/Nextcloud/Projects/IBM/qft_experiments/analysis_boston_linear_fowler_non_synchronized_layouting_dd_10-02-2026.json.gz
34,Linear Twine QFT,0.0998983657895596,ibm_boston,20,20,~/Nextcloud/Projects/IBM/qft_experiments/analysis_boston_linear_fowler_non_synchronized_layouting_dd_10-02-2026.json.gz
34,Linear Twine QFT,0.09909467886785,ibm_boston,20,20,~/Nextcloud/Projects/IBM/qft_experiments/analysis_boston_linear_fowler_non_synchronized_layouting_dd_10-02-2026.json.gz
36,Linear Twine QFT,0.1023024949397447,ibm_boston,20,20,~/Nextcloud/Projects/IBM/qft_experiments/analysis_boston_linear_fowler_non_synchronized_layouting_dd_10-02-2026.json.gz
36,Linear Twine QFT,0.1020062433734629,ibm_boston,20,20,~/Nextcloud/Projects/IBM/qft_experiments/analysis_boston_linear_fowler_non_synchronized_layouting_dd_10-02-2026.json.gz
36,Linear Twine QFT,0.1028030748388369,ibm_boston,20,20,~/Nextcloud/Projects/IBM/qft_experiments/analysis_boston_linear_fowler_non_synchronized_layouting_dd_10-02-2026.json.gz
36,Linear Twine QFT,0.1026857257727626,ibm_boston,20,20,~/Nextcloud/Projects/IBM/qft_experiments/analysis_boston_linear_fowler_non_synchronized_layouting_dd_10-02-2026.json.gz
36,Linear Twine QFT,0.1022138222871951,ibm_boston,20,20,~/Nextcloud/Projects/IBM/qft_experiments/analysis_boston_linear_fowler_non_synchronized_layouting_dd_10-02-2026.json.gz
36,Linear Twine QFT,0.103537759764458,ibm_boston,20,20,~/Nextcloud/Projects/IBM/qft_experiments/analysis_boston_linear_fowler_non_synchronized_layouting_dd_10-02-2026.json.gz
36,Linear Twine QFT,0.1000806455026807,ibm_boston,20,20,~/Nextcloud/Projects/IBM/qft_experiments/analysis_boston_linear_fowler_non_synchronized_layouting_dd_10-02-2026.json.gz
36,Linear Twine QFT,0.099906977642451,ibm_boston,20,20,~/Nextcloud/Projects/IBM/qft_experiments/analysis_boston_linear_fowler_non_synchronized_layouting_dd_10-02-2026.json.gz
36,Linear Twine QFT,0.0979504011628323,ibm_boston,20,20,~/Nextcloud/Projects/IBM/qft_experiments/analysis_boston_linear_fowler_non_synchronized_layouting_dd_10-02-2026.json.gz
36,Linear Twine QFT,0.1025922749673304,ibm_boston,20,20,~/Nextcloud/Projects/IBM/qft_experiments/analysis_boston_linear_fowler_non_synchronized_layouting_dd_10-02-2026.json.gz
36,Linear Twine QFT,0.1023469703028631,ibm_boston,20,20,~/Nextcloud/Projects/IBM/qft_experiments/analysis_boston_linear_fowler_non_synchronized_layouting_dd_10-02-2026.json.gz
36,Linear Twine QFT,0.1017619169034634,ibm_boston,20,20,~/Nextcloud/Projects/IBM/qft_experiments/analysis_boston_linear_fowler_non_synchronized_layouting_dd_10-02-2026.json.gz
36,Linear Twine QFT,0.1014418341408336,ibm_boston,20,20,~/Nextcloud/Projects/IBM/qft_experiments/analysis_boston_linear_fowler_non_synchronized_layouting_dd_10-02-2026.json.gz
36,Linear Twine QFT,0.0992959672083922,ibm_boston,20,20,~/Nextcloud/Projects/IBM/qft_experiments/analysis_boston_linear_fowler_non_synchronized_layouting_dd_10-02-2026.json.gz
36,Linear Twine QFT,0.1007361454666049,ibm_boston,20,20,~/Nextcloud/Projects/IBM/qft_experiments/analysis_boston_linear_fowler_non_synchronized_layouting_dd_10-02-2026.json.gz
36,Linear Twine QFT,0.1003934601346815,ibm_boston,20,20,~/Nextcloud/Projects/IBM/qft_experiments/analysis_boston_linear_fowler_non_synchronized_layouting_dd_10-02-2026.json.gz
36,Linear Twine QFT,0.1007776292088769,ibm_boston,20,20,~/Nextcloud/Projects/IBM/qft_experiments/analysis_boston_linear_fowler_non_synchronized_layouting_dd_10-02-2026.json.gz
36,Linear Twine QFT,0.0997339208750016,ibm_boston,20,20,~/Nextcloud/Projects/IBM/qft_experiments/analysis_boston_linear_fowler_non_synchronized_layouting_dd_10-02-2026.json.gz
36,Linear Twine QFT,0.1013811983833609,ibm_boston,20,20,~/Nextcloud/Projects/IBM/qft_experiments/analysis_boston_linear_fowler_non_synchronized_layouting_dd_10-02-2026.json.gz
36,Linear Twine QFT,0.1005625793547174,ibm_boston,20,20,~/Nextcloud/Projects/IBM/qft_experiments/analysis_boston_linear_fowler_non_synchronized_layouting_dd_10-02-2026.json.gz
38,Linear Twine QFT,0.0784325981854019,ibm_boston,20,20,~/Nextcloud/Projects/IBM/qft_experiments/analysis_boston_linear_fowler_non_synchronized_layouting_dd_10-02-2026.json.gz
38,Linear Twine QFT,0.0793830362958602,ibm_boston,20,20,~/Nextcloud/Projects/IBM/qft_experiments/analysis_boston_linear_fowler_non_synchronized_layouting_dd_10-02-2026.json.gz
38,Linear Twine QFT,0.0796826874274296,ibm_boston,20,20,~/Nextcloud/Projects/IBM/qft_experiments/analysis_boston_linear_fowler_non_synchronized_layouting_dd_10-02-2026.json.gz
38,Linear Twine QFT,0.0762927009891525,ibm_boston,20,20,~/Nextcloud/Projects/IBM/qft_experiments/analysis_boston_linear_fowler_non_synchronized_layouting_dd_10-02-2026.json.gz
38,Linear Twine QFT,0.0790156753324054,ibm_boston,20,20,~/Nextcloud/Projects/IBM/qft_experiments/analysis_boston_linear_fowler_non_synchronized_layouting_dd_10-02-2026.json.gz
38,Linear Twine QFT,0.0804666324191978,ibm_boston,20,20,~/Nextcloud/Projects/IBM/qft_experiments/analysis_boston_linear_fowler_non_synchronized_layouting_dd_10-02-2026.json.gz
38,Linear Twine QFT,0.0790936059560074,ibm_boston,20,20,~/Nextcloud/Projects/IBM/qft_experiments/analysis_boston_linear_fowler_non_synchronized_layouting_dd_10-02-2026.json.gz
38,Linear Twine QFT,0.080980258052209,ibm_boston,20,20,~/Nextcloud/Projects/IBM/qft_experiments/analysis_boston_linear_fowler_non_synchronized_layouting_dd_10-02-2026.json.gz
38,Linear Twine QFT,0.0777385253349448,ibm_boston,20,20,~/Nextcloud/Projects/IBM/qft_experiments/analysis_boston_linear_fowler_non_synchronized_layouting_dd_10-02-2026.json.gz
38,Linear Twine QFT,0.0797996855705612,ibm_boston,20,20,~/Nextcloud/Projects/IBM/qft_experiments/analysis_boston_linear_fowler_non_synchronized_layouting_dd_10-02-2026.json.gz
38,Linear Twine QFT,0.0789500710592564,ibm_boston,20,20,~/Nextcloud/Projects/IBM/qft_experiments/analysis_boston_linear_fowler_non_synchronized_layouting_dd_10-02-2026.json.gz
38,Linear Twine QFT,0.078420123015451,ibm_boston,20,20,~/Nextcloud/Projects/IBM/qft_experiments/analysis_boston_linear_fowler_non_synchronized_layouting_dd_10-02-2026.json.gz
38,Linear Twine QFT,0.0768616984230143,ibm_boston,20,20,~/Nextcloud/Projects/IBM/qft_experiments/analysis_boston_linear_fowler_non_synchronized_layouting_dd_10-02-2026.json.gz
38,Linear Twine QFT,0.0765020474138455,ibm_boston,20,20,~/Nextcloud/Projects/IBM/qft_experiments/analysis_boston_linear_fowler_non_synchronized_layouting_dd_10-02-2026.json.gz
38,Linear Twine QFT,0.0819938409148186,ibm_boston,20,20,~/Nextcloud/Projects/IBM/qft_experiments/analysis_boston_linear_fowler_non_synchronized_layouting_dd_10-02-2026.json.gz
38,Linear Twine QFT,0.0772500400933374,ibm_boston,20,20,~/Nextcloud/Projects/IBM/qft_experiments/analysis_boston_linear_fowler_non_synchronized_layouting_dd_10-02-2026.json.gz
38,Linear Twine QFT,0.0768512844034871,ibm_boston,20,20,~/Nextcloud/Projects/IBM/qft_experiments/analysis_boston_linear_fowler_non_synchronized_layouting_dd_10-02-2026.json.gz
38,Linear Twine QFT,0.078055408190692,ibm_boston,20,20,~/Nextcloud/Projects/IBM/qft_experiments/analysis_boston_linear_fowler_non_synchronized_layouting_dd_10-02-2026.json.gz
38,Linear Twine QFT,0.0787324170086888,ibm_boston,20,20,~/Nextcloud/Projects/IBM/qft_experiments/analysis_boston_linear_fowler_non_synchronized_layouting_dd_10-02-2026.json.gz
38,Linear Twine QFT,0.0768349489697979,ibm_boston,20,20,~/Nextcloud/Projects/IBM/qft_experiments/analysis_boston_linear_fowler_non_synchronized_layouting_dd_10-02-2026.json.gz
40,Linear Twine QFT,0.0550948864530788,ibm_boston,20,20,~/Nextcloud/Projects/IBM/qft_experiments/analysis_boston_linear_fowler_non_synchronized_layouting_dd_10-02-2026.json.gz
40,Linear Twine QFT,0.0571301376577886,ibm_boston,20,20,~/Nextcloud/Projects/IBM/qft_experiments/analysis_boston_linear_fowler_non_synchronized_layouting_dd_10-02-2026.json.gz
40,Linear Twine QFT,0.0557840151071746,ibm_boston,20,20,~/Nextcloud/Projects/IBM/qft_experiments/analysis_boston_linear_fowler_non_synchronized_layouting_dd_10-02-2026.json.gz
40,Linear Twine QFT,0.055241688035645,ibm_boston,20,20,~/Nextcloud/Projects/IBM/qft_experiments/analysis_boston_linear_fowler_non_synchronized_layouting_dd_10-02-2026.json.gz
40,Linear Twine QFT,0.0568771989574356,ibm_boston,20,20,~/Nextcloud/Projects/IBM/qft_experiments/analysis_boston_linear_fowler_non_synchronized_layouting_dd_10-02-2026.json.gz
40,Linear Twine QFT,0.0554059327714308,ibm_boston,20,20,~/Nextcloud/Projects/IBM/qft_experiments/analysis_boston_linear_fowler_non_synchronized_layouting_dd_10-02-2026.json.gz
40,Linear Twine QFT,0.0575322081050961,ibm_boston,20,20,~/Nextcloud/Projects/IBM/qft_experiments/analysis_boston_linear_fowler_non_synchronized_layouting_dd_10-02-2026.json.gz
40,Linear Twine QFT,0.0545019092702247,ibm_boston,20,20,~/Nextcloud/Projects/IBM/qft_experiments/analysis_boston_linear_fowler_non_synchronized_layouting_dd_10-02-2026.json.gz
40,Linear Twine QFT,0.0573540831389651,ibm_boston,20,20,~/Nextcloud/Projects/IBM/qft_experiments/analysis_boston_linear_fowler_non_synchronized_layouting_dd_10-02-2026.json.gz
40,Linear Twine QFT,0.0565519002498789,ibm_boston,20,20,~/Nextcloud/Projects/IBM/qft_experiments/analysis_boston_linear_fowler_non_synchronized_layouting_dd_10-02-2026.json.gz
40,Linear Twine QFT,0.0571654096358157,ibm_boston,20,20,~/Nextcloud/Projects/IBM/qft_experiments/analysis_boston_linear_fowler_non_synchronized_layouting_dd_10-02-2026.json.gz
40,Linear Twine QFT,0.057265908663269,ibm_boston,20,20,~/Nextcloud/Projects/IBM/qft_experiments/analysis_boston_linear_fowler_non_synchronized_layouting_dd_10-02-2026.json.gz
40,Linear Twine QFT,0.0541497648837166,ibm_boston,20,20,~/Nextcloud/Projects/IBM/qft_experiments/analysis_boston_linear_fowler_non_synchronized_layouting_dd_10-02-2026.json.gz
40,Linear Twine QFT,0.0568946007441958,ibm_boston,20,20,~/Nextcloud/Projects/IBM/qft_experiments/analysis_boston_linear_fowler_non_synchronized_layouting_dd_10-02-2026.json.gz
40,Linear Twine QFT,0.054317276490686,ibm_boston,20,20,~/Nextcloud/Projects/IBM/qft_experiments/analysis_boston_linear_fowler_non_synchronized_layouting_dd_10-02-2026.json.gz
40,Linear Twine QFT,0.0557515758581137,ibm_boston,20,20,~/Nextcloud/Projects/IBM/qft_experiments/analysis_boston_linear_fowler_non_synchronized_layouting_dd_10-02-2026.json.gz
40,Linear Twine QFT,0.0550927259182697,ibm_boston,20,20,~/Nextcloud/Projects/IBM/qft_experiments/analysis_boston_linear_fowler_non_synchronized_layouting_dd_10-02-2026.json.gz
40,Linear Twine QFT,0.0573642272578394,ibm_boston,20,20,~/Nextcloud/Projects/IBM/qft_experiments/analysis_boston_linear_fowler_non_synchronized_layouting_dd_10-02-2026.json.gz
40,Linear Twine QFT,0.0553863126963011,ibm_boston,20,20,~/Nextcloud/Projects/IBM/qft_experiments/analysis_boston_linear_fowler_non_synchronized_layouting_dd_10-02-2026.json.gz
40,Linear Twine QFT,0.0548223441153754,ibm_boston,20,20,~/Nextcloud/Projects/IBM/qft_experiments/analysis_boston_linear_fowler_non_synchronized_layouting_dd_10-02-2026.json.gz
42,Linear Twine QFT,0.0398899890240207,ibm_boston,20,20,~/Nextcloud/Projects/IBM/qft_experiments/analysis_boston_linear_fowler_non_synchronized_layouting_dd_10-02-2026.json.gz
42,Linear Twine QFT,0.0399445026015327,ibm_boston,20,20,~/Nextcloud/Projects/IBM/qft_experiments/analysis_boston_linear_fowler_non_synchronized_layouting_dd_10-02-2026.json.gz
42,Linear Twine QFT,0.0422621046956772,ibm_boston,20,20,~/Nextcloud/Projects/IBM/qft_experiments/analysis_boston_linear_fowler_non_synchronized_layouting_dd_10-02-2026.json.gz
42,Linear Twine QFT,0.040840752213797,ibm_boston,20,20,~/Nextcloud/Projects/IBM/qft_experiments/analysis_boston_linear_fowler_non_synchronized_layouting_dd_10-02-2026.json.gz
42,Linear Twine QFT,0.0407176153403879,ibm_boston,20,20,~/Nextcloud/Projects/IBM/qft_experiments/analysis_boston_linear_fowler_non_synchronized_layouting_dd_10-02-2026.json.gz
42,Linear Twine QFT,0.0404703610393722,ibm_boston,20,20,~/Nextcloud/Projects/IBM/qft_experiments/analysis_boston_linear_fowler_non_synchronized_layouting_dd_10-02-2026.json.gz
42,Linear Twine QFT,0.0398083231100953,ibm_boston,20,20,~/Nextcloud/Projects/IBM/qft_experiments/analysis_boston_linear_fowler_non_synchronized_layouting_dd_10-02-2026.json.gz
42,Linear Twine QFT,0.0388369065527941,ibm_boston,20,20,~/Nextcloud/Projects/IBM/qft_experiments/analysis_boston_linear_fowler_non_synchronized_layouting_dd_10-02-2026.json.gz
42,Linear Twine QFT,0.0416697722404446,ibm_boston,20,20,~/Nextcloud/Projects/IBM/qft_experiments/analysis_boston_linear_fowler_non_synchronized_layouting_dd_10-02-2026.json.gz
42,Linear Twine QFT,0.0419400547365448,ibm_boston,20,20,~/Nextcloud/Projects/IBM/qft_experiments/analysis_boston_linear_fowler_non_synchronized_layouting_dd_10-02-2026.json.gz
42,Linear Twine QFT,0.0413123878093263,ibm_boston,20,20,~/Nextcloud/Projects/IBM/qft_experiments/analysis_boston_linear_fowler_non_synchronized_layouting_dd_10-02-2026.json.gz
42,Linear Twine QFT,0.0403197271052948,ibm_boston,20,20,~/Nextcloud/Projects/IBM/qft_experiments/analysis_boston_linear_fowler_non_synchronized_layouting_dd_10-02-2026.json.gz
42,Linear Twine QFT,0.0405597043812992,ibm_boston,20,20,~/Nextcloud/Projects/IBM/qft_experiments/analysis_boston_linear_fowler_non_synchronized_layouting_dd_10-02-2026.json.gz
42,Linear Twine QFT,0.0399782726652493,ibm_boston,20,20,~/Nextcloud/Projects/IBM/qft_experiments/analysis_boston_linear_fowler_non_synchronized_layouting_dd_10-02-2026.json.gz
42,Linear Twine QFT,0.0409302389477258,ibm_boston,20,20,~/Nextcloud/Projects/IBM/qft_experiments/analysis_boston_linear_fowler_non_synchronized_layouting_dd_10-02-2026.json.gz
42,Linear Twine QFT,0.0397348925577837,ibm_boston,20,20,~/Nextcloud/Projects/IBM/qft_experiments/analysis_boston_linear_fowler_non_synchronized_layouting_dd_10-02-2026.json.gz
42,Linear Twine QFT,0.0406329633513157,ibm_boston,20,20,~/Nextcloud/Projects/IBM/qft_experiments/analysis_boston_linear_fowler_non_synchronized_layouting_dd_10-02-2026.json.gz
42,Linear Twine QFT,0.0440544465894042,ibm_boston,20,20,~/Nextcloud/Projects/IBM/qft_experiments/analysis_boston_linear_fowler_non_synchronized_layouting_dd_10-02-2026.json.gz
42,Linear Twine QFT,0.0425324320744459,ibm_boston,20,20,~/Nextcloud/Projects/IBM/qft_experiments/analysis_boston_linear_fowler_non_synchronized_layouting_dd_10-02-2026.json.gz
42,Linear Twine QFT,0.0414300892703093,ibm_boston,20,20,~/Nextcloud/Projects/IBM/qft_experiments/analysis_boston_linear_fowler_non_synchronized_layouting_dd_10-02-2026.json.gz
44,Linear Twine QFT,0.0415108130926607,ibm_boston,20,20,~/Nextcloud/Projects/IBM/qft_experiments/analysis_boston_linear_fowler_non_synchronized_layouting_dd_10-02-2026.json.gz
44,Linear Twine QFT,0.0379958889086115,ibm_boston,20,20,~/Nextcloud/Projects/IBM/qft_experiments/analysis_boston_linear_fowler_non_synchronized_layouting_dd_10-02-2026.json.gz
44,Linear Twine QFT,0.036922438044106,ibm_boston,20,20,~/Nextcloud/Projects/IBM/qft_experiments/analysis_boston_linear_fowler_non_synchronized_layouting_dd_10-02-2026.json.gz
44,Linear Twine QFT,0.0375633912230654,ibm_boston,20,20,~/Nextcloud/Projects/IBM/qft_experiments/analysis_boston_linear_fowler_non_synchronized_layouting_dd_10-02-2026.json.gz
44,Linear Twine QFT,0.0373767887507233,ibm_boston,20,20,~/Nextcloud/Projects/IBM/qft_experiments/analysis_boston_linear_fowler_non_synchronized_layouting_dd_10-02-2026.json.gz
44,Linear Twine QFT,0.0366375386224491,ibm_boston,20,20,~/Nextcloud/Projects/IBM/qft_experiments/analysis_boston_linear_fowler_non_synchronized_layouting_dd_10-02-2026.json.gz
44,Linear Twine QFT,0.0392099151565451,ibm_boston,20,20,~/Nextcloud/Projects/IBM/qft_experiments/analysis_boston_linear_fowler_non_synchronized_layouting_dd_10-02-2026.json.gz
44,Linear Twine QFT,0.0382609551537172,ibm_boston,20,20,~/Nextcloud/Projects/IBM/qft_experiments/analysis_boston_linear_fowler_non_synchronized_layouting_dd_10-02-2026.json.gz
44,Linear Twine QFT,0.0384418391853689,ibm_boston,20,20,~/Nextcloud/Projects/IBM/qft_experiments/analysis_boston_linear_fowler_non_synchronized_layouting_dd_10-02-2026.json.gz
44,Linear Twine QFT,0.0375405361541723,ibm_boston,20,20,~/Nextcloud/Projects/IBM/qft_experiments/analysis_boston_linear_fowler_non_synchronized_layouting_dd_10-02-2026.json.gz
44,Linear Twine QFT,0.0397431567727401,ibm_boston,20,20,~/Nextcloud/Projects/IBM/qft_experiments/analysis_boston_linear_fowler_non_synchronized_layouting_dd_10-02-2026.json.gz
44,Linear Twine QFT,0.0385704686731598,ibm_boston,20,20,~/Nextcloud/Projects/IBM/qft_experiments/analysis_boston_linear_fowler_non_synchronized_layouting_dd_10-02-2026.json.gz
44,Linear Twine QFT,0.0396396164984403,ibm_boston,20,20,~/Nextcloud/Projects/IBM/qft_experiments/analysis_boston_linear_fowler_non_synchronized_layouting_dd_10-02-2026.json.gz
44,Linear Twine QFT,0.0386790203740509,ibm_boston,20,20,~/Nextcloud/Projects/IBM/qft_experiments/analysis_boston_linear_fowler_non_synchronized_layouting_dd_10-02-2026.json.gz
44,Linear Twine QFT,0.0372808636664385,ibm_boston,20,20,~/Nextcloud/Projects/IBM/qft_experiments/analysis_boston_linear_fowler_non_synchronized_layouting_dd_10-02-2026.json.gz
44,Linear Twine QFT,0.0388134438774505,ibm_boston,20,20,~/Nextcloud/Projects/IBM/qft_experiments/analysis_boston_linear_fowler_non_synchronized_layouting_dd_10-02-2026.json.gz
44,Linear Twine QFT,0.0387117680118211,ibm_boston,20,20,~/Nextcloud/Projects/IBM/qft_experiments/analysis_boston_linear_fowler_non_synchronized_layouting_dd_10-02-2026.json.gz
44,Linear Twine QFT,0.0372645245825588,ibm_boston,20,20,~/Nextcloud/Projects/IBM/qft_experiments/analysis_boston_linear_fowler_non_synchronized_layouting_dd_10-02-2026.json.gz
44,Linear Twine QFT,0.0381394074318349,ibm_boston,20,20,~/Nextcloud/Projects/IBM/qft_experiments/analysis_boston_linear_fowler_non_synchronized_layouting_dd_10-02-2026.json.gz
44,Linear Twine QFT,0.0386107463318879,ibm_boston,20,20,~/Nextcloud/Projects/IBM/qft_experiments/analysis_boston_linear_fowler_non_synchronized_layouting_dd_10-02-2026.json.gz
46,Linear Twine QFT,0.0233910338857683,ibm_boston,20,20,~/Nextcloud/Projects/IBM/qft_experiments/analysis_boston_linear_fowler_non_synchronized_layouting_dd_10-02-2026.json.gz
46,Linear Twine QFT,0.0248220973965818,ibm_boston,20,20,~/Nextcloud/Projects/IBM/qft_experiments/analysis_boston_linear_fowler_non_synchronized_layouting_dd_10-02-2026.json.gz
46,Linear Twine QFT,0.0237577552945785,ibm_boston,20,20,~/Nextcloud/Projects/IBM/qft_experiments/analysis_boston_linear_fowler_non_synchronized_layouting_dd_10-02-2026.json.gz
46,Linear Twine QFT,0.024176187450208,ibm_boston,20,20,~/Nextcloud/Projects/IBM/qft_experiments/analysis_boston_linear_fowler_non_synchronized_layouting_dd_10-02-2026.json.gz
46,Linear Twine QFT,0.0249556881709188,ibm_boston,20,20,~/Nextcloud/Projects/IBM/qft_experiments/analysis_boston_linear_fowler_non_synchronized_layouting_dd_10-02-2026.json.gz
46,Linear Twine QFT,0.0228986020952197,ibm_boston,20,20,~/Nextcloud/Projects/IBM/qft_experiments/analysis_boston_linear_fowler_non_synchronized_layouting_dd_10-02-2026.json.gz
46,Linear Twine QFT,0.0237015106834816,ibm_boston,20,20,~/Nextcloud/Projects/IBM/qft_experiments/analysis_boston_linear_fowler_non_synchronized_layouting_dd_10-02-2026.json.gz
46,Linear Twine QFT,0.0246463440289654,ibm_boston,20,20,~/Nextcloud/Projects/IBM/qft_experiments/analysis_boston_linear_fowler_non_synchronized_layouting_dd_10-02-2026.json.gz
46,Linear Twine QFT,0.0236940414352677,ibm_boston,20,20,~/Nextcloud/Projects/IBM/qft_experiments/analysis_boston_linear_fowler_non_synchronized_layouting_dd_10-02-2026.json.gz
46,Linear Twine QFT,0.022808970670482,ibm_boston,20,20,~/Nextcloud/Projects/IBM/qft_experiments/analysis_boston_linear_fowler_non_synchronized_layouting_dd_10-02-2026.json.gz
46,Linear Twine QFT,0.0232646071938886,ibm_boston,20,20,~/Nextcloud/Projects/IBM/qft_experiments/analysis_boston_linear_fowler_non_synchronized_layouting_dd_10-02-2026.json.gz
46,Linear Twine QFT,0.0237650705993594,ibm_boston,20,20,~/Nextcloud/Projects/IBM/qft_experiments/analysis_boston_linear_fowler_non_synchronized_layouting_dd_10-02-2026.json.gz
46,Linear Twine QFT,0.0237866153000144,ibm_boston,20,20,~/Nextcloud/Projects/IBM/qft_experiments/analysis_boston_linear_fowler_non_synchronized_layouting_dd_10-02-2026.json.gz
46,Linear Twine QFT,0.0229471164317282,ibm_boston,20,20,~/Nextcloud/Projects/IBM/qft_experiments/analysis_boston_linear_fowler_non_synchronized_layouting_dd_10-02-2026.json.gz
46,Linear Twine QFT,0.023444349059507,ibm_boston,20,20,~/Nextcloud/Projects/IBM/qft_experiments/analysis_boston_linear_fowler_non_synchronized_layouting_dd_10-02-2026.json.gz
46,Linear Twine QFT,0.024752967842483,ibm_boston,20,20,~/Nextcloud/Projects/IBM/qft_experiments/analysis_boston_linear_fowler_non_synchronized_layouting_dd_10-02-2026.json.gz
46,Linear Twine QFT,0.0240744205966667,ibm_boston,20,20,~/Nextcloud/Projects/IBM/qft_experiments/analysis_boston_linear_fowler_non_synchronized_layouting_dd_10-02-2026.json.gz
46,Linear Twine QFT,0.0230583620726758,ibm_boston,20,20,~/Nextcloud/Projects/IBM/qft_experiments/analysis_boston_linear_fowler_non_synchronized_layouting_dd_10-02-2026.json.gz
46,Linear Twine QFT,0.0233739424462854,ibm_boston,20,20,~/Nextcloud/Projects/IBM/qft_experiments/analysis_boston_linear_fowler_non_synchronized_layouting_dd_10-02-2026.json.gz
46,Linear Twine QFT,0.0224537699993357,ibm_boston,20,20,~/Nextcloud/Projects/IBM/qft_experiments/analysis_boston_linear_fowler_non_synchronized_layouting_dd_10-02-2026.json.gz
48,Linear Twine QFT,0.0191015196019042,ibm_boston,20,20,~/Nextcloud/Projects/IBM/qft_experiments/analysis_boston_linear_fowler_non_synchronized_layouting_dd_10-02-2026.json.gz
48,Linear Twine QFT,0.0181284036092483,ibm_boston,20,20,~/Nextcloud/Projects/IBM/qft_experiments/analysis_boston_linear_fowler_non_synchronized_layouting_dd_10-02-2026.json.gz
48,Linear Twine QFT,0.0170517331676148,ibm_boston,20,20,~/Nextcloud/Projects/IBM/qft_experiments/analysis_boston_linear_fowler_non_synchronized_layouting_dd_10-02-2026.json.gz
48,Linear Twine QFT,0.018919780797115,ibm_boston,20,20,~/Nextcloud/Projects/IBM/qft_experiments/analysis_boston_linear_fowler_non_synchronized_layouting_dd_10-02-2026.json.gz
48,Linear Twine QFT,0.0204678276392129,ibm_boston,20,20,~/Nextcloud/Projects/IBM/qft_experiments/analysis_boston_linear_fowler_non_synchronized_layouting_dd_10-02-2026.json.gz
48,Linear Twine QFT,0.0187855263234339,ibm_boston,20,20,~/Nextcloud/Projects/IBM/qft_experiments/analysis_boston_linear_fowler_non_synchronized_layouting_dd_10-02-2026.json.gz
48,Linear Twine QFT,0.018097321153714,ibm_boston,20,20,~/Nextcloud/Projects/IBM/qft_experiments/analysis_boston_linear_fowler_non_synchronized_layouting_dd_10-02-2026.json.gz
48,Linear Twine QFT,0.0188288208820143,ibm_boston,20,20,~/Nextcloud/Projects/IBM/qft_experiments/analysis_boston_linear_fowler_non_synchronized_layouting_dd_10-02-2026.json.gz
48,Linear Twine QFT,0.0179122830557173,ibm_boston,20,20,~/Nextcloud/Projects/IBM/qft_experiments/analysis_boston_linear_fowler_non_synchronized_layouting_dd_10-02-2026.json.gz
48,Linear Twine QFT,0.0189261503071223,ibm_boston,20,20,~/Nextcloud/Projects/IBM/qft_experiments/analysis_boston_linear_fowler_non_synchronized_layouting_dd_10-02-2026.json.gz
48,Linear Twine QFT,0.0192418646459184,ibm_boston,20,20,~/Nextcloud/Projects/IBM/qft_experiments/analysis_boston_linear_fowler_non_synchronized_layouting_dd_10-02-2026.json.gz
48,Linear Twine QFT,0.019408161095845,ibm_boston,20,20,~/Nextcloud/Projects/IBM/qft_experiments/analysis_boston_linear_fowler_non_synchronized_layouting_dd_10-02-2026.json.gz
48,Linear Twine QFT,0.0180181262824758,ibm_boston,20,20,~/Nextcloud/Projects/IBM/qft_experiments/analysis_boston_linear_fowler_non_synchronized_layouting_dd_10-02-2026.json.gz
48,Linear Twine QFT,0.0200989341842941,ibm_boston,20,20,~/Nextcloud/Projects/IBM/qft_experiments/analysis_boston_linear_fowler_non_synchronized_layouting_dd_10-02-2026.json.gz
48,Linear Twine QFT,0.018848653157759,ibm_boston,20,20,~/Nextcloud/Projects/IBM/qft_experiments/analysis_boston_linear_fowler_non_synchronized_layouting_dd_10-02-2026.json.gz
48,Linear Twine QFT,0.0197885111339552,ibm_boston,20,20,~/Nextcloud/Projects/IBM/qft_experiments/analysis_boston_linear_fowler_non_synchronized_layouting_dd_10-02-2026.json.gz
48,Linear Twine QFT,0.0190173054931419,ibm_boston,20,20,~/Nextcloud/Projects/IBM/qft_experiments/analysis_boston_linear_fowler_non_synchronized_layouting_dd_10-02-2026.json.gz
48,Linear Twine QFT,0.017962054199249,ibm_boston,20,20,~/Nextcloud/Projects/IBM/qft_experiments/analysis_boston_linear_fowler_non_synchronized_layouting_dd_10-02-2026.json.gz
48,Linear Twine QFT,0.0184634707636051,ibm_boston,20,20,~/Nextcloud/Projects/IBM/qft_experiments/analysis_boston_linear_fowler_non_synchronized_layouting_dd_10-02-2026.json.gz
48,Linear Twine QFT,0.0189873915597866,ibm_boston,20,20,~/Nextcloud/Projects/IBM/qft_experiments/analysis_boston_linear_fowler_non_synchronized_layouting_dd_10-02-2026.json.gz
50,Linear Twine QFT,0.0126675116585772,ibm_boston,20,20,~/Nextcloud/Projects/IBM/qft_experiments/analysis_boston_linear_fowler_non_synchronized_layouting_dd_10-02-2026.json.gz
50,Linear Twine QFT,0.0133773642057027,ibm_boston,20,20,~/Nextcloud/Projects/IBM/qft_experiments/analysis_boston_linear_fowler_non_synchronized_layouting_dd_10-02-2026.json.gz
50,Linear Twine QFT,0.0116597725906464,ibm_boston,20,20,~/Nextcloud/Projects/IBM/qft_experiments/analysis_boston_linear_fowler_non_synchronized_layouting_dd_10-02-2026.json.gz
50,Linear Twine QFT,0.0123368861779992,ibm_boston,20,20,~/Nextcloud/Projects/IBM/qft_experiments/analysis_boston_linear_fowler_non_synchronized_layouting_dd_10-02-2026.json.gz
50,Linear Twine QFT,0.0145979875733723,ibm_boston,20,20,~/Nextcloud/Projects/IBM/qft_experiments/analysis_boston_linear_fowler_non_synchronized_layouting_dd_10-02-2026.json.gz
50,Linear Twine QFT,0.0104338517064618,ibm_boston,20,20,~/Nextcloud/Projects/IBM/qft_experiments/analysis_boston_linear_fowler_non_synchronized_layouting_dd_10-02-2026.json.gz
50,Linear Twine QFT,0.0133580265539161,ibm_boston,20,20,~/Nextcloud/Projects/IBM/qft_experiments/analysis_boston_linear_fowler_non_synchronized_layouting_dd_10-02-2026.json.gz
50,Linear Twine QFT,0.0124728031977767,ibm_boston,20,20,~/Nextcloud/Projects/IBM/qft_experiments/analysis_boston_linear_fowler_non_synchronized_layouting_dd_10-02-2026.json.gz
50,Linear Twine QFT,0.0135389341996108,ibm_boston,20,20,~/Nextcloud/Projects/IBM/qft_experiments/analysis_boston_linear_fowler_non_synchronized_layouting_dd_10-02-2026.json.gz
50,Linear Twine QFT,0.0142080359008874,ibm_boston,20,20,~/Nextcloud/Projects/IBM/qft_experiments/analysis_boston_linear_fowler_non_synchronized_layouting_dd_10-02-2026.json.gz
50,Linear Twine QFT,0.0143135160254194,ibm_boston,20,20,~/Nextcloud/Projects/IBM/qft_experiments/analysis_boston_linear_fowler_non_synchronized_layouting_dd_10-02-2026.json.gz
50,Linear Twine QFT,0.0120487984022884,ibm_boston,20,20,~/Nextcloud/Projects/IBM/qft_experiments/analysis_boston_linear_fowler_non_synchronized_layouting_dd_10-02-2026.json.gz
50,Linear Twine QFT,0.0125828322917877,ibm_boston,20,20,~/Nextcloud/Projects/IBM/qft_experiments/analysis_boston_linear_fowler_non_synchronized_layouting_dd_10-02-2026.json.gz
50,Linear Twine QFT,0.012178016976982,ibm_boston,20,20,~/Nextcloud/Projects/IBM/qft_experiments/analysis_boston_linear_fowler_non_synchronized_layouting_dd_10-02-2026.json.gz
50,Linear Twine QFT,0.0130592089352552,ibm_boston,20,20,~/Nextcloud/Projects/IBM/qft_experiments/analysis_boston_linear_fowler_non_synchronized_layouting_dd_10-02-2026.json.gz
50,Linear Twine QFT,0.0131639498833038,ibm_boston,20,20,~/Nextcloud/Projects/IBM/qft_experiments/analysis_boston_linear_fowler_non_synchronized_layouting_dd_10-02-2026.json.gz
50,Linear Twine QFT,0.0134346685057529,ibm_boston,20,20,~/Nextcloud/Projects/IBM/qft_experiments/analysis_boston_linear_fowler_non_synchronized_layouting_dd_10-02-2026.json.gz
50,Linear Twine QFT,0.0139799067294216,ibm_boston,20,20,~/Nextcloud/Projects/IBM/qft_experiments/analysis_boston_linear_fowler_non_synchronized_layouting_dd_10-02-2026.json.gz
50,Linear Twine QFT,0.0132541681087655,ibm_boston,20,20,~/Nextcloud/Projects/IBM/qft_experiments/analysis_boston_linear_fowler_non_synchronized_layouting_dd_10-02-2026.json.gz
50,Linear Twine QFT,0.0122125663324034,ibm_boston,20,20,~/Nextcloud/Projects/IBM/qft_experiments/analysis_boston_linear_fowler_non_synchronized_layouting_dd_10-02-2026.json.gz
52,Linear Twine QFT,0.0094614994282138,ibm_boston,20,20,~/Nextcloud/Projects/IBM/qft_experiments/analysis_boston_linear_fowler_non_synchronized_layouting_dd_10-02-2026.json.gz
52,Linear Twine QFT,0.007744265214676,ibm_boston,20,20,~/Nextcloud/Projects/IBM/qft_experiments/analysis_boston_linear_fowler_non_synchronized_layouting_dd_10-02-2026.json.gz
52,Linear Twine QFT,0.0078190610072056,ibm_boston,20,20,~/Nextcloud/Projects/IBM/qft_experiments/analysis_boston_linear_fowler_non_synchronized_layouting_dd_10-02-2026.json.gz
52,Linear Twine QFT,0.0075697731751605,ibm_boston,20,20,~/Nextcloud/Projects/IBM/qft_experiments/analysis_boston_linear_fowler_non_synchronized_layouting_dd_10-02-2026.json.gz
52,Linear Twine QFT,0.007420216885876,ibm_boston,20,20,~/Nextcloud/Projects/IBM/qft_experiments/analysis_boston_linear_fowler_non_synchronized_layouting_dd_10-02-2026.json.gz
52,Linear Twine QFT,0.0090304573551202,ibm_boston,20,20,~/Nextcloud/Projects/IBM/qft_experiments/analysis_boston_linear_fowler_non_synchronized_layouting_dd_10-02-2026.json.gz
52,Linear Twine QFT,0.0075797433998762,ibm_boston,20,20,~/Nextcloud/Projects/IBM/qft_experiments/analysis_boston_linear_fowler_non_synchronized_layouting_dd_10-02-2026.json.gz
52,Linear Twine QFT,0.0082206596426431,ibm_boston,20,20,~/Nextcloud/Projects/IBM/qft_experiments/analysis_boston_linear_fowler_non_synchronized_layouting_dd_10-02-2026.json.gz
52,Linear Twine QFT,0.008625681102758,ibm_boston,20,20,~/Nextcloud/Projects/IBM/qft_experiments/analysis_boston_linear_fowler_non_synchronized_layouting_dd_10-02-2026.json.gz
52,Linear Twine QFT,0.0089626432788665,ibm_boston,20,20,~/Nextcloud/Projects/IBM/qft_experiments/analysis_boston_linear_fowler_non_synchronized_layouting_dd_10-02-2026.json.gz
52,Linear Twine QFT,0.007745945491009,ibm_boston,20,20,~/Nextcloud/Projects/IBM/qft_experiments/analysis_boston_linear_fowler_non_synchronized_layouting_dd_10-02-2026.json.gz
52,Linear Twine QFT,0.0084686330556275,ibm_boston,20,20,~/Nextcloud/Projects/IBM/qft_experiments/analysis_boston_linear_fowler_non_synchronized_layouting_dd_10-02-2026.json.gz
52,Linear Twine QFT,0.0092848020829549,ibm_boston,20,20,~/Nextcloud/Projects/IBM/qft_experiments/analysis_boston_linear_fowler_non_synchronized_layouting_dd_10-02-2026.json.gz
52,Linear Twine QFT,0.0076699864367434,ibm_boston,20,20,~/Nextcloud/Projects/IBM/qft_experiments/analysis_boston_linear_fowler_non_synchronized_layouting_dd_10-02-2026.json.gz
52,Linear Twine QFT,0.0084386059609927,ibm_boston,20,20,~/Nextcloud/Projects/IBM/qft_experiments/analysis_boston_linear_fowler_non_synchronized_layouting_dd_10-02-2026.json.gz
52,Linear Twine QFT,0.0089765511798546,ibm_boston,20,20,~/Nextcloud/Projects/IBM/qft_experiments/analysis_boston_linear_fowler_non_synchronized_layouting_dd_10-02-2026.json.gz
52,Linear Twine QFT,0.0083434386803996,ibm_boston,20,20,~/Nextcloud/Projects/IBM/qft_experiments/analysis_boston_linear_fowler_non_synchronized_layouting_dd_10-02-2026.json.gz
52,Linear Twine QFT,0.0083593868445126,ibm_boston,20,20,~/Nextcloud/Projects/IBM/qft_experiments/analysis_boston_linear_fowler_non_synchronized_layouting_dd_10-02-2026.json.gz
52,Linear Twine QFT,0.0076755133703202,ibm_boston,20,20,~/Nextcloud/Projects/IBM/qft_experiments/analysis_boston_linear_fowler_non_synchronized_layouting_dd_10-02-2026.json.gz
52,Linear Twine QFT,0.0087041048844787,ibm_boston,20,20,~/Nextcloud/Projects/IBM/qft_experiments/analysis_boston_linear_fowler_non_synchronized_layouting_dd_10-02-2026.json.gz
54,Linear Twine QFT,0.0028056458132501,ibm_boston,20,20,~/Nextcloud/Projects/IBM/qft_experiments/analysis_boston_linear_fowler_non_synchronized_layouting_dd_10-02-2026.json.gz
54,Linear Twine QFT,0.0029618885153381,ibm_boston,20,20,~/Nextcloud/Projects/IBM/qft_experiments/analysis_boston_linear_fowler_non_synchronized_layouting_dd_10-02-2026.json.gz
54,Linear Twine QFT,0.00283024696578,ibm_boston,20,20,~/Nextcloud/Projects/IBM/qft_experiments/analysis_boston_linear_fowler_non_synchronized_layouting_dd_10-02-2026.json.gz
54,Linear Twine QFT,0.0024288762651142,ibm_boston,20,20,~/Nextcloud/Projects/IBM/qft_experiments/analysis_boston_linear_fowler_non_synchronized_layouting_dd_10-02-2026.json.gz
54,Linear Twine QFT,0.0024846357482598,ibm_boston,20,20,~/Nextcloud/Projects/IBM/qft_experiments/analysis_boston_linear_fowler_non_synchronized_layouting_dd_10-02-2026.json.gz
54,Linear Twine QFT,0.0025167489879653,ibm_boston,20,20,~/Nextcloud/Projects/IBM/qft_experiments/analysis_boston_linear_fowler_non_synchronized_layouting_dd_10-02-2026.json.gz
54,Linear Twine QFT,0.0031206781574998,ibm_boston,20,20,~/Nextcloud/Projects/IBM/qft_experiments/analysis_boston_linear_fowler_non_synchronized_layouting_dd_10-02-2026.json.gz
54,Linear Twine QFT,0.0033804876756974,ibm_boston,20,20,~/Nextcloud/Projects/IBM/qft_experiments/analysis_boston_linear_fowler_non_synchronized_layouting_dd_10-02-2026.json.gz
54,Linear Twine QFT,0.0027283065513716,ibm_boston,20,20,~/Nextcloud/Projects/IBM/qft_experiments/analysis_boston_linear_fowler_non_synchronized_layouting_dd_10-02-2026.json.gz
54,Linear Twine QFT,0.0030324112382645,ibm_boston,20,20,~/Nextcloud/Projects/IBM/qft_experiments/analysis_boston_linear_fowler_non_synchronized_layouting_dd_10-02-2026.json.gz
54,Linear Twine QFT,0.0023794215988365,ibm_boston,20,20,~/Nextcloud/Projects/IBM/qft_experiments/analysis_boston_linear_fowler_non_synchronized_layouting_dd_10-02-2026.json.gz
54,Linear Twine QFT,0.0032265058884477,ibm_boston,20,20,~/Nextcloud/Projects/IBM/qft_experiments/analysis_boston_linear_fowler_non_synchronized_layouting_dd_10-02-2026.json.gz
54,Linear Twine QFT,0.0027054480872569,ibm_boston,20,20,~/Nextcloud/Projects/IBM/qft_experiments/analysis_boston_linear_fowler_non_synchronized_layouting_dd_10-02-2026.json.gz
54,Linear Twine QFT,0.0030332314030158,ibm_boston,20,20,~/Nextcloud/Projects/IBM/qft_experiments/analysis_boston_linear_fowler_non_synchronized_layouting_dd_10-02-2026.json.gz
54,Linear Twine QFT,0.002666513932412,ibm_boston,20,20,~/Nextcloud/Projects/IBM/qft_experiments/analysis_boston_linear_fowler_non_synchronized_layouting_dd_10-02-2026.json.gz
54,Linear Twine QFT,0.0028246516045914,ibm_boston,20,20,~/Nextcloud/Projects/IBM/qft_experiments/analysis_boston_linear_fowler_non_synchronized_layouting_dd_10-02-2026.json.gz
54,Linear Twine QFT,0.0031801886436954,ibm_boston,20,20,~/Nextcloud/Projects/IBM/qft_experiments/analysis_boston_linear_fowler_non_synchronized_layouting_dd_10-02-2026.json.gz
54,Linear Twine QFT,0.0020082148957397,ibm_boston,20,20,~/Nextcloud/Projects/IBM/qft_experiments/analysis_boston_linear_fowler_non_synchronized_layouting_dd_10-02-2026.json.gz
54,Linear Twine QFT,0.002117092389727,ibm_boston,20,20,~/Nextcloud/Projects/IBM/qft_experiments/analysis_boston_linear_fowler_non_synchronized_layouting_dd_10-02-2026.json.gz
54,Linear Twine QFT,0.0029820115935231,ibm_boston,20,20,~/Nextcloud/Projects/IBM/qft_experiments/analysis_boston_linear_fowler_non_synchronized_layouting_dd_10-02-2026.json.gz
56,Linear Twine QFT,0.0002752205434299,ibm_boston,20,20,~/Nextcloud/Projects/IBM/qft_experiments/analysis_boston_linear_fowler_non_synchronized_layouting_dd_10-02-2026.json.gz
56,Linear Twine QFT,0.0001150444047549,ibm_boston,20,20,~/Nextcloud/Projects/IBM/qft_experiments/analysis_boston_linear_fowler_non_synchronized_layouting_dd_10-02-2026.json.gz
56,Linear Twine QFT,0.0005213002374857,ibm_boston,20,20,~/Nextcloud/Projects/IBM/qft_experiments/analysis_boston_linear_fowler_non_synchronized_layouting_dd_10-02-2026.json.gz
56,Linear Twine QFT,5.0850422955362346e-05,ibm_boston,20,20,~/Nextcloud/Projects/IBM/qft_experiments/analysis_boston_linear_fowler_non_synchronized_layouting_dd_10-02-2026.json.gz
56,Linear Twine QFT,0.0001863142714377,ibm_boston,20,20,~/Nextcloud/Projects/IBM/qft_experiments/analysis_boston_linear_fowler_non_synchronized_layouting_dd_10-02-2026.json.gz
56,Linear Twine QFT,0.000131097803588,ibm_boston,20,20,~/Nextcloud/Projects/IBM/qft_experiments/analysis_boston_linear_fowler_non_synchronized_layouting_dd_10-02-2026.json.gz
56,Linear Twine QFT,0.000113025985187,ibm_boston,20,20,~/Nextcloud/Projects/IBM/qft_experiments/analysis_boston_linear_fowler_non_synchronized_layouting_dd_10-02-2026.json.gz
56,Linear Twine QFT,0.0006157518208859,ibm_boston,20,20,~/Nextcloud/Projects/IBM/qft_experiments/analysis_boston_linear_fowler_non_synchronized_layouting_dd_10-02-2026.json.gz
56,Linear Twine QFT,0.0001474168021757,ibm_boston,20,20,~/Nextcloud/Projects/IBM/qft_experiments/analysis_boston_linear_fowler_non_synchronized_layouting_dd_10-02-2026.json.gz
56,Linear Twine QFT,0.0001923681322573,ibm_boston,20,20,~/Nextcloud/Projects/IBM/qft_experiments/analysis_boston_linear_fowler_non_synchronized_layouting_dd_10-02-2026.json.gz
56,Linear Twine QFT,0.0005972308317698,ibm_boston,20,20,~/Nextcloud/Projects/IBM/qft_experiments/analysis_boston_linear_fowler_non_synchronized_layouting_dd_10-02-2026.json.gz
56,Linear Twine QFT,0.0002509525022212,ibm_boston,20,20,~/Nextcloud/Projects/IBM/qft_experiments/analysis_boston_linear_fowler_non_synchronized_layouting_dd_10-02-2026.json.gz
56,Linear Twine QFT,0.0001124897303989,ibm_boston,20,20,~/Nextcloud/Projects/IBM/qft_experiments/analysis_boston_linear_fowler_non_synchronized_layouting_dd_10-02-2026.json.gz
56,Linear Twine QFT,0.000481269901672,ibm_boston,20,20,~/Nextcloud/Projects/IBM/qft_experiments/analysis_boston_linear_fowler_non_synchronized_layouting_dd_10-02-2026.json.gz
56,Linear Twine QFT,0.0001561670929762,ibm_boston,20,20,~/Nextcloud/Projects/IBM/qft_experiments/analysis_boston_linear_fowler_non_synchronized_layouting_dd_10-02-2026.json.gz
56,Linear Twine QFT,0.0003509948846693,ibm_boston,20,20,~/Nextcloud/Projects/IBM/qft_experiments/analysis_boston_linear_fowler_non_synchronized_layouting_dd_10-02-2026.json.gz
56,Linear Twine QFT,0.0006391045519256,ibm_boston,20,20,~/Nextcloud/Projects/IBM/qft_experiments/analysis_boston_linear_fowler_non_synchronized_layouting_dd_10-02-2026.json.gz
56,Linear Twine QFT,0.000147069007485,ibm_boston,20,20,~/Nextcloud/Projects/IBM/qft_experiments/analysis_boston_linear_fowler_non_synchronized_layouting_dd_10-02-2026.json.gz
56,Linear Twine QFT,0.0001055537448979,ibm_boston,20,20,~/Nextcloud/Projects/IBM/qft_experiments/analysis_boston_linear_fowler_non_synchronized_layouting_dd_10-02-2026.json.gz
56,Linear Twine QFT,0.0001808295903994,ibm_boston,20,20,~/Nextcloud/Projects/IBM/qft_experiments/analysis_boston_linear_fowler_non_synchronized_layouting_dd_10-02-2026.json.gz
58,Linear Twine QFT,0.0002339781269616,ibm_boston,20,20,~/Nextcloud/Projects/IBM/qft_experiments/analysis_boston_linear_fowler_non_synchronized_layouting_dd_10-02-2026.json.gz
58,Linear Twine QFT,0.0001253353078893,ibm_boston,20,20,~/Nextcloud/Projects/IBM/qft_experiments/analysis_boston_linear_fowler_non_synchronized_layouting_dd_10-02-2026.json.gz
58,Linear Twine QFT,0.0001459364319018,ibm_boston,20,20,~/Nextcloud/Projects/IBM/qft_experiments/analysis_boston_linear_fowler_non_synchronized_layouting_dd_10-02-2026.json.gz
58,Linear Twine QFT,2.2329687826943615e-05,ibm_boston,20,20,~/Nextcloud/Projects/IBM/qft_experiments/analysis_boston_linear_fowler_non_synchronized_layouting_dd_10-02-2026.json.gz
58,Linear Twine QFT,2.631578947368421e-06,ibm_boston,20,20,~/Nextcloud/Projects/IBM/qft_experiments/analysis_boston_linear_fowler_non_synchronized_layouting_dd_10-02-2026.json.gz
58,Linear Twine QFT,3.766765394469674e-05,ibm_boston,20,20,~/Nextcloud/Projects/IBM/qft_experiments/analysis_boston_linear_fowler_non_synchronized_layouting_dd_10-02-2026.json.gz
58,Linear Twine QFT,0.0,ibm_boston,20,20,~/Nextcloud/Projects/IBM/qft_experiments/analysis_boston_linear_fowler_non_synchronized_layouting_dd_10-02-2026.json.gz
58,Linear Twine QFT,0.0002783409279518,ibm_boston,20,20,~/Nextcloud/Projects/IBM/qft_experiments/analysis_boston_linear_fowler_non_synchronized_layouting_dd_10-02-2026.json.gz
58,Linear Twine QFT,1.8421052631578958e-05,ibm_boston,20,20,~/Nextcloud/Projects/IBM/qft_experiments/analysis_boston_linear_fowler_non_synchronized_layouting_dd_10-02-2026.json.gz
58,Linear Twine QFT,0.0004811141486601,ibm_boston,20,20,~/Nextcloud/Projects/IBM/qft_experiments/analysis_boston_linear_fowler_non_synchronized_layouting_dd_10-02-2026.json.gz
58,Linear Twine QFT,3.5939090130243095e-05,ibm_boston,20,20,~/Nextcloud/Projects/IBM/qft_experiments/analysis_boston_linear_fowler_non_synchronized_layouting_dd_10-02-2026.json.gz
58,Linear Twine QFT,3.766765394469674e-05,ibm_boston,20,20,~/Nextcloud/Projects/IBM/qft_experiments/analysis_boston_linear_fowler_non_synchronized_layouting_dd_10-02-2026.json.gz
58,Linear Twine QFT,0.0,ibm_boston,20,20,~/Nextcloud/Projects/IBM/qft_experiments/analysis_boston_linear_fowler_non_synchronized_layouting_dd_10-02-2026.json.gz
58,Linear Twine QFT,1.751803749866415e-05,ibm_boston,20,20,~/Nextcloud/Projects/IBM/qft_experiments/analysis_boston_linear_fowler_non_synchronized_layouting_dd_10-02-2026.json.gz
58,Linear Twine QFT,0.0001380416950597,ibm_boston,20,20,~/Nextcloud/Projects/IBM/qft_experiments/analysis_boston_linear_fowler_non_synchronized_layouting_dd_10-02-2026.json.gz
58,Linear Twine QFT,2.2825308894431668e-21,ibm_boston,20,20,~/Nextcloud/Projects/IBM/qft_experiments/analysis_boston_linear_fowler_non_synchronized_layouting_dd_10-02-2026.json.gz
58,Linear Twine QFT,0.0001263157894736,ibm_boston,20,20,~/Nextcloud/Projects/IBM/qft_experiments/analysis_boston_linear_fowler_non_synchronized_layouting_dd_10-02-2026.json.gz
58,Linear Twine QFT,0.000202928153611,ibm_boston,20,20,~/Nextcloud/Projects/IBM/qft_experiments/analysis_boston_linear_fowler_non_synchronized_layouting_dd_10-02-2026.json.gz
58,Linear Twine QFT,7.443229275647865e-06,ibm_boston,20,20,~/Nextcloud/Projects/IBM/qft_experiments/analysis_boston_linear_fowler_non_synchronized_layouting_dd_10-02-2026.json.gz
58,Linear Twine QFT,2.2329687826943615e-05,ibm_boston,20,20,~/Nextcloud/Projects/IBM/qft_experiments/analysis_boston_linear_fowler_non_synchronized_layouting_dd_10-02-2026.json.gz
60,Linear Twine QFT,0.0,ibm_boston,20,20,~/Nextcloud/Projects/IBM/qft_experiments/analysis_boston_linear_fowler_non_synchronized_layouting_dd_10-02-2026.json.gz
60,Linear Twine QFT,0.0,ibm_boston,20,20,~/Nextcloud/Projects/IBM/qft_experiments/analysis_boston_linear_fowler_non_synchronized_layouting_dd_10-02-2026.json.gz
60,Linear Twine QFT,2.631578947368421e-06,ibm_boston,20,20,~/Nextcloud/Projects/IBM/qft_experiments/analysis_boston_linear_fowler_non_synchronized_layouting_dd_10-02-2026.json.gz
60,Linear Twine QFT,1.5789473684210526e-05,ibm_boston,20,20,~/Nextcloud/Projects/IBM/qft_experiments/analysis_boston_linear_fowler_non_synchronized_layouting_dd_10-02-2026.json.gz
60,Linear Twine QFT,7.894736842105265e-06,ibm_boston,20,20,~/Nextcloud/Projects/IBM/qft_experiments/analysis_boston_linear_fowler_non_synchronized_layouting_dd_10-02-2026.json.gz
60,Linear Twine QFT,2.6315789473684205e-05,ibm_boston,20,20,~/Nextcloud/Projects/IBM/qft_experiments/analysis_boston_linear_fowler_non_synchronized_layouting_dd_10-02-2026.json.gz
60,Linear Twine QFT,2.631578947368421e-06,ibm_boston,20,20,~/Nextcloud/Projects/IBM/qft_experiments/analysis_boston_linear_fowler_non_synchronized_layouting_dd_10-02-2026.json.gz
60,Linear Twine QFT,7.894736842105265e-06,ibm_boston,20,20,~/Nextcloud/Projects/IBM/qft_experiments/analysis_boston_linear_fowler_non_synchronized_layouting_dd_10-02-2026.json.gz
60,Linear Twine QFT,2.631578947368421e-06,ibm_boston,20,20,~/Nextcloud/Projects/IBM/qft_experiments/analysis_boston_linear_fowler_non_synchronized_layouting_dd_10-02-2026.json.gz
60,Linear Twine QFT,7.894736842105265e-06,ibm_boston,20,20,~/Nextcloud/Projects/IBM/qft_experiments/analysis_boston_linear_fowler_non_synchronized_layouting_dd_10-02-2026.json.gz
60,Linear Twine QFT,1.5789473684210526e-05,ibm_boston,20,20,~/Nextcloud/Projects/IBM/qft_experiments/analysis_boston_linear_fowler_non_synchronized_layouting_dd_10-02-2026.json.gz
60,Linear Twine QFT,7.894736842105265e-06,ibm_boston,20,20,~/Nextcloud/Projects/IBM/qft_experiments/analysis_boston_linear_fowler_non_synchronized_layouting_dd_10-02-2026.json.gz
60,Linear Twine QFT,2.631578947368421e-06,ibm_boston,20,20,~/Nextcloud/Projects/IBM/qft_experiments/analysis_boston_linear_fowler_non_synchronized_layouting_dd_10-02-2026.json.gz
60,Linear Twine QFT,0.0,ibm_boston,20,20,~/Nextcloud/Projects/IBM/qft_experiments/analysis_boston_linear_fowler_non_synchronized_layouting_dd_10-02-2026.json.gz
60,Linear Twine QFT,1.5789473684210526e-05,ibm_boston,20,20,~/Nextcloud/Projects/IBM/qft_experiments/analysis_boston_linear_fowler_non_synchronized_layouting_dd_10-02-2026.json.gz
60,Linear Twine QFT,2.631578947368421e-06,ibm_boston,20,20,~/Nextcloud/Projects/IBM/qft_experiments/analysis_boston_linear_fowler_non_synchronized_layouting_dd_10-02-2026.json.gz
60,Linear Twine QFT,2.631578947368421e-06,ibm_boston,20,20,~/Nextcloud/Projects/IBM/qft_experiments/analysis_boston_linear_fowler_non_synchronized_layouting_dd_10-02-2026.json.gz
60,Linear Twine QFT,2.631578947368421e-06,ibm_boston,20,20,~/Nextcloud/Projects/IBM/qft_experiments/analysis_boston_linear_fowler_non_synchronized_layouting_dd_10-02-2026.json.gz
60,Linear Twine QFT,7.894736842105265e-06,ibm_boston,20,20,~/Nextcloud/Projects/IBM/qft_experiments/analysis_boston_linear_fowler_non_synchronized_layouting_dd_10-02-2026.json.gz
60,Linear Twine QFT,1.5789473684210526e-05,ibm_boston,20,20,~/Nextcloud/Projects/IBM/qft_experiments/analysis_boston_linear_fowler_non_synchronized_layouting_dd_10-02-2026.json.gz
