number_of_qubits,qft_variant,process_fidelity,backend,bootstrap sample size,number bootstrap samples,data file
2,Fowler QFT,0.985147433593057,ibm_boston,20,20,~/Nextcloud/Projects/IBM/qft_experiments/analysis_boston_linear_fowler_non_synchronized_layouting_dd_10-02-2026.json.gz
2,Fowler QFT,0.9846213102126518,ibm_boston,20,20,~/Nextcloud/Projects/IBM/qft_experiments/analysis_boston_linear_fowler_non_synchronized_layouting_dd_10-02-2026.json.gz
2,Fowler QFT,0.9833212215154131,ibm_boston,20,20,~/Nextcloud/Projects/IBM/qft_experiments/analysis_boston_linear_fowler_non_synchronized_layouting_dd_10-02-2026.json.gz
2,Fowler QFT,0.9837212229880549,ibm_boston,20,20,~/Nextcloud/Projects/IBM/qft_experiments/analysis_boston_linear_fowler_non_synchronized_layouting_dd_10-02-2026.json.gz
2,Fowler QFT,0.9849466022975757,ibm_boston,20,20,~/Nextcloud/Projects/IBM/qft_experiments/analysis_boston_linear_fowler_non_synchronized_layouting_dd_10-02-2026.json.gz
2,Fowler QFT,0.9855218506760728,ibm_boston,20,20,~/Nextcloud/Projects/IBM/qft_experiments/analysis_boston_linear_fowler_non_synchronized_layouting_dd_10-02-2026.json.gz
2,Fowler QFT,0.9854222457968556,ibm_boston,20,20,~/Nextcloud/Projects/IBM/qft_experiments/analysis_boston_linear_fowler_non_synchronized_layouting_dd_10-02-2026.json.gz
2,Fowler QFT,0.984023573035237,ibm_boston,20,20,~/Nextcloud/Projects/IBM/qft_experiments/analysis_boston_linear_fowler_non_synchronized_layouting_dd_10-02-2026.json.gz
2,Fowler QFT,0.9848221094690912,ibm_boston,20,20,~/Nextcloud/Projects/IBM/qft_experiments/analysis_boston_linear_fowler_non_synchronized_layouting_dd_10-02-2026.json.gz
2,Fowler QFT,0.9844968837174192,ibm_boston,20,20,~/Nextcloud/Projects/IBM/qft_experiments/analysis_boston_linear_fowler_non_synchronized_layouting_dd_10-02-2026.json.gz
2,Fowler QFT,0.9838453172622367,ibm_boston,20,20,~/Nextcloud/Projects/IBM/qft_experiments/analysis_boston_linear_fowler_non_synchronized_layouting_dd_10-02-2026.json.gz
2,Fowler QFT,0.984647586408046,ibm_boston,20,20,~/Nextcloud/Projects/IBM/qft_experiments/analysis_boston_linear_fowler_non_synchronized_layouting_dd_10-02-2026.json.gz
2,Fowler QFT,0.9848475608540994,ibm_boston,20,20,~/Nextcloud/Projects/IBM/qft_experiments/analysis_boston_linear_fowler_non_synchronized_layouting_dd_10-02-2026.json.gz
2,Fowler QFT,0.9845471519636159,ibm_boston,20,20,~/Nextcloud/Projects/IBM/qft_experiments/analysis_boston_linear_fowler_non_synchronized_layouting_dd_10-02-2026.json.gz
2,Fowler QFT,0.9844466911967586,ibm_boston,20,20,~/Nextcloud/Projects/IBM/qft_experiments/analysis_boston_linear_fowler_non_synchronized_layouting_dd_10-02-2026.json.gz
2,Fowler QFT,0.9855485183416967,ibm_boston,20,20,~/Nextcloud/Projects/IBM/qft_experiments/analysis_boston_linear_fowler_non_synchronized_layouting_dd_10-02-2026.json.gz
2,Fowler QFT,0.9834474976060664,ibm_boston,20,20,~/Nextcloud/Projects/IBM/qft_experiments/analysis_boston_linear_fowler_non_synchronized_layouting_dd_10-02-2026.json.gz
2,Fowler QFT,0.983647155192576,ibm_boston,20,20,~/Nextcloud/Projects/IBM/qft_experiments/analysis_boston_linear_fowler_non_synchronized_layouting_dd_10-02-2026.json.gz
2,Fowler QFT,0.9839726288198106,ibm_boston,20,20,~/Nextcloud/Projects/IBM/qft_experiments/analysis_boston_linear_fowler_non_synchronized_layouting_dd_10-02-2026.json.gz
2,Fowler QFT,0.9841467025275915,ibm_boston,20,20,~/Nextcloud/Projects/IBM/qft_experiments/analysis_boston_linear_fowler_non_synchronized_layouting_dd_10-02-2026.json.gz
4,Fowler QFT,0.950314586505244,ibm_boston,20,20,~/Nextcloud/Projects/IBM/qft_experiments/analysis_boston_linear_fowler_non_synchronized_layouting_dd_10-02-2026.json.gz
4,Fowler QFT,0.950016988073814,ibm_boston,20,20,~/Nextcloud/Projects/IBM/qft_experiments/analysis_boston_linear_fowler_non_synchronized_layouting_dd_10-02-2026.json.gz
4,Fowler QFT,0.9487904476110596,ibm_boston,20,20,~/Nextcloud/Projects/IBM/qft_experiments/analysis_boston_linear_fowler_non_synchronized_layouting_dd_10-02-2026.json.gz
4,Fowler QFT,0.9488889588549845,ibm_boston,20,20,~/Nextcloud/Projects/IBM/qft_experiments/analysis_boston_linear_fowler_non_synchronized_layouting_dd_10-02-2026.json.gz
4,Fowler QFT,0.9489420265653573,ibm_boston,20,20,~/Nextcloud/Projects/IBM/qft_experiments/analysis_boston_linear_fowler_non_synchronized_layouting_dd_10-02-2026.json.gz
4,Fowler QFT,0.9498429940263768,ibm_boston,20,20,~/Nextcloud/Projects/IBM/qft_experiments/analysis_boston_linear_fowler_non_synchronized_layouting_dd_10-02-2026.json.gz
4,Fowler QFT,0.9523118946302286,ibm_boston,20,20,~/Nextcloud/Projects/IBM/qft_experiments/analysis_boston_linear_fowler_non_synchronized_layouting_dd_10-02-2026.json.gz
4,Fowler QFT,0.9469639290390299,ibm_boston,20,20,~/Nextcloud/Projects/IBM/qft_experiments/analysis_boston_linear_fowler_non_synchronized_layouting_dd_10-02-2026.json.gz
4,Fowler QFT,0.9501371949854938,ibm_boston,20,20,~/Nextcloud/Projects/IBM/qft_experiments/analysis_boston_linear_fowler_non_synchronized_layouting_dd_10-02-2026.json.gz
4,Fowler QFT,0.9490169932819686,ibm_boston,20,20,~/Nextcloud/Projects/IBM/qft_experiments/analysis_boston_linear_fowler_non_synchronized_layouting_dd_10-02-2026.json.gz
4,Fowler QFT,0.9502628075233085,ibm_boston,20,20,~/Nextcloud/Projects/IBM/qft_experiments/analysis_boston_linear_fowler_non_synchronized_layouting_dd_10-02-2026.json.gz
4,Fowler QFT,0.9478705100031523,ibm_boston,20,20,~/Nextcloud/Projects/IBM/qft_experiments/analysis_boston_linear_fowler_non_synchronized_layouting_dd_10-02-2026.json.gz
4,Fowler QFT,0.9484654619558247,ibm_boston,20,20,~/Nextcloud/Projects/IBM/qft_experiments/analysis_boston_linear_fowler_non_synchronized_layouting_dd_10-02-2026.json.gz
4,Fowler QFT,0.9469202004496886,ibm_boston,20,20,~/Nextcloud/Projects/IBM/qft_experiments/analysis_boston_linear_fowler_non_synchronized_layouting_dd_10-02-2026.json.gz
4,Fowler QFT,0.9471670869919936,ibm_boston,20,20,~/Nextcloud/Projects/IBM/qft_experiments/analysis_boston_linear_fowler_non_synchronized_layouting_dd_10-02-2026.json.gz
4,Fowler QFT,0.9515444830237133,ibm_boston,20,20,~/Nextcloud/Projects/IBM/qft_experiments/analysis_boston_linear_fowler_non_synchronized_layouting_dd_10-02-2026.json.gz
4,Fowler QFT,0.9465459957585673,ibm_boston,20,20,~/Nextcloud/Projects/IBM/qft_experiments/analysis_boston_linear_fowler_non_synchronized_layouting_dd_10-02-2026.json.gz
4,Fowler QFT,0.9486906250679548,ibm_boston,20,20,~/Nextcloud/Projects/IBM/qft_experiments/analysis_boston_linear_fowler_non_synchronized_layouting_dd_10-02-2026.json.gz
4,Fowler QFT,0.9483396078617189,ibm_boston,20,20,~/Nextcloud/Projects/IBM/qft_experiments/analysis_boston_linear_fowler_non_synchronized_layouting_dd_10-02-2026.json.gz
4,Fowler QFT,0.9507893921889508,ibm_boston,20,20,~/Nextcloud/Projects/IBM/qft_experiments/analysis_boston_linear_fowler_non_synchronized_layouting_dd_10-02-2026.json.gz
6,Fowler QFT,0.8688169614700612,ibm_boston,20,20,~/Nextcloud/Projects/IBM/qft_experiments/analysis_boston_linear_fowler_non_synchronized_layouting_dd_10-02-2026.json.gz
6,Fowler QFT,0.8698731446785407,ibm_boston,20,20,~/Nextcloud/Projects/IBM/qft_experiments/analysis_boston_linear_fowler_non_synchronized_layouting_dd_10-02-2026.json.gz
6,Fowler QFT,0.8714482639084093,ibm_boston,20,20,~/Nextcloud/Projects/IBM/qft_experiments/analysis_boston_linear_fowler_non_synchronized_layouting_dd_10-02-2026.json.gz
6,Fowler QFT,0.8702699894240578,ibm_boston,20,20,~/Nextcloud/Projects/IBM/qft_experiments/analysis_boston_linear_fowler_non_synchronized_layouting_dd_10-02-2026.json.gz
6,Fowler QFT,0.8719904305938964,ibm_boston,20,20,~/Nextcloud/Projects/IBM/qft_experiments/analysis_boston_linear_fowler_non_synchronized_layouting_dd_10-02-2026.json.gz
6,Fowler QFT,0.8728962794620991,ibm_boston,20,20,~/Nextcloud/Projects/IBM/qft_experiments/analysis_boston_linear_fowler_non_synchronized_layouting_dd_10-02-2026.json.gz
6,Fowler QFT,0.8711378576112626,ibm_boston,20,20,~/Nextcloud/Projects/IBM/qft_experiments/analysis_boston_linear_fowler_non_synchronized_layouting_dd_10-02-2026.json.gz
6,Fowler QFT,0.8730338036518608,ibm_boston,20,20,~/Nextcloud/Projects/IBM/qft_experiments/analysis_boston_linear_fowler_non_synchronized_layouting_dd_10-02-2026.json.gz
6,Fowler QFT,0.8738475985950152,ibm_boston,20,20,~/Nextcloud/Projects/IBM/qft_experiments/analysis_boston_linear_fowler_non_synchronized_layouting_dd_10-02-2026.json.gz
6,Fowler QFT,0.8726642683652557,ibm_boston,20,20,~/Nextcloud/Projects/IBM/qft_experiments/analysis_boston_linear_fowler_non_synchronized_layouting_dd_10-02-2026.json.gz
6,Fowler QFT,0.8722514953397915,ibm_boston,20,20,~/Nextcloud/Projects/IBM/qft_experiments/analysis_boston_linear_fowler_non_synchronized_layouting_dd_10-02-2026.json.gz
6,Fowler QFT,0.8660726815051651,ibm_boston,20,20,~/Nextcloud/Projects/IBM/qft_experiments/analysis_boston_linear_fowler_non_synchronized_layouting_dd_10-02-2026.json.gz
6,Fowler QFT,0.8733807159818516,ibm_boston,20,20,~/Nextcloud/Projects/IBM/qft_experiments/analysis_boston_linear_fowler_non_synchronized_layouting_dd_10-02-2026.json.gz
6,Fowler QFT,0.8720982288717314,ibm_boston,20,20,~/Nextcloud/Projects/IBM/qft_experiments/analysis_boston_linear_fowler_non_synchronized_layouting_dd_10-02-2026.json.gz
6,Fowler QFT,0.8714727333686226,ibm_boston,20,20,~/Nextcloud/Projects/IBM/qft_experiments/analysis_boston_linear_fowler_non_synchronized_layouting_dd_10-02-2026.json.gz
6,Fowler QFT,0.872649848051388,ibm_boston,20,20,~/Nextcloud/Projects/IBM/qft_experiments/analysis_boston_linear_fowler_non_synchronized_layouting_dd_10-02-2026.json.gz
6,Fowler QFT,0.8710378946762536,ibm_boston,20,20,~/Nextcloud/Projects/IBM/qft_experiments/analysis_boston_linear_fowler_non_synchronized_layouting_dd_10-02-2026.json.gz
6,Fowler QFT,0.8732112511811323,ibm_boston,20,20,~/Nextcloud/Projects/IBM/qft_experiments/analysis_boston_linear_fowler_non_synchronized_layouting_dd_10-02-2026.json.gz
6,Fowler QFT,0.872858672977727,ibm_boston,20,20,~/Nextcloud/Projects/IBM/qft_experiments/analysis_boston_linear_fowler_non_synchronized_layouting_dd_10-02-2026.json.gz
6,Fowler QFT,0.8752946537917717,ibm_boston,20,20,~/Nextcloud/Projects/IBM/qft_experiments/analysis_boston_linear_fowler_non_synchronized_layouting_dd_10-02-2026.json.gz
8,Fowler QFT,0.7878235899572856,ibm_boston,20,20,~/Nextcloud/Projects/IBM/qft_experiments/analysis_boston_linear_fowler_non_synchronized_layouting_dd_10-02-2026.json.gz
8,Fowler QFT,0.782165613724394,ibm_boston,20,20,~/Nextcloud/Projects/IBM/qft_experiments/analysis_boston_linear_fowler_non_synchronized_layouting_dd_10-02-2026.json.gz
8,Fowler QFT,0.7827649204076373,ibm_boston,20,20,~/Nextcloud/Projects/IBM/qft_experiments/analysis_boston_linear_fowler_non_synchronized_layouting_dd_10-02-2026.json.gz
8,Fowler QFT,0.7869947584695898,ibm_boston,20,20,~/Nextcloud/Projects/IBM/qft_experiments/analysis_boston_linear_fowler_non_synchronized_layouting_dd_10-02-2026.json.gz
8,Fowler QFT,0.7848605028364578,ibm_boston,20,20,~/Nextcloud/Projects/IBM/qft_experiments/analysis_boston_linear_fowler_non_synchronized_layouting_dd_10-02-2026.json.gz
8,Fowler QFT,0.7894991080110714,ibm_boston,20,20,~/Nextcloud/Projects/IBM/qft_experiments/analysis_boston_linear_fowler_non_synchronized_layouting_dd_10-02-2026.json.gz
8,Fowler QFT,0.7830691945288472,ibm_boston,20,20,~/Nextcloud/Projects/IBM/qft_experiments/analysis_boston_linear_fowler_non_synchronized_layouting_dd_10-02-2026.json.gz
8,Fowler QFT,0.7803443133050086,ibm_boston,20,20,~/Nextcloud/Projects/IBM/qft_experiments/analysis_boston_linear_fowler_non_synchronized_layouting_dd_10-02-2026.json.gz
8,Fowler QFT,0.7826282259893127,ibm_boston,20,20,~/Nextcloud/Projects/IBM/qft_experiments/analysis_boston_linear_fowler_non_synchronized_layouting_dd_10-02-2026.json.gz
8,Fowler QFT,0.7873203646743746,ibm_boston,20,20,~/Nextcloud/Projects/IBM/qft_experiments/analysis_boston_linear_fowler_non_synchronized_layouting_dd_10-02-2026.json.gz
8,Fowler QFT,0.7841277237985299,ibm_boston,20,20,~/Nextcloud/Projects/IBM/qft_experiments/analysis_boston_linear_fowler_non_synchronized_layouting_dd_10-02-2026.json.gz
8,Fowler QFT,0.7840922387977398,ibm_boston,20,20,~/Nextcloud/Projects/IBM/qft_experiments/analysis_boston_linear_fowler_non_synchronized_layouting_dd_10-02-2026.json.gz
8,Fowler QFT,0.7813746289932082,ibm_boston,20,20,~/Nextcloud/Projects/IBM/qft_experiments/analysis_boston_linear_fowler_non_synchronized_layouting_dd_10-02-2026.json.gz
8,Fowler QFT,0.786005926246845,ibm_boston,20,20,~/Nextcloud/Projects/IBM/qft_experiments/analysis_boston_linear_fowler_non_synchronized_layouting_dd_10-02-2026.json.gz
8,Fowler QFT,0.7831299007898177,ibm_boston,20,20,~/Nextcloud/Projects/IBM/qft_experiments/analysis_boston_linear_fowler_non_synchronized_layouting_dd_10-02-2026.json.gz
8,Fowler QFT,0.7815647911591694,ibm_boston,20,20,~/Nextcloud/Projects/IBM/qft_experiments/analysis_boston_linear_fowler_non_synchronized_layouting_dd_10-02-2026.json.gz
8,Fowler QFT,0.7842168877168746,ibm_boston,20,20,~/Nextcloud/Projects/IBM/qft_experiments/analysis_boston_linear_fowler_non_synchronized_layouting_dd_10-02-2026.json.gz
8,Fowler QFT,0.7823597928861735,ibm_boston,20,20,~/Nextcloud/Projects/IBM/qft_experiments/analysis_boston_linear_fowler_non_synchronized_layouting_dd_10-02-2026.json.gz
8,Fowler QFT,0.7836009889663994,ibm_boston,20,20,~/Nextcloud/Projects/IBM/qft_experiments/analysis_boston_linear_fowler_non_synchronized_layouting_dd_10-02-2026.json.gz
8,Fowler QFT,0.7866178612703515,ibm_boston,20,20,~/Nextcloud/Projects/IBM/qft_experiments/analysis_boston_linear_fowler_non_synchronized_layouting_dd_10-02-2026.json.gz
10,Fowler QFT,0.7347327741867531,ibm_boston,20,20,~/Nextcloud/Projects/IBM/qft_experiments/analysis_boston_linear_fowler_non_synchronized_layouting_dd_10-02-2026.json.gz
10,Fowler QFT,0.7284371011559191,ibm_boston,20,20,~/Nextcloud/Projects/IBM/qft_experiments/analysis_boston_linear_fowler_non_synchronized_layouting_dd_10-02-2026.json.gz
10,Fowler QFT,0.7285872980111165,ibm_boston,20,20,~/Nextcloud/Projects/IBM/qft_experiments/analysis_boston_linear_fowler_non_synchronized_layouting_dd_10-02-2026.json.gz
10,Fowler QFT,0.732817649192712,ibm_boston,20,20,~/Nextcloud/Projects/IBM/qft_experiments/analysis_boston_linear_fowler_non_synchronized_layouting_dd_10-02-2026.json.gz
10,Fowler QFT,0.7375655682281905,ibm_boston,20,20,~/Nextcloud/Projects/IBM/qft_experiments/analysis_boston_linear_fowler_non_synchronized_layouting_dd_10-02-2026.json.gz
10,Fowler QFT,0.7219340051244281,ibm_boston,20,20,~/Nextcloud/Projects/IBM/qft_experiments/analysis_boston_linear_fowler_non_synchronized_layouting_dd_10-02-2026.json.gz
10,Fowler QFT,0.7254802020121619,ibm_boston,20,20,~/Nextcloud/Projects/IBM/qft_experiments/analysis_boston_linear_fowler_non_synchronized_layouting_dd_10-02-2026.json.gz
10,Fowler QFT,0.7319504347359859,ibm_boston,20,20,~/Nextcloud/Projects/IBM/qft_experiments/analysis_boston_linear_fowler_non_synchronized_layouting_dd_10-02-2026.json.gz
10,Fowler QFT,0.7279115165102847,ibm_boston,20,20,~/Nextcloud/Projects/IBM/qft_experiments/analysis_boston_linear_fowler_non_synchronized_layouting_dd_10-02-2026.json.gz
10,Fowler QFT,0.7328945142879979,ibm_boston,20,20,~/Nextcloud/Projects/IBM/qft_experiments/analysis_boston_linear_fowler_non_synchronized_layouting_dd_10-02-2026.json.gz
10,Fowler QFT,0.7265339502963334,ibm_boston,20,20,~/Nextcloud/Projects/IBM/qft_experiments/analysis_boston_linear_fowler_non_synchronized_layouting_dd_10-02-2026.json.gz
10,Fowler QFT,0.7286993085620114,ibm_boston,20,20,~/Nextcloud/Projects/IBM/qft_experiments/analysis_boston_linear_fowler_non_synchronized_layouting_dd_10-02-2026.json.gz
10,Fowler QFT,0.7346515323636434,ibm_boston,20,20,~/Nextcloud/Projects/IBM/qft_experiments/analysis_boston_linear_fowler_non_synchronized_layouting_dd_10-02-2026.json.gz
10,Fowler QFT,0.7321270887155885,ibm_boston,20,20,~/Nextcloud/Projects/IBM/qft_experiments/analysis_boston_linear_fowler_non_synchronized_layouting_dd_10-02-2026.json.gz
10,Fowler QFT,0.7242479077359804,ibm_boston,20,20,~/Nextcloud/Projects/IBM/qft_experiments/analysis_boston_linear_fowler_non_synchronized_layouting_dd_10-02-2026.json.gz
10,Fowler QFT,0.7272124711037671,ibm_boston,20,20,~/Nextcloud/Projects/IBM/qft_experiments/analysis_boston_linear_fowler_non_synchronized_layouting_dd_10-02-2026.json.gz
10,Fowler QFT,0.7352440836700228,ibm_boston,20,20,~/Nextcloud/Projects/IBM/qft_experiments/analysis_boston_linear_fowler_non_synchronized_layouting_dd_10-02-2026.json.gz
10,Fowler QFT,0.7300798507612423,ibm_boston,20,20,~/Nextcloud/Projects/IBM/qft_experiments/analysis_boston_linear_fowler_non_synchronized_layouting_dd_10-02-2026.json.gz
10,Fowler QFT,0.7253290410516359,ibm_boston,20,20,~/Nextcloud/Projects/IBM/qft_experiments/analysis_boston_linear_fowler_non_synchronized_layouting_dd_10-02-2026.json.gz
10,Fowler QFT,0.727639336374776,ibm_boston,20,20,~/Nextcloud/Projects/IBM/qft_experiments/analysis_boston_linear_fowler_non_synchronized_layouting_dd_10-02-2026.json.gz
12,Fowler QFT,0.6174672273946978,ibm_boston,20,20,~/Nextcloud/Projects/IBM/qft_experiments/analysis_boston_linear_fowler_non_synchronized_layouting_dd_10-02-2026.json.gz
12,Fowler QFT,0.6403281155420244,ibm_boston,20,20,~/Nextcloud/Projects/IBM/qft_experiments/analysis_boston_linear_fowler_non_synchronized_layouting_dd_10-02-2026.json.gz
12,Fowler QFT,0.633242946793209,ibm_boston,20,20,~/Nextcloud/Projects/IBM/qft_experiments/analysis_boston_linear_fowler_non_synchronized_layouting_dd_10-02-2026.json.gz
12,Fowler QFT,0.613371631284786,ibm_boston,20,20,~/Nextcloud/Projects/IBM/qft_experiments/analysis_boston_linear_fowler_non_synchronized_layouting_dd_10-02-2026.json.gz
12,Fowler QFT,0.6281300401175527,ibm_boston,20,20,~/Nextcloud/Projects/IBM/qft_experiments/analysis_boston_linear_fowler_non_synchronized_layouting_dd_10-02-2026.json.gz
12,Fowler QFT,0.6328419094615926,ibm_boston,20,20,~/Nextcloud/Projects/IBM/qft_experiments/analysis_boston_linear_fowler_non_synchronized_layouting_dd_10-02-2026.json.gz
12,Fowler QFT,0.6266480721229719,ibm_boston,20,20,~/Nextcloud/Projects/IBM/qft_experiments/analysis_boston_linear_fowler_non_synchronized_layouting_dd_10-02-2026.json.gz
12,Fowler QFT,0.6283812108382977,ibm_boston,20,20,~/Nextcloud/Projects/IBM/qft_experiments/analysis_boston_linear_fowler_non_synchronized_layouting_dd_10-02-2026.json.gz
12,Fowler QFT,0.6185159325942036,ibm_boston,20,20,~/Nextcloud/Projects/IBM/qft_experiments/analysis_boston_linear_fowler_non_synchronized_layouting_dd_10-02-2026.json.gz
12,Fowler QFT,0.6304272065615723,ibm_boston,20,20,~/Nextcloud/Projects/IBM/qft_experiments/analysis_boston_linear_fowler_non_synchronized_layouting_dd_10-02-2026.json.gz
12,Fowler QFT,0.6281561097890843,ibm_boston,20,20,~/Nextcloud/Projects/IBM/qft_experiments/analysis_boston_linear_fowler_non_synchronized_layouting_dd_10-02-2026.json.gz
12,Fowler QFT,0.6246865030611921,ibm_boston,20,20,~/Nextcloud/Projects/IBM/qft_experiments/analysis_boston_linear_fowler_non_synchronized_layouting_dd_10-02-2026.json.gz
12,Fowler QFT,0.6326029538983305,ibm_boston,20,20,~/Nextcloud/Projects/IBM/qft_experiments/analysis_boston_linear_fowler_non_synchronized_layouting_dd_10-02-2026.json.gz
12,Fowler QFT,0.6397677690894475,ibm_boston,20,20,~/Nextcloud/Projects/IBM/qft_experiments/analysis_boston_linear_fowler_non_synchronized_layouting_dd_10-02-2026.json.gz
12,Fowler QFT,0.627165709690647,ibm_boston,20,20,~/Nextcloud/Projects/IBM/qft_experiments/analysis_boston_linear_fowler_non_synchronized_layouting_dd_10-02-2026.json.gz
12,Fowler QFT,0.615942781919361,ibm_boston,20,20,~/Nextcloud/Projects/IBM/qft_experiments/analysis_boston_linear_fowler_non_synchronized_layouting_dd_10-02-2026.json.gz
12,Fowler QFT,0.6192148334298638,ibm_boston,20,20,~/Nextcloud/Projects/IBM/qft_experiments/analysis_boston_linear_fowler_non_synchronized_layouting_dd_10-02-2026.json.gz
12,Fowler QFT,0.6248043345151442,ibm_boston,20,20,~/Nextcloud/Projects/IBM/qft_experiments/analysis_boston_linear_fowler_non_synchronized_layouting_dd_10-02-2026.json.gz
12,Fowler QFT,0.6331538302528826,ibm_boston,20,20,~/Nextcloud/Projects/IBM/qft_experiments/analysis_boston_linear_fowler_non_synchronized_layouting_dd_10-02-2026.json.gz
12,Fowler QFT,0.6274516141606874,ibm_boston,20,20,~/Nextcloud/Projects/IBM/qft_experiments/analysis_boston_linear_fowler_non_synchronized_layouting_dd_10-02-2026.json.gz
14,Fowler QFT,0.5190679975943965,ibm_boston,20,20,~/Nextcloud/Projects/IBM/qft_experiments/analysis_boston_linear_fowler_non_synchronized_layouting_dd_10-02-2026.json.gz
14,Fowler QFT,0.5216930253052473,ibm_boston,20,20,~/Nextcloud/Projects/IBM/qft_experiments/analysis_boston_linear_fowler_non_synchronized_layouting_dd_10-02-2026.json.gz
14,Fowler QFT,0.5210560269748603,ibm_boston,20,20,~/Nextcloud/Projects/IBM/qft_experiments/analysis_boston_linear_fowler_non_synchronized_layouting_dd_10-02-2026.json.gz
14,Fowler QFT,0.5209374408047638,ibm_boston,20,20,~/Nextcloud/Projects/IBM/qft_experiments/analysis_boston_linear_fowler_non_synchronized_layouting_dd_10-02-2026.json.gz
14,Fowler QFT,0.5189009805157385,ibm_boston,20,20,~/Nextcloud/Projects/IBM/qft_experiments/analysis_boston_linear_fowler_non_synchronized_layouting_dd_10-02-2026.json.gz
14,Fowler QFT,0.5165133442502743,ibm_boston,20,20,~/Nextcloud/Projects/IBM/qft_experiments/analysis_boston_linear_fowler_non_synchronized_layouting_dd_10-02-2026.json.gz
14,Fowler QFT,0.5215878555369391,ibm_boston,20,20,~/Nextcloud/Projects/IBM/qft_experiments/analysis_boston_linear_fowler_non_synchronized_layouting_dd_10-02-2026.json.gz
14,Fowler QFT,0.5207076666927704,ibm_boston,20,20,~/Nextcloud/Projects/IBM/qft_experiments/analysis_boston_linear_fowler_non_synchronized_layouting_dd_10-02-2026.json.gz
14,Fowler QFT,0.5157913032429563,ibm_boston,20,20,~/Nextcloud/Projects/IBM/qft_experiments/analysis_boston_linear_fowler_non_synchronized_layouting_dd_10-02-2026.json.gz
14,Fowler QFT,0.5195921944851607,ibm_boston,20,20,~/Nextcloud/Projects/IBM/qft_experiments/analysis_boston_linear_fowler_non_synchronized_layouting_dd_10-02-2026.json.gz
14,Fowler QFT,0.5227146732198563,ibm_boston,20,20,~/Nextcloud/Projects/IBM/qft_experiments/analysis_boston_linear_fowler_non_synchronized_layouting_dd_10-02-2026.json.gz
14,Fowler QFT,0.5204395917189888,ibm_boston,20,20,~/Nextcloud/Projects/IBM/qft_experiments/analysis_boston_linear_fowler_non_synchronized_layouting_dd_10-02-2026.json.gz
14,Fowler QFT,0.5150101973363741,ibm_boston,20,20,~/Nextcloud/Projects/IBM/qft_experiments/analysis_boston_linear_fowler_non_synchronized_layouting_dd_10-02-2026.json.gz
14,Fowler QFT,0.5137406622749346,ibm_boston,20,20,~/Nextcloud/Projects/IBM/qft_experiments/analysis_boston_linear_fowler_non_synchronized_layouting_dd_10-02-2026.json.gz
14,Fowler QFT,0.5213836280217946,ibm_boston,20,20,~/Nextcloud/Projects/IBM/qft_experiments/analysis_boston_linear_fowler_non_synchronized_layouting_dd_10-02-2026.json.gz
14,Fowler QFT,0.5185636633332201,ibm_boston,20,20,~/Nextcloud/Projects/IBM/qft_experiments/analysis_boston_linear_fowler_non_synchronized_layouting_dd_10-02-2026.json.gz
14,Fowler QFT,0.5224817476551499,ibm_boston,20,20,~/Nextcloud/Projects/IBM/qft_experiments/analysis_boston_linear_fowler_non_synchronized_layouting_dd_10-02-2026.json.gz
14,Fowler QFT,0.5173648466739829,ibm_boston,20,20,~/Nextcloud/Projects/IBM/qft_experiments/analysis_boston_linear_fowler_non_synchronized_layouting_dd_10-02-2026.json.gz
14,Fowler QFT,0.5185580431756848,ibm_boston,20,20,~/Nextcloud/Projects/IBM/qft_experiments/analysis_boston_linear_fowler_non_synchronized_layouting_dd_10-02-2026.json.gz
14,Fowler QFT,0.5196620087539319,ibm_boston,20,20,~/Nextcloud/Projects/IBM/qft_experiments/analysis_boston_linear_fowler_non_synchronized_layouting_dd_10-02-2026.json.gz
16,Fowler QFT,0.4223296146760312,ibm_boston,20,20,~/Nextcloud/Projects/IBM/qft_experiments/analysis_boston_linear_fowler_non_synchronized_layouting_dd_10-02-2026.json.gz
16,Fowler QFT,0.41710524305085855,ibm_boston,20,20,~/Nextcloud/Projects/IBM/qft_experiments/analysis_boston_linear_fowler_non_synchronized_layouting_dd_10-02-2026.json.gz
16,Fowler QFT,0.42513009123764667,ibm_boston,20,20,~/Nextcloud/Projects/IBM/qft_experiments/analysis_boston_linear_fowler_non_synchronized_layouting_dd_10-02-2026.json.gz
16,Fowler QFT,0.4222271730284669,ibm_boston,20,20,~/Nextcloud/Projects/IBM/qft_experiments/analysis_boston_linear_fowler_non_synchronized_layouting_dd_10-02-2026.json.gz
16,Fowler QFT,0.4254991504817125,ibm_boston,20,20,~/Nextcloud/Projects/IBM/qft_experiments/analysis_boston_linear_fowler_non_synchronized_layouting_dd_10-02-2026.json.gz
16,Fowler QFT,0.4229426947273036,ibm_boston,20,20,~/Nextcloud/Projects/IBM/qft_experiments/analysis_boston_linear_fowler_non_synchronized_layouting_dd_10-02-2026.json.gz
16,Fowler QFT,0.42475187846196105,ibm_boston,20,20,~/Nextcloud/Projects/IBM/qft_experiments/analysis_boston_linear_fowler_non_synchronized_layouting_dd_10-02-2026.json.gz
16,Fowler QFT,0.42573951382775005,ibm_boston,20,20,~/Nextcloud/Projects/IBM/qft_experiments/analysis_boston_linear_fowler_non_synchronized_layouting_dd_10-02-2026.json.gz
16,Fowler QFT,0.4255607392493825,ibm_boston,20,20,~/Nextcloud/Projects/IBM/qft_experiments/analysis_boston_linear_fowler_non_synchronized_layouting_dd_10-02-2026.json.gz
16,Fowler QFT,0.4195923514665588,ibm_boston,20,20,~/Nextcloud/Projects/IBM/qft_experiments/analysis_boston_linear_fowler_non_synchronized_layouting_dd_10-02-2026.json.gz
16,Fowler QFT,0.43178472590411154,ibm_boston,20,20,~/Nextcloud/Projects/IBM/qft_experiments/analysis_boston_linear_fowler_non_synchronized_layouting_dd_10-02-2026.json.gz
16,Fowler QFT,0.4212853286589811,ibm_boston,20,20,~/Nextcloud/Projects/IBM/qft_experiments/analysis_boston_linear_fowler_non_synchronized_layouting_dd_10-02-2026.json.gz
16,Fowler QFT,0.4226013313845856,ibm_boston,20,20,~/Nextcloud/Projects/IBM/qft_experiments/analysis_boston_linear_fowler_non_synchronized_layouting_dd_10-02-2026.json.gz
16,Fowler QFT,0.41281529545070195,ibm_boston,20,20,~/Nextcloud/Projects/IBM/qft_experiments/analysis_boston_linear_fowler_non_synchronized_layouting_dd_10-02-2026.json.gz
16,Fowler QFT,0.4249570084456225,ibm_boston,20,20,~/Nextcloud/Projects/IBM/qft_experiments/analysis_boston_linear_fowler_non_synchronized_layouting_dd_10-02-2026.json.gz
16,Fowler QFT,0.4232188204590198,ibm_boston,20,20,~/Nextcloud/Projects/IBM/qft_experiments/analysis_boston_linear_fowler_non_synchronized_layouting_dd_10-02-2026.json.gz
16,Fowler QFT,0.42783961301164464,ibm_boston,20,20,~/Nextcloud/Projects/IBM/qft_experiments/analysis_boston_linear_fowler_non_synchronized_layouting_dd_10-02-2026.json.gz
16,Fowler QFT,0.42514981502399773,ibm_boston,20,20,~/Nextcloud/Projects/IBM/qft_experiments/analysis_boston_linear_fowler_non_synchronized_layouting_dd_10-02-2026.json.gz
16,Fowler QFT,0.4192625292840148,ibm_boston,20,20,~/Nextcloud/Projects/IBM/qft_experiments/analysis_boston_linear_fowler_non_synchronized_layouting_dd_10-02-2026.json.gz
16,Fowler QFT,0.422288099700894,ibm_boston,20,20,~/Nextcloud/Projects/IBM/qft_experiments/analysis_boston_linear_fowler_non_synchronized_layouting_dd_10-02-2026.json.gz
18,Fowler QFT,0.34913226863053687,ibm_boston,20,20,~/Nextcloud/Projects/IBM/qft_experiments/analysis_boston_linear_fowler_non_synchronized_layouting_dd_10-02-2026.json.gz
18,Fowler QFT,0.3454098174153386,ibm_boston,20,20,~/Nextcloud/Projects/IBM/qft_experiments/analysis_boston_linear_fowler_non_synchronized_layouting_dd_10-02-2026.json.gz
18,Fowler QFT,0.3481001998513957,ibm_boston,20,20,~/Nextcloud/Projects/IBM/qft_experiments/analysis_boston_linear_fowler_non_synchronized_layouting_dd_10-02-2026.json.gz
18,Fowler QFT,0.34285321759008525,ibm_boston,20,20,~/Nextcloud/Projects/IBM/qft_experiments/analysis_boston_linear_fowler_non_synchronized_layouting_dd_10-02-2026.json.gz
18,Fowler QFT,0.34919025653241165,ibm_boston,20,20,~/Nextcloud/Projects/IBM/qft_experiments/analysis_boston_linear_fowler_non_synchronized_layouting_dd_10-02-2026.json.gz
18,Fowler QFT,0.3502628295937187,ibm_boston,20,20,~/Nextcloud/Projects/IBM/qft_experiments/analysis_boston_linear_fowler_non_synchronized_layouting_dd_10-02-2026.json.gz
18,Fowler QFT,0.34327202124484174,ibm_boston,20,20,~/Nextcloud/Projects/IBM/qft_experiments/analysis_boston_linear_fowler_non_synchronized_layouting_dd_10-02-2026.json.gz
18,Fowler QFT,0.34496841839415654,ibm_boston,20,20,~/Nextcloud/Projects/IBM/qft_experiments/analysis_boston_linear_fowler_non_synchronized_layouting_dd_10-02-2026.json.gz
18,Fowler QFT,0.3457464686294557,ibm_boston,20,20,~/Nextcloud/Projects/IBM/qft_experiments/analysis_boston_linear_fowler_non_synchronized_layouting_dd_10-02-2026.json.gz
18,Fowler QFT,0.3409226158479097,ibm_boston,20,20,~/Nextcloud/Projects/IBM/qft_experiments/analysis_boston_linear_fowler_non_synchronized_layouting_dd_10-02-2026.json.gz
18,Fowler QFT,0.3384385274517979,ibm_boston,20,20,~/Nextcloud/Projects/IBM/qft_experiments/analysis_boston_linear_fowler_non_synchronized_layouting_dd_10-02-2026.json.gz
18,Fowler QFT,0.34165937178795464,ibm_boston,20,20,~/Nextcloud/Projects/IBM/qft_experiments/analysis_boston_linear_fowler_non_synchronized_layouting_dd_10-02-2026.json.gz
18,Fowler QFT,0.35538477870457164,ibm_boston,20,20,~/Nextcloud/Projects/IBM/qft_experiments/analysis_boston_linear_fowler_non_synchronized_layouting_dd_10-02-2026.json.gz
18,Fowler QFT,0.3520093555249162,ibm_boston,20,20,~/Nextcloud/Projects/IBM/qft_experiments/analysis_boston_linear_fowler_non_synchronized_layouting_dd_10-02-2026.json.gz
18,Fowler QFT,0.34190078441760086,ibm_boston,20,20,~/Nextcloud/Projects/IBM/qft_experiments/analysis_boston_linear_fowler_non_synchronized_layouting_dd_10-02-2026.json.gz
18,Fowler QFT,0.3427930694480747,ibm_boston,20,20,~/Nextcloud/Projects/IBM/qft_experiments/analysis_boston_linear_fowler_non_synchronized_layouting_dd_10-02-2026.json.gz
18,Fowler QFT,0.3486864476361902,ibm_boston,20,20,~/Nextcloud/Projects/IBM/qft_experiments/analysis_boston_linear_fowler_non_synchronized_layouting_dd_10-02-2026.json.gz
18,Fowler QFT,0.347376779538998,ibm_boston,20,20,~/Nextcloud/Projects/IBM/qft_experiments/analysis_boston_linear_fowler_non_synchronized_layouting_dd_10-02-2026.json.gz
18,Fowler QFT,0.3419077506403659,ibm_boston,20,20,~/Nextcloud/Projects/IBM/qft_experiments/analysis_boston_linear_fowler_non_synchronized_layouting_dd_10-02-2026.json.gz
18,Fowler QFT,0.3470674304444434,ibm_boston,20,20,~/Nextcloud/Projects/IBM/qft_experiments/analysis_boston_linear_fowler_non_synchronized_layouting_dd_10-02-2026.json.gz
20,Fowler QFT,0.28058431762070235,ibm_boston,20,20,~/Nextcloud/Projects/IBM/qft_experiments/analysis_boston_linear_fowler_non_synchronized_layouting_dd_10-02-2026.json.gz
20,Fowler QFT,0.28210685844400607,ibm_boston,20,20,~/Nextcloud/Projects/IBM/qft_experiments/analysis_boston_linear_fowler_non_synchronized_layouting_dd_10-02-2026.json.gz
20,Fowler QFT,0.2778951785252845,ibm_boston,20,20,~/Nextcloud/Projects/IBM/qft_experiments/analysis_boston_linear_fowler_non_synchronized_layouting_dd_10-02-2026.json.gz
20,Fowler QFT,0.2783653099519238,ibm_boston,20,20,~/Nextcloud/Projects/IBM/qft_experiments/analysis_boston_linear_fowler_non_synchronized_layouting_dd_10-02-2026.json.gz
20,Fowler QFT,0.2831945536344359,ibm_boston,20,20,~/Nextcloud/Projects/IBM/qft_experiments/analysis_boston_linear_fowler_non_synchronized_layouting_dd_10-02-2026.json.gz
20,Fowler QFT,0.27936081035230925,ibm_boston,20,20,~/Nextcloud/Projects/IBM/qft_experiments/analysis_boston_linear_fowler_non_synchronized_layouting_dd_10-02-2026.json.gz
20,Fowler QFT,0.272705491664688,ibm_boston,20,20,~/Nextcloud/Projects/IBM/qft_experiments/analysis_boston_linear_fowler_non_synchronized_layouting_dd_10-02-2026.json.gz
20,Fowler QFT,0.2833371734674513,ibm_boston,20,20,~/Nextcloud/Projects/IBM/qft_experiments/analysis_boston_linear_fowler_non_synchronized_layouting_dd_10-02-2026.json.gz
20,Fowler QFT,0.28073811846905516,ibm_boston,20,20,~/Nextcloud/Projects/IBM/qft_experiments/analysis_boston_linear_fowler_non_synchronized_layouting_dd_10-02-2026.json.gz
20,Fowler QFT,0.2784035435254848,ibm_boston,20,20,~/Nextcloud/Projects/IBM/qft_experiments/analysis_boston_linear_fowler_non_synchronized_layouting_dd_10-02-2026.json.gz
20,Fowler QFT,0.2789708070644194,ibm_boston,20,20,~/Nextcloud/Projects/IBM/qft_experiments/analysis_boston_linear_fowler_non_synchronized_layouting_dd_10-02-2026.json.gz
20,Fowler QFT,0.2805953451428732,ibm_boston,20,20,~/Nextcloud/Projects/IBM/qft_experiments/analysis_boston_linear_fowler_non_synchronized_layouting_dd_10-02-2026.json.gz
20,Fowler QFT,0.27866232315895845,ibm_boston,20,20,~/Nextcloud/Projects/IBM/qft_experiments/analysis_boston_linear_fowler_non_synchronized_layouting_dd_10-02-2026.json.gz
20,Fowler QFT,0.2813297629283897,ibm_boston,20,20,~/Nextcloud/Projects/IBM/qft_experiments/analysis_boston_linear_fowler_non_synchronized_layouting_dd_10-02-2026.json.gz
20,Fowler QFT,0.2827118295776086,ibm_boston,20,20,~/Nextcloud/Projects/IBM/qft_experiments/analysis_boston_linear_fowler_non_synchronized_layouting_dd_10-02-2026.json.gz
20,Fowler QFT,0.28082828939046195,ibm_boston,20,20,~/Nextcloud/Projects/IBM/qft_experiments/analysis_boston_linear_fowler_non_synchronized_layouting_dd_10-02-2026.json.gz
20,Fowler QFT,0.2784047756489601,ibm_boston,20,20,~/Nextcloud/Projects/IBM/qft_experiments/analysis_boston_linear_fowler_non_synchronized_layouting_dd_10-02-2026.json.gz
20,Fowler QFT,0.2777643668680991,ibm_boston,20,20,~/Nextcloud/Projects/IBM/qft_experiments/analysis_boston_linear_fowler_non_synchronized_layouting_dd_10-02-2026.json.gz
20,Fowler QFT,0.27846731773263617,ibm_boston,20,20,~/Nextcloud/Projects/IBM/qft_experiments/analysis_boston_linear_fowler_non_synchronized_layouting_dd_10-02-2026.json.gz
20,Fowler QFT,0.27052240842915914,ibm_boston,20,20,~/Nextcloud/Projects/IBM/qft_experiments/analysis_boston_linear_fowler_non_synchronized_layouting_dd_10-02-2026.json.gz
22,Fowler QFT,0.22099784049470672,ibm_boston,20,20,~/Nextcloud/Projects/IBM/qft_experiments/analysis_boston_linear_fowler_non_synchronized_layouting_dd_10-02-2026.json.gz
22,Fowler QFT,0.23003860210843782,ibm_boston,20,20,~/Nextcloud/Projects/IBM/qft_experiments/analysis_boston_linear_fowler_non_synchronized_layouting_dd_10-02-2026.json.gz
22,Fowler QFT,0.22365642909629396,ibm_boston,20,20,~/Nextcloud/Projects/IBM/qft_experiments/analysis_boston_linear_fowler_non_synchronized_layouting_dd_10-02-2026.json.gz
22,Fowler QFT,0.22431528648693996,ibm_boston,20,20,~/Nextcloud/Projects/IBM/qft_experiments/analysis_boston_linear_fowler_non_synchronized_layouting_dd_10-02-2026.json.gz
22,Fowler QFT,0.22792767862980734,ibm_boston,20,20,~/Nextcloud/Projects/IBM/qft_experiments/analysis_boston_linear_fowler_non_synchronized_layouting_dd_10-02-2026.json.gz
22,Fowler QFT,0.22554011208245506,ibm_boston,20,20,~/Nextcloud/Projects/IBM/qft_experiments/analysis_boston_linear_fowler_non_synchronized_layouting_dd_10-02-2026.json.gz
22,Fowler QFT,0.22586785515261368,ibm_boston,20,20,~/Nextcloud/Projects/IBM/qft_experiments/analysis_boston_linear_fowler_non_synchronized_layouting_dd_10-02-2026.json.gz
22,Fowler QFT,0.2218887413849274,ibm_boston,20,20,~/Nextcloud/Projects/IBM/qft_experiments/analysis_boston_linear_fowler_non_synchronized_layouting_dd_10-02-2026.json.gz
22,Fowler QFT,0.22335974301562814,ibm_boston,20,20,~/Nextcloud/Projects/IBM/qft_experiments/analysis_boston_linear_fowler_non_synchronized_layouting_dd_10-02-2026.json.gz
22,Fowler QFT,0.22533309264811718,ibm_boston,20,20,~/Nextcloud/Projects/IBM/qft_experiments/analysis_boston_linear_fowler_non_synchronized_layouting_dd_10-02-2026.json.gz
22,Fowler QFT,0.2232616467229572,ibm_boston,20,20,~/Nextcloud/Projects/IBM/qft_experiments/analysis_boston_linear_fowler_non_synchronized_layouting_dd_10-02-2026.json.gz
22,Fowler QFT,0.22470529210269632,ibm_boston,20,20,~/Nextcloud/Projects/IBM/qft_experiments/analysis_boston_linear_fowler_non_synchronized_layouting_dd_10-02-2026.json.gz
22,Fowler QFT,0.22470292937778716,ibm_boston,20,20,~/Nextcloud/Projects/IBM/qft_experiments/analysis_boston_linear_fowler_non_synchronized_layouting_dd_10-02-2026.json.gz
22,Fowler QFT,0.2183464243358199,ibm_boston,20,20,~/Nextcloud/Projects/IBM/qft_experiments/analysis_boston_linear_fowler_non_synchronized_layouting_dd_10-02-2026.json.gz
22,Fowler QFT,0.22588660423752846,ibm_boston,20,20,~/Nextcloud/Projects/IBM/qft_experiments/analysis_boston_linear_fowler_non_synchronized_layouting_dd_10-02-2026.json.gz
22,Fowler QFT,0.22839220273546607,ibm_boston,20,20,~/Nextcloud/Projects/IBM/qft_experiments/analysis_boston_linear_fowler_non_synchronized_layouting_dd_10-02-2026.json.gz
22,Fowler QFT,0.22597451802883076,ibm_boston,20,20,~/Nextcloud/Projects/IBM/qft_experiments/analysis_boston_linear_fowler_non_synchronized_layouting_dd_10-02-2026.json.gz
22,Fowler QFT,0.22867829439453002,ibm_boston,20,20,~/Nextcloud/Projects/IBM/qft_experiments/analysis_boston_linear_fowler_non_synchronized_layouting_dd_10-02-2026.json.gz
22,Fowler QFT,0.2235045688019509,ibm_boston,20,20,~/Nextcloud/Projects/IBM/qft_experiments/analysis_boston_linear_fowler_non_synchronized_layouting_dd_10-02-2026.json.gz
22,Fowler QFT,0.2241158733661907,ibm_boston,20,20,~/Nextcloud/Projects/IBM/qft_experiments/analysis_boston_linear_fowler_non_synchronized_layouting_dd_10-02-2026.json.gz
24,Fowler QFT,0.16125847962050666,ibm_boston,20,20,~/Nextcloud/Projects/IBM/qft_experiments/analysis_boston_linear_fowler_non_synchronized_layouting_dd_10-02-2026.json.gz
24,Fowler QFT,0.1641356754671727,ibm_boston,20,20,~/Nextcloud/Projects/IBM/qft_experiments/analysis_boston_linear_fowler_non_synchronized_layouting_dd_10-02-2026.json.gz
24,Fowler QFT,0.16487839001543045,ibm_boston,20,20,~/Nextcloud/Projects/IBM/qft_experiments/analysis_boston_linear_fowler_non_synchronized_layouting_dd_10-02-2026.json.gz
24,Fowler QFT,0.16377818054247767,ibm_boston,20,20,~/Nextcloud/Projects/IBM/qft_experiments/analysis_boston_linear_fowler_non_synchronized_layouting_dd_10-02-2026.json.gz
24,Fowler QFT,0.16818965350284246,ibm_boston,20,20,~/Nextcloud/Projects/IBM/qft_experiments/analysis_boston_linear_fowler_non_synchronized_layouting_dd_10-02-2026.json.gz
24,Fowler QFT,0.16319999202352026,ibm_boston,20,20,~/Nextcloud/Projects/IBM/qft_experiments/analysis_boston_linear_fowler_non_synchronized_layouting_dd_10-02-2026.json.gz
24,Fowler QFT,0.1643579785989518,ibm_boston,20,20,~/Nextcloud/Projects/IBM/qft_experiments/analysis_boston_linear_fowler_non_synchronized_layouting_dd_10-02-2026.json.gz
24,Fowler QFT,0.16161590875399975,ibm_boston,20,20,~/Nextcloud/Projects/IBM/qft_experiments/analysis_boston_linear_fowler_non_synchronized_layouting_dd_10-02-2026.json.gz
24,Fowler QFT,0.1628965391375056,ibm_boston,20,20,~/Nextcloud/Projects/IBM/qft_experiments/analysis_boston_linear_fowler_non_synchronized_layouting_dd_10-02-2026.json.gz
24,Fowler QFT,0.16824310306322707,ibm_boston,20,20,~/Nextcloud/Projects/IBM/qft_experiments/analysis_boston_linear_fowler_non_synchronized_layouting_dd_10-02-2026.json.gz
24,Fowler QFT,0.16453866004316856,ibm_boston,20,20,~/Nextcloud/Projects/IBM/qft_experiments/analysis_boston_linear_fowler_non_synchronized_layouting_dd_10-02-2026.json.gz
24,Fowler QFT,0.16787467936150852,ibm_boston,20,20,~/Nextcloud/Projects/IBM/qft_experiments/analysis_boston_linear_fowler_non_synchronized_layouting_dd_10-02-2026.json.gz
24,Fowler QFT,0.17023163557190235,ibm_boston,20,20,~/Nextcloud/Projects/IBM/qft_experiments/analysis_boston_linear_fowler_non_synchronized_layouting_dd_10-02-2026.json.gz
24,Fowler QFT,0.16882984256733133,ibm_boston,20,20,~/Nextcloud/Projects/IBM/qft_experiments/analysis_boston_linear_fowler_non_synchronized_layouting_dd_10-02-2026.json.gz
24,Fowler QFT,0.161516165894367,ibm_boston,20,20,~/Nextcloud/Projects/IBM/qft_experiments/analysis_boston_linear_fowler_non_synchronized_layouting_dd_10-02-2026.json.gz
24,Fowler QFT,0.16427288875180657,ibm_boston,20,20,~/Nextcloud/Projects/IBM/qft_experiments/analysis_boston_linear_fowler_non_synchronized_layouting_dd_10-02-2026.json.gz
24,Fowler QFT,0.16662370844894286,ibm_boston,20,20,~/Nextcloud/Projects/IBM/qft_experiments/analysis_boston_linear_fowler_non_synchronized_layouting_dd_10-02-2026.json.gz
24,Fowler QFT,0.16658694095886223,ibm_boston,20,20,~/Nextcloud/Projects/IBM/qft_experiments/analysis_boston_linear_fowler_non_synchronized_layouting_dd_10-02-2026.json.gz
24,Fowler QFT,0.16556670359480405,ibm_boston,20,20,~/Nextcloud/Projects/IBM/qft_experiments/analysis_boston_linear_fowler_non_synchronized_layouting_dd_10-02-2026.json.gz
24,Fowler QFT,0.16318217602875607,ibm_boston,20,20,~/Nextcloud/Projects/IBM/qft_experiments/analysis_boston_linear_fowler_non_synchronized_layouting_dd_10-02-2026.json.gz
26,Fowler QFT,0.13080600353564525,ibm_boston,20,20,~/Nextcloud/Projects/IBM/qft_experiments/analysis_boston_linear_fowler_non_synchronized_layouting_dd_10-02-2026.json.gz
26,Fowler QFT,0.12852549663435844,ibm_boston,20,20,~/Nextcloud/Projects/IBM/qft_experiments/analysis_boston_linear_fowler_non_synchronized_layouting_dd_10-02-2026.json.gz
26,Fowler QFT,0.12836132541511613,ibm_boston,20,20,~/Nextcloud/Projects/IBM/qft_experiments/analysis_boston_linear_fowler_non_synchronized_layouting_dd_10-02-2026.json.gz
26,Fowler QFT,0.12628049428306265,ibm_boston,20,20,~/Nextcloud/Projects/IBM/qft_experiments/analysis_boston_linear_fowler_non_synchronized_layouting_dd_10-02-2026.json.gz
26,Fowler QFT,0.1301763155400263,ibm_boston,20,20,~/Nextcloud/Projects/IBM/qft_experiments/analysis_boston_linear_fowler_non_synchronized_layouting_dd_10-02-2026.json.gz
26,Fowler QFT,0.130815455666465,ibm_boston,20,20,~/Nextcloud/Projects/IBM/qft_experiments/analysis_boston_linear_fowler_non_synchronized_layouting_dd_10-02-2026.json.gz
26,Fowler QFT,0.1280944019210918,ibm_boston,20,20,~/Nextcloud/Projects/IBM/qft_experiments/analysis_boston_linear_fowler_non_synchronized_layouting_dd_10-02-2026.json.gz
26,Fowler QFT,0.12329443769040632,ibm_boston,20,20,~/Nextcloud/Projects/IBM/qft_experiments/analysis_boston_linear_fowler_non_synchronized_layouting_dd_10-02-2026.json.gz
26,Fowler QFT,0.12450874070011837,ibm_boston,20,20,~/Nextcloud/Projects/IBM/qft_experiments/analysis_boston_linear_fowler_non_synchronized_layouting_dd_10-02-2026.json.gz
26,Fowler QFT,0.13071424655807462,ibm_boston,20,20,~/Nextcloud/Projects/IBM/qft_experiments/analysis_boston_linear_fowler_non_synchronized_layouting_dd_10-02-2026.json.gz
26,Fowler QFT,0.12717702837936376,ibm_boston,20,20,~/Nextcloud/Projects/IBM/qft_experiments/analysis_boston_linear_fowler_non_synchronized_layouting_dd_10-02-2026.json.gz
26,Fowler QFT,0.12531406347118262,ibm_boston,20,20,~/Nextcloud/Projects/IBM/qft_experiments/analysis_boston_linear_fowler_non_synchronized_layouting_dd_10-02-2026.json.gz
26,Fowler QFT,0.1261069402472986,ibm_boston,20,20,~/Nextcloud/Projects/IBM/qft_experiments/analysis_boston_linear_fowler_non_synchronized_layouting_dd_10-02-2026.json.gz
26,Fowler QFT,0.12385603868311106,ibm_boston,20,20,~/Nextcloud/Projects/IBM/qft_experiments/analysis_boston_linear_fowler_non_synchronized_layouting_dd_10-02-2026.json.gz
26,Fowler QFT,0.12407119339217834,ibm_boston,20,20,~/Nextcloud/Projects/IBM/qft_experiments/analysis_boston_linear_fowler_non_synchronized_layouting_dd_10-02-2026.json.gz
26,Fowler QFT,0.12762234968753397,ibm_boston,20,20,~/Nextcloud/Projects/IBM/qft_experiments/analysis_boston_linear_fowler_non_synchronized_layouting_dd_10-02-2026.json.gz
26,Fowler QFT,0.1254102010102933,ibm_boston,20,20,~/Nextcloud/Projects/IBM/qft_experiments/analysis_boston_linear_fowler_non_synchronized_layouting_dd_10-02-2026.json.gz
26,Fowler QFT,0.12245442484977698,ibm_boston,20,20,~/Nextcloud/Projects/IBM/qft_experiments/analysis_boston_linear_fowler_non_synchronized_layouting_dd_10-02-2026.json.gz
26,Fowler QFT,0.1237459712145019,ibm_boston,20,20,~/Nextcloud/Projects/IBM/qft_experiments/analysis_boston_linear_fowler_non_synchronized_layouting_dd_10-02-2026.json.gz
26,Fowler QFT,0.12393385923136009,ibm_boston,20,20,~/Nextcloud/Projects/IBM/qft_experiments/analysis_boston_linear_fowler_non_synchronized_layouting_dd_10-02-2026.json.gz
28,Fowler QFT,0.09199852988405118,ibm_boston,20,20,~/Nextcloud/Projects/IBM/qft_experiments/analysis_boston_linear_fowler_non_synchronized_layouting_dd_10-02-2026.json.gz
28,Fowler QFT,0.08517965933821298,ibm_boston,20,20,~/Nextcloud/Projects/IBM/qft_experiments/analysis_boston_linear_fowler_non_synchronized_layouting_dd_10-02-2026.json.gz
28,Fowler QFT,0.09034599927029308,ibm_boston,20,20,~/Nextcloud/Projects/IBM/qft_experiments/analysis_boston_linear_fowler_non_synchronized_layouting_dd_10-02-2026.json.gz
28,Fowler QFT,0.0907164609980796,ibm_boston,20,20,~/Nextcloud/Projects/IBM/qft_experiments/analysis_boston_linear_fowler_non_synchronized_layouting_dd_10-02-2026.json.gz
28,Fowler QFT,0.08469476018319133,ibm_boston,20,20,~/Nextcloud/Projects/IBM/qft_experiments/analysis_boston_linear_fowler_non_synchronized_layouting_dd_10-02-2026.json.gz
28,Fowler QFT,0.08777676562452338,ibm_boston,20,20,~/Nextcloud/Projects/IBM/qft_experiments/analysis_boston_linear_fowler_non_synchronized_layouting_dd_10-02-2026.json.gz
28,Fowler QFT,0.09022703682523954,ibm_boston,20,20,~/Nextcloud/Projects/IBM/qft_experiments/analysis_boston_linear_fowler_non_synchronized_layouting_dd_10-02-2026.json.gz
28,Fowler QFT,0.08811824693127118,ibm_boston,20,20,~/Nextcloud/Projects/IBM/qft_experiments/analysis_boston_linear_fowler_non_synchronized_layouting_dd_10-02-2026.json.gz
28,Fowler QFT,0.08641728713601306,ibm_boston,20,20,~/Nextcloud/Projects/IBM/qft_experiments/analysis_boston_linear_fowler_non_synchronized_layouting_dd_10-02-2026.json.gz
28,Fowler QFT,0.08593518671338164,ibm_boston,20,20,~/Nextcloud/Projects/IBM/qft_experiments/analysis_boston_linear_fowler_non_synchronized_layouting_dd_10-02-2026.json.gz
28,Fowler QFT,0.09227927113844883,ibm_boston,20,20,~/Nextcloud/Projects/IBM/qft_experiments/analysis_boston_linear_fowler_non_synchronized_layouting_dd_10-02-2026.json.gz
28,Fowler QFT,0.09069188989018193,ibm_boston,20,20,~/Nextcloud/Projects/IBM/qft_experiments/analysis_boston_linear_fowler_non_synchronized_layouting_dd_10-02-2026.json.gz
28,Fowler QFT,0.08831894243241868,ibm_boston,20,20,~/Nextcloud/Projects/IBM/qft_experiments/analysis_boston_linear_fowler_non_synchronized_layouting_dd_10-02-2026.json.gz
28,Fowler QFT,0.08714366617715202,ibm_boston,20,20,~/Nextcloud/Projects/IBM/qft_experiments/analysis_boston_linear_fowler_non_synchronized_layouting_dd_10-02-2026.json.gz
28,Fowler QFT,0.09129719634013933,ibm_boston,20,20,~/Nextcloud/Projects/IBM/qft_experiments/analysis_boston_linear_fowler_non_synchronized_layouting_dd_10-02-2026.json.gz
28,Fowler QFT,0.08430513692868166,ibm_boston,20,20,~/Nextcloud/Projects/IBM/qft_experiments/analysis_boston_linear_fowler_non_synchronized_layouting_dd_10-02-2026.json.gz
28,Fowler QFT,0.09043529638120495,ibm_boston,20,20,~/Nextcloud/Projects/IBM/qft_experiments/analysis_boston_linear_fowler_non_synchronized_layouting_dd_10-02-2026.json.gz
28,Fowler QFT,0.08848451535888008,ibm_boston,20,20,~/Nextcloud/Projects/IBM/qft_experiments/analysis_boston_linear_fowler_non_synchronized_layouting_dd_10-02-2026.json.gz
28,Fowler QFT,0.08607363069528362,ibm_boston,20,20,~/Nextcloud/Projects/IBM/qft_experiments/analysis_boston_linear_fowler_non_synchronized_layouting_dd_10-02-2026.json.gz
28,Fowler QFT,0.08936442342992014,ibm_boston,20,20,~/Nextcloud/Projects/IBM/qft_experiments/analysis_boston_linear_fowler_non_synchronized_layouting_dd_10-02-2026.json.gz
30,Fowler QFT,0.07142756804716781,ibm_boston,20,20,~/Nextcloud/Projects/IBM/qft_experiments/analysis_boston_linear_fowler_non_synchronized_layouting_dd_10-02-2026.json.gz
30,Fowler QFT,0.06833464544813421,ibm_boston,20,20,~/Nextcloud/Projects/IBM/qft_experiments/analysis_boston_linear_fowler_non_synchronized_layouting_dd_10-02-2026.json.gz
30,Fowler QFT,0.06739916644698876,ibm_boston,20,20,~/Nextcloud/Projects/IBM/qft_experiments/analysis_boston_linear_fowler_non_synchronized_layouting_dd_10-02-2026.json.gz
30,Fowler QFT,0.06812638627597623,ibm_boston,20,20,~/Nextcloud/Projects/IBM/qft_experiments/analysis_boston_linear_fowler_non_synchronized_layouting_dd_10-02-2026.json.gz
30,Fowler QFT,0.06643099279489426,ibm_boston,20,20,~/Nextcloud/Projects/IBM/qft_experiments/analysis_boston_linear_fowler_non_synchronized_layouting_dd_10-02-2026.json.gz
30,Fowler QFT,0.06994900571246117,ibm_boston,20,20,~/Nextcloud/Projects/IBM/qft_experiments/analysis_boston_linear_fowler_non_synchronized_layouting_dd_10-02-2026.json.gz
30,Fowler QFT,0.06678733581026633,ibm_boston,20,20,~/Nextcloud/Projects/IBM/qft_experiments/analysis_boston_linear_fowler_non_synchronized_layouting_dd_10-02-2026.json.gz
30,Fowler QFT,0.06590768723156652,ibm_boston,20,20,~/Nextcloud/Projects/IBM/qft_experiments/analysis_boston_linear_fowler_non_synchronized_layouting_dd_10-02-2026.json.gz
30,Fowler QFT,0.06947778036586459,ibm_boston,20,20,~/Nextcloud/Projects/IBM/qft_experiments/analysis_boston_linear_fowler_non_synchronized_layouting_dd_10-02-2026.json.gz
30,Fowler QFT,0.07219163255604835,ibm_boston,20,20,~/Nextcloud/Projects/IBM/qft_experiments/analysis_boston_linear_fowler_non_synchronized_layouting_dd_10-02-2026.json.gz
30,Fowler QFT,0.07174372976807825,ibm_boston,20,20,~/Nextcloud/Projects/IBM/qft_experiments/analysis_boston_linear_fowler_non_synchronized_layouting_dd_10-02-2026.json.gz
30,Fowler QFT,0.06759628879051827,ibm_boston,20,20,~/Nextcloud/Projects/IBM/qft_experiments/analysis_boston_linear_fowler_non_synchronized_layouting_dd_10-02-2026.json.gz
30,Fowler QFT,0.07062467520850338,ibm_boston,20,20,~/Nextcloud/Projects/IBM/qft_experiments/analysis_boston_linear_fowler_non_synchronized_layouting_dd_10-02-2026.json.gz
30,Fowler QFT,0.06571840422653978,ibm_boston,20,20,~/Nextcloud/Projects/IBM/qft_experiments/analysis_boston_linear_fowler_non_synchronized_layouting_dd_10-02-2026.json.gz
30,Fowler QFT,0.06661793136408874,ibm_boston,20,20,~/Nextcloud/Projects/IBM/qft_experiments/analysis_boston_linear_fowler_non_synchronized_layouting_dd_10-02-2026.json.gz
30,Fowler QFT,0.06487924580006289,ibm_boston,20,20,~/Nextcloud/Projects/IBM/qft_experiments/analysis_boston_linear_fowler_non_synchronized_layouting_dd_10-02-2026.json.gz
30,Fowler QFT,0.06662725625680781,ibm_boston,20,20,~/Nextcloud/Projects/IBM/qft_experiments/analysis_boston_linear_fowler_non_synchronized_layouting_dd_10-02-2026.json.gz
30,Fowler QFT,0.06788736080108904,ibm_boston,20,20,~/Nextcloud/Projects/IBM/qft_experiments/analysis_boston_linear_fowler_non_synchronized_layouting_dd_10-02-2026.json.gz
30,Fowler QFT,0.07022241547440855,ibm_boston,20,20,~/Nextcloud/Projects/IBM/qft_experiments/analysis_boston_linear_fowler_non_synchronized_layouting_dd_10-02-2026.json.gz
30,Fowler QFT,0.07365190219292458,ibm_boston,20,20,~/Nextcloud/Projects/IBM/qft_experiments/analysis_boston_linear_fowler_non_synchronized_layouting_dd_10-02-2026.json.gz
32,Fowler QFT,0.04429692186922562,ibm_boston,20,20,~/Nextcloud/Projects/IBM/qft_experiments/analysis_boston_linear_fowler_non_synchronized_layouting_dd_10-02-2026.json.gz
32,Fowler QFT,0.04443251057020529,ibm_boston,20,20,~/Nextcloud/Projects/IBM/qft_experiments/analysis_boston_linear_fowler_non_synchronized_layouting_dd_10-02-2026.json.gz
32,Fowler QFT,0.04526530192824801,ibm_boston,20,20,~/Nextcloud/Projects/IBM/qft_experiments/analysis_boston_linear_fowler_non_synchronized_layouting_dd_10-02-2026.json.gz
32,Fowler QFT,0.04505723786735342,ibm_boston,20,20,~/Nextcloud/Projects/IBM/qft_experiments/analysis_boston_linear_fowler_non_synchronized_layouting_dd_10-02-2026.json.gz
32,Fowler QFT,0.04459104004779257,ibm_boston,20,20,~/Nextcloud/Projects/IBM/qft_experiments/analysis_boston_linear_fowler_non_synchronized_layouting_dd_10-02-2026.json.gz
32,Fowler QFT,0.046468202946276974,ibm_boston,20,20,~/Nextcloud/Projects/IBM/qft_experiments/analysis_boston_linear_fowler_non_synchronized_layouting_dd_10-02-2026.json.gz
32,Fowler QFT,0.045746400187385496,ibm_boston,20,20,~/Nextcloud/Projects/IBM/qft_experiments/analysis_boston_linear_fowler_non_synchronized_layouting_dd_10-02-2026.json.gz
32,Fowler QFT,0.04457949337715176,ibm_boston,20,20,~/Nextcloud/Projects/IBM/qft_experiments/analysis_boston_linear_fowler_non_synchronized_layouting_dd_10-02-2026.json.gz
32,Fowler QFT,0.046147540956277266,ibm_boston,20,20,~/Nextcloud/Projects/IBM/qft_experiments/analysis_boston_linear_fowler_non_synchronized_layouting_dd_10-02-2026.json.gz
32,Fowler QFT,0.04499850555759156,ibm_boston,20,20,~/Nextcloud/Projects/IBM/qft_experiments/analysis_boston_linear_fowler_non_synchronized_layouting_dd_10-02-2026.json.gz
32,Fowler QFT,0.04595386389267806,ibm_boston,20,20,~/Nextcloud/Projects/IBM/qft_experiments/analysis_boston_linear_fowler_non_synchronized_layouting_dd_10-02-2026.json.gz
32,Fowler QFT,0.045897041080494506,ibm_boston,20,20,~/Nextcloud/Projects/IBM/qft_experiments/analysis_boston_linear_fowler_non_synchronized_layouting_dd_10-02-2026.json.gz
32,Fowler QFT,0.04612911673819392,ibm_boston,20,20,~/Nextcloud/Projects/IBM/qft_experiments/analysis_boston_linear_fowler_non_synchronized_layouting_dd_10-02-2026.json.gz
32,Fowler QFT,0.04560858629719811,ibm_boston,20,20,~/Nextcloud/Projects/IBM/qft_experiments/analysis_boston_linear_fowler_non_synchronized_layouting_dd_10-02-2026.json.gz
32,Fowler QFT,0.0442035765781542,ibm_boston,20,20,~/Nextcloud/Projects/IBM/qft_experiments/analysis_boston_linear_fowler_non_synchronized_layouting_dd_10-02-2026.json.gz
32,Fowler QFT,0.045913293811660004,ibm_boston,20,20,~/Nextcloud/Projects/IBM/qft_experiments/analysis_boston_linear_fowler_non_synchronized_layouting_dd_10-02-2026.json.gz
32,Fowler QFT,0.045584541696979196,ibm_boston,20,20,~/Nextcloud/Projects/IBM/qft_experiments/analysis_boston_linear_fowler_non_synchronized_layouting_dd_10-02-2026.json.gz
32,Fowler QFT,0.046489121791722356,ibm_boston,20,20,~/Nextcloud/Projects/IBM/qft_experiments/analysis_boston_linear_fowler_non_synchronized_layouting_dd_10-02-2026.json.gz
32,Fowler QFT,0.04553755458065725,ibm_boston,20,20,~/Nextcloud/Projects/IBM/qft_experiments/analysis_boston_linear_fowler_non_synchronized_layouting_dd_10-02-2026.json.gz
32,Fowler QFT,0.043924644609919114,ibm_boston,20,20,~/Nextcloud/Projects/IBM/qft_experiments/analysis_boston_linear_fowler_non_synchronized_layouting_dd_10-02-2026.json.gz
34,Fowler QFT,0.031248363085676013,ibm_boston,20,20,~/Nextcloud/Projects/IBM/qft_experiments/analysis_boston_linear_fowler_non_synchronized_layouting_dd_10-02-2026.json.gz
34,Fowler QFT,0.03151372294168218,ibm_boston,20,20,~/Nextcloud/Projects/IBM/qft_experiments/analysis_boston_linear_fowler_non_synchronized_layouting_dd_10-02-2026.json.gz
34,Fowler QFT,0.033392010904770036,ibm_boston,20,20,~/Nextcloud/Projects/IBM/qft_experiments/analysis_boston_linear_fowler_non_synchronized_layouting_dd_10-02-2026.json.gz
34,Fowler QFT,0.03247314905690715,ibm_boston,20,20,~/Nextcloud/Projects/IBM/qft_experiments/analysis_boston_linear_fowler_non_synchronized_layouting_dd_10-02-2026.json.gz
34,Fowler QFT,0.03163531016675694,ibm_boston,20,20,~/Nextcloud/Projects/IBM/qft_experiments/analysis_boston_linear_fowler_non_synchronized_layouting_dd_10-02-2026.json.gz
34,Fowler QFT,0.030975212651518685,ibm_boston,20,20,~/Nextcloud/Projects/IBM/qft_experiments/analysis_boston_linear_fowler_non_synchronized_layouting_dd_10-02-2026.json.gz
34,Fowler QFT,0.03399885763715536,ibm_boston,20,20,~/Nextcloud/Projects/IBM/qft_experiments/analysis_boston_linear_fowler_non_synchronized_layouting_dd_10-02-2026.json.gz
34,Fowler QFT,0.029074342615105078,ibm_boston,20,20,~/Nextcloud/Projects/IBM/qft_experiments/analysis_boston_linear_fowler_non_synchronized_layouting_dd_10-02-2026.json.gz
34,Fowler QFT,0.03279011420572874,ibm_boston,20,20,~/Nextcloud/Projects/IBM/qft_experiments/analysis_boston_linear_fowler_non_synchronized_layouting_dd_10-02-2026.json.gz
34,Fowler QFT,0.03384638626068568,ibm_boston,20,20,~/Nextcloud/Projects/IBM/qft_experiments/analysis_boston_linear_fowler_non_synchronized_layouting_dd_10-02-2026.json.gz
34,Fowler QFT,0.034352973946762226,ibm_boston,20,20,~/Nextcloud/Projects/IBM/qft_experiments/analysis_boston_linear_fowler_non_synchronized_layouting_dd_10-02-2026.json.gz
34,Fowler QFT,0.03020241126489504,ibm_boston,20,20,~/Nextcloud/Projects/IBM/qft_experiments/analysis_boston_linear_fowler_non_synchronized_layouting_dd_10-02-2026.json.gz
34,Fowler QFT,0.03157877936628927,ibm_boston,20,20,~/Nextcloud/Projects/IBM/qft_experiments/analysis_boston_linear_fowler_non_synchronized_layouting_dd_10-02-2026.json.gz
34,Fowler QFT,0.030820020649900307,ibm_boston,20,20,~/Nextcloud/Projects/IBM/qft_experiments/analysis_boston_linear_fowler_non_synchronized_layouting_dd_10-02-2026.json.gz
34,Fowler QFT,0.028833026810736115,ibm_boston,20,20,~/Nextcloud/Projects/IBM/qft_experiments/analysis_boston_linear_fowler_non_synchronized_layouting_dd_10-02-2026.json.gz
34,Fowler QFT,0.03323159064535797,ibm_boston,20,20,~/Nextcloud/Projects/IBM/qft_experiments/analysis_boston_linear_fowler_non_synchronized_layouting_dd_10-02-2026.json.gz
34,Fowler QFT,0.02898741893528792,ibm_boston,20,20,~/Nextcloud/Projects/IBM/qft_experiments/analysis_boston_linear_fowler_non_synchronized_layouting_dd_10-02-2026.json.gz
34,Fowler QFT,0.03285215850279382,ibm_boston,20,20,~/Nextcloud/Projects/IBM/qft_experiments/analysis_boston_linear_fowler_non_synchronized_layouting_dd_10-02-2026.json.gz
34,Fowler QFT,0.03192752671997622,ibm_boston,20,20,~/Nextcloud/Projects/IBM/qft_experiments/analysis_boston_linear_fowler_non_synchronized_layouting_dd_10-02-2026.json.gz
34,Fowler QFT,0.03319813171531739,ibm_boston,20,20,~/Nextcloud/Projects/IBM/qft_experiments/analysis_boston_linear_fowler_non_synchronized_layouting_dd_10-02-2026.json.gz
36,Fowler QFT,0.01979127284569195,ibm_boston,20,20,~/Nextcloud/Projects/IBM/qft_experiments/analysis_boston_linear_fowler_non_synchronized_layouting_dd_10-02-2026.json.gz
36,Fowler QFT,0.018868469761225266,ibm_boston,20,20,~/Nextcloud/Projects/IBM/qft_experiments/analysis_boston_linear_fowler_non_synchronized_layouting_dd_10-02-2026.json.gz
36,Fowler QFT,0.018108315989640123,ibm_boston,20,20,~/Nextcloud/Projects/IBM/qft_experiments/analysis_boston_linear_fowler_non_synchronized_layouting_dd_10-02-2026.json.gz
36,Fowler QFT,0.018185880424439308,ibm_boston,20,20,~/Nextcloud/Projects/IBM/qft_experiments/analysis_boston_linear_fowler_non_synchronized_layouting_dd_10-02-2026.json.gz
36,Fowler QFT,0.019710162819717946,ibm_boston,20,20,~/Nextcloud/Projects/IBM/qft_experiments/analysis_boston_linear_fowler_non_synchronized_layouting_dd_10-02-2026.json.gz
36,Fowler QFT,0.018942226894190162,ibm_boston,20,20,~/Nextcloud/Projects/IBM/qft_experiments/analysis_boston_linear_fowler_non_synchronized_layouting_dd_10-02-2026.json.gz
36,Fowler QFT,0.019237223226682747,ibm_boston,20,20,~/Nextcloud/Projects/IBM/qft_experiments/analysis_boston_linear_fowler_non_synchronized_layouting_dd_10-02-2026.json.gz
36,Fowler QFT,0.01946388052521706,ibm_boston,20,20,~/Nextcloud/Projects/IBM/qft_experiments/analysis_boston_linear_fowler_non_synchronized_layouting_dd_10-02-2026.json.gz
36,Fowler QFT,0.019335837808002253,ibm_boston,20,20,~/Nextcloud/Projects/IBM/qft_experiments/analysis_boston_linear_fowler_non_synchronized_layouting_dd_10-02-2026.json.gz
36,Fowler QFT,0.018972072262077404,ibm_boston,20,20,~/Nextcloud/Projects/IBM/qft_experiments/analysis_boston_linear_fowler_non_synchronized_layouting_dd_10-02-2026.json.gz
36,Fowler QFT,0.017906367383283394,ibm_boston,20,20,~/Nextcloud/Projects/IBM/qft_experiments/analysis_boston_linear_fowler_non_synchronized_layouting_dd_10-02-2026.json.gz
36,Fowler QFT,0.019679415185795846,ibm_boston,20,20,~/Nextcloud/Projects/IBM/qft_experiments/analysis_boston_linear_fowler_non_synchronized_layouting_dd_10-02-2026.json.gz
36,Fowler QFT,0.020726412094744424,ibm_boston,20,20,~/Nextcloud/Projects/IBM/qft_experiments/analysis_boston_linear_fowler_non_synchronized_layouting_dd_10-02-2026.json.gz
36,Fowler QFT,0.020237444253491627,ibm_boston,20,20,~/Nextcloud/Projects/IBM/qft_experiments/analysis_boston_linear_fowler_non_synchronized_layouting_dd_10-02-2026.json.gz
36,Fowler QFT,0.02020468744344258,ibm_boston,20,20,~/Nextcloud/Projects/IBM/qft_experiments/analysis_boston_linear_fowler_non_synchronized_layouting_dd_10-02-2026.json.gz
36,Fowler QFT,0.02003365639195946,ibm_boston,20,20,~/Nextcloud/Projects/IBM/qft_experiments/analysis_boston_linear_fowler_non_synchronized_layouting_dd_10-02-2026.json.gz
36,Fowler QFT,0.020061748837424308,ibm_boston,20,20,~/Nextcloud/Projects/IBM/qft_experiments/analysis_boston_linear_fowler_non_synchronized_layouting_dd_10-02-2026.json.gz
36,Fowler QFT,0.019975352908783762,ibm_boston,20,20,~/Nextcloud/Projects/IBM/qft_experiments/analysis_boston_linear_fowler_non_synchronized_layouting_dd_10-02-2026.json.gz
36,Fowler QFT,0.019253979511061104,ibm_boston,20,20,~/Nextcloud/Projects/IBM/qft_experiments/analysis_boston_linear_fowler_non_synchronized_layouting_dd_10-02-2026.json.gz
36,Fowler QFT,0.01751147868707896,ibm_boston,20,20,~/Nextcloud/Projects/IBM/qft_experiments/analysis_boston_linear_fowler_non_synchronized_layouting_dd_10-02-2026.json.gz
38,Fowler QFT,0.006749053535571689,ibm_boston,20,20,~/Nextcloud/Projects/IBM/qft_experiments/analysis_boston_linear_fowler_non_synchronized_layouting_dd_10-02-2026.json.gz
38,Fowler QFT,0.007680917206278245,ibm_boston,20,20,~/Nextcloud/Projects/IBM/qft_experiments/analysis_boston_linear_fowler_non_synchronized_layouting_dd_10-02-2026.json.gz
38,Fowler QFT,0.007142092539142799,ibm_boston,20,20,~/Nextcloud/Projects/IBM/qft_experiments/analysis_boston_linear_fowler_non_synchronized_layouting_dd_10-02-2026.json.gz
38,Fowler QFT,0.0063760276239603186,ibm_boston,20,20,~/Nextcloud/Projects/IBM/qft_experiments/analysis_boston_linear_fowler_non_synchronized_layouting_dd_10-02-2026.json.gz
38,Fowler QFT,0.006229830784247917,ibm_boston,20,20,~/Nextcloud/Projects/IBM/qft_experiments/analysis_boston_linear_fowler_non_synchronized_layouting_dd_10-02-2026.json.gz
38,Fowler QFT,0.006283609208989957,ibm_boston,20,20,~/Nextcloud/Projects/IBM/qft_experiments/analysis_boston_linear_fowler_non_synchronized_layouting_dd_10-02-2026.json.gz
38,Fowler QFT,0.007934305622238645,ibm_boston,20,20,~/Nextcloud/Projects/IBM/qft_experiments/analysis_boston_linear_fowler_non_synchronized_layouting_dd_10-02-2026.json.gz
38,Fowler QFT,0.007612244951106005,ibm_boston,20,20,~/Nextcloud/Projects/IBM/qft_experiments/analysis_boston_linear_fowler_non_synchronized_layouting_dd_10-02-2026.json.gz
38,Fowler QFT,0.005950834424499016,ibm_boston,20,20,~/Nextcloud/Projects/IBM/qft_experiments/analysis_boston_linear_fowler_non_synchronized_layouting_dd_10-02-2026.json.gz
38,Fowler QFT,0.006282041932377725,ibm_boston,20,20,~/Nextcloud/Projects/IBM/qft_experiments/analysis_boston_linear_fowler_non_synchronized_layouting_dd_10-02-2026.json.gz
38,Fowler QFT,0.006534865793565902,ibm_boston,20,20,~/Nextcloud/Projects/IBM/qft_experiments/analysis_boston_linear_fowler_non_synchronized_layouting_dd_10-02-2026.json.gz
38,Fowler QFT,0.006693731014960517,ibm_boston,20,20,~/Nextcloud/Projects/IBM/qft_experiments/analysis_boston_linear_fowler_non_synchronized_layouting_dd_10-02-2026.json.gz
38,Fowler QFT,0.0061448299288555455,ibm_boston,20,20,~/Nextcloud/Projects/IBM/qft_experiments/analysis_boston_linear_fowler_non_synchronized_layouting_dd_10-02-2026.json.gz
38,Fowler QFT,0.006686374534046628,ibm_boston,20,20,~/Nextcloud/Projects/IBM/qft_experiments/analysis_boston_linear_fowler_non_synchronized_layouting_dd_10-02-2026.json.gz
38,Fowler QFT,0.00755548079927343,ibm_boston,20,20,~/Nextcloud/Projects/IBM/qft_experiments/analysis_boston_linear_fowler_non_synchronized_layouting_dd_10-02-2026.json.gz
38,Fowler QFT,0.006602202648960385,ibm_boston,20,20,~/Nextcloud/Projects/IBM/qft_experiments/analysis_boston_linear_fowler_non_synchronized_layouting_dd_10-02-2026.json.gz
38,Fowler QFT,0.006637066309925075,ibm_boston,20,20,~/Nextcloud/Projects/IBM/qft_experiments/analysis_boston_linear_fowler_non_synchronized_layouting_dd_10-02-2026.json.gz
38,Fowler QFT,0.005947915490978867,ibm_boston,20,20,~/Nextcloud/Projects/IBM/qft_experiments/analysis_boston_linear_fowler_non_synchronized_layouting_dd_10-02-2026.json.gz
38,Fowler QFT,0.007423154695381717,ibm_boston,20,20,~/Nextcloud/Projects/IBM/qft_experiments/analysis_boston_linear_fowler_non_synchronized_layouting_dd_10-02-2026.json.gz
38,Fowler QFT,0.006228425896610917,ibm_boston,20,20,~/Nextcloud/Projects/IBM/qft_experiments/analysis_boston_linear_fowler_non_synchronized_layouting_dd_10-02-2026.json.gz
40,Fowler QFT,0.005742103656703879,ibm_boston,20,20,~/Nextcloud/Projects/IBM/qft_experiments/analysis_boston_linear_fowler_non_synchronized_layouting_dd_10-02-2026.json.gz
40,Fowler QFT,0.006139999108039949,ibm_boston,20,20,~/Nextcloud/Projects/IBM/qft_experiments/analysis_boston_linear_fowler_non_synchronized_layouting_dd_10-02-2026.json.gz
40,Fowler QFT,0.005293672757369751,ibm_boston,20,20,~/Nextcloud/Projects/IBM/qft_experiments/analysis_boston_linear_fowler_non_synchronized_layouting_dd_10-02-2026.json.gz
40,Fowler QFT,0.005261650745997869,ibm_boston,20,20,~/Nextcloud/Projects/IBM/qft_experiments/analysis_boston_linear_fowler_non_synchronized_layouting_dd_10-02-2026.json.gz
40,Fowler QFT,0.006433186344414974,ibm_boston,20,20,~/Nextcloud/Projects/IBM/qft_experiments/analysis_boston_linear_fowler_non_synchronized_layouting_dd_10-02-2026.json.gz
40,Fowler QFT,0.004945239450667721,ibm_boston,20,20,~/Nextcloud/Projects/IBM/qft_experiments/analysis_boston_linear_fowler_non_synchronized_layouting_dd_10-02-2026.json.gz
40,Fowler QFT,0.005523739182350937,ibm_boston,20,20,~/Nextcloud/Projects/IBM/qft_experiments/analysis_boston_linear_fowler_non_synchronized_layouting_dd_10-02-2026.json.gz
40,Fowler QFT,0.005532001660067603,ibm_boston,20,20,~/Nextcloud/Projects/IBM/qft_experiments/analysis_boston_linear_fowler_non_synchronized_layouting_dd_10-02-2026.json.gz
40,Fowler QFT,0.00546633750023673,ibm_boston,20,20,~/Nextcloud/Projects/IBM/qft_experiments/analysis_boston_linear_fowler_non_synchronized_layouting_dd_10-02-2026.json.gz
40,Fowler QFT,0.005335825737567769,ibm_boston,20,20,~/Nextcloud/Projects/IBM/qft_experiments/analysis_boston_linear_fowler_non_synchronized_layouting_dd_10-02-2026.json.gz
40,Fowler QFT,0.00543001686083643,ibm_boston,20,20,~/Nextcloud/Projects/IBM/qft_experiments/analysis_boston_linear_fowler_non_synchronized_layouting_dd_10-02-2026.json.gz
40,Fowler QFT,0.0050691764653314954,ibm_boston,20,20,~/Nextcloud/Projects/IBM/qft_experiments/analysis_boston_linear_fowler_non_synchronized_layouting_dd_10-02-2026.json.gz
40,Fowler QFT,0.005420770974600347,ibm_boston,20,20,~/Nextcloud/Projects/IBM/qft_experiments/analysis_boston_linear_fowler_non_synchronized_layouting_dd_10-02-2026.json.gz
40,Fowler QFT,0.005253935280870349,ibm_boston,20,20,~/Nextcloud/Projects/IBM/qft_experiments/analysis_boston_linear_fowler_non_synchronized_layouting_dd_10-02-2026.json.gz
40,Fowler QFT,0.00555119053716479,ibm_boston,20,20,~/Nextcloud/Projects/IBM/qft_experiments/analysis_boston_linear_fowler_non_synchronized_layouting_dd_10-02-2026.json.gz
40,Fowler QFT,0.005982571714833161,ibm_boston,20,20,~/Nextcloud/Projects/IBM/qft_experiments/analysis_boston_linear_fowler_non_synchronized_layouting_dd_10-02-2026.json.gz
40,Fowler QFT,0.005674154955445741,ibm_boston,20,20,~/Nextcloud/Projects/IBM/qft_experiments/analysis_boston_linear_fowler_non_synchronized_layouting_dd_10-02-2026.json.gz
40,Fowler QFT,0.004985534743043967,ibm_boston,20,20,~/Nextcloud/Projects/IBM/qft_experiments/analysis_boston_linear_fowler_non_synchronized_layouting_dd_10-02-2026.json.gz
40,Fowler QFT,0.0055763369320679865,ibm_boston,20,20,~/Nextcloud/Projects/IBM/qft_experiments/analysis_boston_linear_fowler_non_synchronized_layouting_dd_10-02-2026.json.gz
40,Fowler QFT,0.004746559574849935,ibm_boston,20,20,~/Nextcloud/Projects/IBM/qft_experiments/analysis_boston_linear_fowler_non_synchronized_layouting_dd_10-02-2026.json.gz
42,Fowler QFT,0.0033667968923139424,ibm_boston,20,20,~/Nextcloud/Projects/IBM/qft_experiments/analysis_boston_linear_fowler_non_synchronized_layouting_dd_10-02-2026.json.gz
42,Fowler QFT,0.0034704601111414392,ibm_boston,20,20,~/Nextcloud/Projects/IBM/qft_experiments/analysis_boston_linear_fowler_non_synchronized_layouting_dd_10-02-2026.json.gz
42,Fowler QFT,0.003979609350521393,ibm_boston,20,20,~/Nextcloud/Projects/IBM/qft_experiments/analysis_boston_linear_fowler_non_synchronized_layouting_dd_10-02-2026.json.gz
42,Fowler QFT,0.0043505596789190784,ibm_boston,20,20,~/Nextcloud/Projects/IBM/qft_experiments/analysis_boston_linear_fowler_non_synchronized_layouting_dd_10-02-2026.json.gz
42,Fowler QFT,0.0038954030587227285,ibm_boston,20,20,~/Nextcloud/Projects/IBM/qft_experiments/analysis_boston_linear_fowler_non_synchronized_layouting_dd_10-02-2026.json.gz
42,Fowler QFT,0.0037522072649120337,ibm_boston,20,20,~/Nextcloud/Projects/IBM/qft_experiments/analysis_boston_linear_fowler_non_synchronized_layouting_dd_10-02-2026.json.gz
42,Fowler QFT,0.00348530683411725,ibm_boston,20,20,~/Nextcloud/Projects/IBM/qft_experiments/analysis_boston_linear_fowler_non_synchronized_layouting_dd_10-02-2026.json.gz
42,Fowler QFT,0.004020823790865021,ibm_boston,20,20,~/Nextcloud/Projects/IBM/qft_experiments/analysis_boston_linear_fowler_non_synchronized_layouting_dd_10-02-2026.json.gz
42,Fowler QFT,0.003702165890061915,ibm_boston,20,20,~/Nextcloud/Projects/IBM/qft_experiments/analysis_boston_linear_fowler_non_synchronized_layouting_dd_10-02-2026.json.gz
42,Fowler QFT,0.004232795963710733,ibm_boston,20,20,~/Nextcloud/Projects/IBM/qft_experiments/analysis_boston_linear_fowler_non_synchronized_layouting_dd_10-02-2026.json.gz
42,Fowler QFT,0.004042242497571106,ibm_boston,20,20,~/Nextcloud/Projects/IBM/qft_experiments/analysis_boston_linear_fowler_non_synchronized_layouting_dd_10-02-2026.json.gz
42,Fowler QFT,0.0035105121902269617,ibm_boston,20,20,~/Nextcloud/Projects/IBM/qft_experiments/analysis_boston_linear_fowler_non_synchronized_layouting_dd_10-02-2026.json.gz
42,Fowler QFT,0.003277371357629311,ibm_boston,20,20,~/Nextcloud/Projects/IBM/qft_experiments/analysis_boston_linear_fowler_non_synchronized_layouting_dd_10-02-2026.json.gz
42,Fowler QFT,0.004180607339408783,ibm_boston,20,20,~/Nextcloud/Projects/IBM/qft_experiments/analysis_boston_linear_fowler_non_synchronized_layouting_dd_10-02-2026.json.gz
42,Fowler QFT,0.003946269998349336,ibm_boston,20,20,~/Nextcloud/Projects/IBM/qft_experiments/analysis_boston_linear_fowler_non_synchronized_layouting_dd_10-02-2026.json.gz
42,Fowler QFT,0.003964164203002584,ibm_boston,20,20,~/Nextcloud/Projects/IBM/qft_experiments/analysis_boston_linear_fowler_non_synchronized_layouting_dd_10-02-2026.json.gz
42,Fowler QFT,0.00308587262499846,ibm_boston,20,20,~/Nextcloud/Projects/IBM/qft_experiments/analysis_boston_linear_fowler_non_synchronized_layouting_dd_10-02-2026.json.gz
42,Fowler QFT,0.003143611615999463,ibm_boston,20,20,~/Nextcloud/Projects/IBM/qft_experiments/analysis_boston_linear_fowler_non_synchronized_layouting_dd_10-02-2026.json.gz
42,Fowler QFT,0.00349607364046075,ibm_boston,20,20,~/Nextcloud/Projects/IBM/qft_experiments/analysis_boston_linear_fowler_non_synchronized_layouting_dd_10-02-2026.json.gz
42,Fowler QFT,0.0038741950510793495,ibm_boston,20,20,~/Nextcloud/Projects/IBM/qft_experiments/analysis_boston_linear_fowler_non_synchronized_layouting_dd_10-02-2026.json.gz
44,Fowler QFT,0.0023888791193494544,ibm_boston,20,20,~/Nextcloud/Projects/IBM/qft_experiments/analysis_boston_linear_fowler_non_synchronized_layouting_dd_10-02-2026.json.gz
44,Fowler QFT,0.0025530108148505573,ibm_boston,20,20,~/Nextcloud/Projects/IBM/qft_experiments/analysis_boston_linear_fowler_non_synchronized_layouting_dd_10-02-2026.json.gz
44,Fowler QFT,0.0028492812139104752,ibm_boston,20,20,~/Nextcloud/Projects/IBM/qft_experiments/analysis_boston_linear_fowler_non_synchronized_layouting_dd_10-02-2026.json.gz
44,Fowler QFT,0.002770804403543622,ibm_boston,20,20,~/Nextcloud/Projects/IBM/qft_experiments/analysis_boston_linear_fowler_non_synchronized_layouting_dd_10-02-2026.json.gz
44,Fowler QFT,0.002600069298523178,ibm_boston,20,20,~/Nextcloud/Projects/IBM/qft_experiments/analysis_boston_linear_fowler_non_synchronized_layouting_dd_10-02-2026.json.gz
44,Fowler QFT,0.002783527698068824,ibm_boston,20,20,~/Nextcloud/Projects/IBM/qft_experiments/analysis_boston_linear_fowler_non_synchronized_layouting_dd_10-02-2026.json.gz
44,Fowler QFT,0.0023549111558379457,ibm_boston,20,20,~/Nextcloud/Projects/IBM/qft_experiments/analysis_boston_linear_fowler_non_synchronized_layouting_dd_10-02-2026.json.gz
44,Fowler QFT,0.0026604823049283226,ibm_boston,20,20,~/Nextcloud/Projects/IBM/qft_experiments/analysis_boston_linear_fowler_non_synchronized_layouting_dd_10-02-2026.json.gz
44,Fowler QFT,0.0024497596079266384,ibm_boston,20,20,~/Nextcloud/Projects/IBM/qft_experiments/analysis_boston_linear_fowler_non_synchronized_layouting_dd_10-02-2026.json.gz
44,Fowler QFT,0.002494898125001856,ibm_boston,20,20,~/Nextcloud/Projects/IBM/qft_experiments/analysis_boston_linear_fowler_non_synchronized_layouting_dd_10-02-2026.json.gz
44,Fowler QFT,0.0023798153621392743,ibm_boston,20,20,~/Nextcloud/Projects/IBM/qft_experiments/analysis_boston_linear_fowler_non_synchronized_layouting_dd_10-02-2026.json.gz
44,Fowler QFT,0.0025841075681785016,ibm_boston,20,20,~/Nextcloud/Projects/IBM/qft_experiments/analysis_boston_linear_fowler_non_synchronized_layouting_dd_10-02-2026.json.gz
44,Fowler QFT,0.00256534595861192,ibm_boston,20,20,~/Nextcloud/Projects/IBM/qft_experiments/analysis_boston_linear_fowler_non_synchronized_layouting_dd_10-02-2026.json.gz
44,Fowler QFT,0.0029220517824810424,ibm_boston,20,20,~/Nextcloud/Projects/IBM/qft_experiments/analysis_boston_linear_fowler_non_synchronized_layouting_dd_10-02-2026.json.gz
44,Fowler QFT,0.002364955376959054,ibm_boston,20,20,~/Nextcloud/Projects/IBM/qft_experiments/analysis_boston_linear_fowler_non_synchronized_layouting_dd_10-02-2026.json.gz
44,Fowler QFT,0.002990072423789651,ibm_boston,20,20,~/Nextcloud/Projects/IBM/qft_experiments/analysis_boston_linear_fowler_non_synchronized_layouting_dd_10-02-2026.json.gz
44,Fowler QFT,0.002647302582211548,ibm_boston,20,20,~/Nextcloud/Projects/IBM/qft_experiments/analysis_boston_linear_fowler_non_synchronized_layouting_dd_10-02-2026.json.gz
44,Fowler QFT,0.0032401546895294234,ibm_boston,20,20,~/Nextcloud/Projects/IBM/qft_experiments/analysis_boston_linear_fowler_non_synchronized_layouting_dd_10-02-2026.json.gz
44,Fowler QFT,0.002823286664313388,ibm_boston,20,20,~/Nextcloud/Projects/IBM/qft_experiments/analysis_boston_linear_fowler_non_synchronized_layouting_dd_10-02-2026.json.gz
44,Fowler QFT,0.002441910537648749,ibm_boston,20,20,~/Nextcloud/Projects/IBM/qft_experiments/analysis_boston_linear_fowler_non_synchronized_layouting_dd_10-02-2026.json.gz
46,Fowler QFT,4.0750740458522555e-05,ibm_boston,20,20,~/Nextcloud/Projects/IBM/qft_experiments/analysis_boston_linear_fowler_non_synchronized_layouting_dd_10-02-2026.json.gz
46,Fowler QFT,-5.706327223607918e-22,ibm_boston,20,20,~/Nextcloud/Projects/IBM/qft_experiments/analysis_boston_linear_fowler_non_synchronized_layouting_dd_10-02-2026.json.gz
46,Fowler QFT,1.2706387170384708e-05,ibm_boston,20,20,~/Nextcloud/Projects/IBM/qft_experiments/analysis_boston_linear_fowler_non_synchronized_layouting_dd_10-02-2026.json.gz
46,Fowler QFT,3.7216146378239324e-06,ibm_boston,20,20,~/Nextcloud/Projects/IBM/qft_experiments/analysis_boston_linear_fowler_non_synchronized_layouting_dd_10-02-2026.json.gz
46,Fowler QFT,-5.706327223607918e-22,ibm_boston,20,20,~/Nextcloud/Projects/IBM/qft_experiments/analysis_boston_linear_fowler_non_synchronized_layouting_dd_10-02-2026.json.gz
46,Fowler QFT,3.7216146378239324e-06,ibm_boston,20,20,~/Nextcloud/Projects/IBM/qft_experiments/analysis_boston_linear_fowler_non_synchronized_layouting_dd_10-02-2026.json.gz
46,Fowler QFT,3.1578947368421045e-05,ibm_boston,20,20,~/Nextcloud/Projects/IBM/qft_experiments/analysis_boston_linear_fowler_non_synchronized_layouting_dd_10-02-2026.json.gz
46,Fowler QFT,2.6954317597682325e-05,ibm_boston,20,20,~/Nextcloud/Projects/IBM/qft_experiments/analysis_boston_linear_fowler_non_synchronized_layouting_dd_10-02-2026.json.gz
46,Fowler QFT,-5.706327223607918e-22,ibm_boston,20,20,~/Nextcloud/Projects/IBM/qft_experiments/analysis_boston_linear_fowler_non_synchronized_layouting_dd_10-02-2026.json.gz
46,Fowler QFT,3.7216146378239324e-06,ibm_boston,20,20,~/Nextcloud/Projects/IBM/qft_experiments/analysis_boston_linear_fowler_non_synchronized_layouting_dd_10-02-2026.json.gz
46,Fowler QFT,2.6954317597682325e-05,ibm_boston,20,20,~/Nextcloud/Projects/IBM/qft_experiments/analysis_boston_linear_fowler_non_synchronized_layouting_dd_10-02-2026.json.gz
46,Fowler QFT,4.646540591971678e-05,ibm_boston,20,20,~/Nextcloud/Projects/IBM/qft_experiments/analysis_boston_linear_fowler_non_synchronized_layouting_dd_10-02-2026.json.gz
46,Fowler QFT,3.7216146378239324e-06,ibm_boston,20,20,~/Nextcloud/Projects/IBM/qft_experiments/analysis_boston_linear_fowler_non_synchronized_layouting_dd_10-02-2026.json.gz
46,Fowler QFT,3.7216146378239324e-06,ibm_boston,20,20,~/Nextcloud/Projects/IBM/qft_experiments/analysis_boston_linear_fowler_non_synchronized_layouting_dd_10-02-2026.json.gz
46,Fowler QFT,7.894736842105265e-06,ibm_boston,20,20,~/Nextcloud/Projects/IBM/qft_experiments/analysis_boston_linear_fowler_non_synchronized_layouting_dd_10-02-2026.json.gz
46,Fowler QFT,0.0,ibm_boston,20,20,~/Nextcloud/Projects/IBM/qft_experiments/analysis_boston_linear_fowler_non_synchronized_layouting_dd_10-02-2026.json.gz
46,Fowler QFT,-5.706327223607918e-22,ibm_boston,20,20,~/Nextcloud/Projects/IBM/qft_experiments/analysis_boston_linear_fowler_non_synchronized_layouting_dd_10-02-2026.json.gz
46,Fowler QFT,1.0074808223016286e-05,ibm_boston,20,20,~/Nextcloud/Projects/IBM/qft_experiments/analysis_boston_linear_fowler_non_synchronized_layouting_dd_10-02-2026.json.gz
46,Fowler QFT,3.7216146378239324e-06,ibm_boston,20,20,~/Nextcloud/Projects/IBM/qft_experiments/analysis_boston_linear_fowler_non_synchronized_layouting_dd_10-02-2026.json.gz
46,Fowler QFT,5.7178742266731194e-05,ibm_boston,20,20,~/Nextcloud/Projects/IBM/qft_experiments/analysis_boston_linear_fowler_non_synchronized_layouting_dd_10-02-2026.json.gz
48,Fowler QFT,0.0002569582488749956,ibm_boston,20,20,~/Nextcloud/Projects/IBM/qft_experiments/analysis_boston_linear_fowler_non_synchronized_layouting_dd_10-02-2026.json.gz
48,Fowler QFT,0.0003672519804306734,ibm_boston,20,20,~/Nextcloud/Projects/IBM/qft_experiments/analysis_boston_linear_fowler_non_synchronized_layouting_dd_10-02-2026.json.gz
48,Fowler QFT,0.00014657496002588155,ibm_boston,20,20,~/Nextcloud/Projects/IBM/qft_experiments/analysis_boston_linear_fowler_non_synchronized_layouting_dd_10-02-2026.json.gz
48,Fowler QFT,0.00044673849540146434,ibm_boston,20,20,~/Nextcloud/Projects/IBM/qft_experiments/analysis_boston_linear_fowler_non_synchronized_layouting_dd_10-02-2026.json.gz
48,Fowler QFT,0.000698355682500356,ibm_boston,20,20,~/Nextcloud/Projects/IBM/qft_experiments/analysis_boston_linear_fowler_non_synchronized_layouting_dd_10-02-2026.json.gz
48,Fowler QFT,0.00016788225433292202,ibm_boston,20,20,~/Nextcloud/Projects/IBM/qft_experiments/analysis_boston_linear_fowler_non_synchronized_layouting_dd_10-02-2026.json.gz
48,Fowler QFT,0.00042738313457226494,ibm_boston,20,20,~/Nextcloud/Projects/IBM/qft_experiments/analysis_boston_linear_fowler_non_synchronized_layouting_dd_10-02-2026.json.gz
48,Fowler QFT,0.0003806551599537867,ibm_boston,20,20,~/Nextcloud/Projects/IBM/qft_experiments/analysis_boston_linear_fowler_non_synchronized_layouting_dd_10-02-2026.json.gz
48,Fowler QFT,0.00027807644094292663,ibm_boston,20,20,~/Nextcloud/Projects/IBM/qft_experiments/analysis_boston_linear_fowler_non_synchronized_layouting_dd_10-02-2026.json.gz
48,Fowler QFT,0.00043001471351963324,ibm_boston,20,20,~/Nextcloud/Projects/IBM/qft_experiments/analysis_boston_linear_fowler_non_synchronized_layouting_dd_10-02-2026.json.gz
48,Fowler QFT,0.000301474859047857,ibm_boston,20,20,~/Nextcloud/Projects/IBM/qft_experiments/analysis_boston_linear_fowler_non_synchronized_layouting_dd_10-02-2026.json.gz
48,Fowler QFT,0.0004767426881381113,ibm_boston,20,20,~/Nextcloud/Projects/IBM/qft_experiments/analysis_boston_linear_fowler_non_synchronized_layouting_dd_10-02-2026.json.gz
48,Fowler QFT,0.0002558720976552299,ibm_boston,20,20,~/Nextcloud/Projects/IBM/qft_experiments/analysis_boston_linear_fowler_non_synchronized_layouting_dd_10-02-2026.json.gz
48,Fowler QFT,0.000720039073261922,ibm_boston,20,20,~/Nextcloud/Projects/IBM/qft_experiments/analysis_boston_linear_fowler_non_synchronized_layouting_dd_10-02-2026.json.gz
48,Fowler QFT,0.00025324051870786145,ibm_boston,20,20,~/Nextcloud/Projects/IBM/qft_experiments/analysis_boston_linear_fowler_non_synchronized_layouting_dd_10-02-2026.json.gz
48,Fowler QFT,0.0004222923783724381,ibm_boston,20,20,~/Nextcloud/Projects/IBM/qft_experiments/analysis_boston_linear_fowler_non_synchronized_layouting_dd_10-02-2026.json.gz
48,Fowler QFT,0.00011117693475553202,ibm_boston,20,20,~/Nextcloud/Projects/IBM/qft_experiments/analysis_boston_linear_fowler_non_synchronized_layouting_dd_10-02-2026.json.gz
48,Fowler QFT,0.00036954469579835575,ibm_boston,20,20,~/Nextcloud/Projects/IBM/qft_experiments/analysis_boston_linear_fowler_non_synchronized_layouting_dd_10-02-2026.json.gz
48,Fowler QFT,0.0006820750295331878,ibm_boston,20,20,~/Nextcloud/Projects/IBM/qft_experiments/analysis_boston_linear_fowler_non_synchronized_layouting_dd_10-02-2026.json.gz
48,Fowler QFT,0.0003239919985627104,ibm_boston,20,20,~/Nextcloud/Projects/IBM/qft_experiments/analysis_boston_linear_fowler_non_synchronized_layouting_dd_10-02-2026.json.gz
50,Fowler QFT,9.97972604588483e-05,ibm_boston,20,20,~/Nextcloud/Projects/IBM/qft_experiments/analysis_boston_linear_fowler_non_synchronized_layouting_dd_10-02-2026.json.gz
50,Fowler QFT,7.623832302230825e-05,ibm_boston,20,20,~/Nextcloud/Projects/IBM/qft_experiments/analysis_boston_linear_fowler_non_synchronized_layouting_dd_10-02-2026.json.gz
50,Fowler QFT,0.00011262892071900876,ibm_boston,20,20,~/Nextcloud/Projects/IBM/qft_experiments/analysis_boston_linear_fowler_non_synchronized_layouting_dd_10-02-2026.json.gz
50,Fowler QFT,8.416737861172313e-05,ibm_boston,20,20,~/Nextcloud/Projects/IBM/qft_experiments/analysis_boston_linear_fowler_non_synchronized_layouting_dd_10-02-2026.json.gz
50,Fowler QFT,0.00012823137384567853,ibm_boston,20,20,~/Nextcloud/Projects/IBM/qft_experiments/analysis_boston_linear_fowler_non_synchronized_layouting_dd_10-02-2026.json.gz
50,Fowler QFT,0.00013356921817684245,ibm_boston,20,20,~/Nextcloud/Projects/IBM/qft_experiments/analysis_boston_linear_fowler_non_synchronized_layouting_dd_10-02-2026.json.gz
50,Fowler QFT,9.792948272525375e-05,ibm_boston,20,20,~/Nextcloud/Projects/IBM/qft_experiments/analysis_boston_linear_fowler_non_synchronized_layouting_dd_10-02-2026.json.gz
50,Fowler QFT,0.00013082696957704887,ibm_boston,20,20,~/Nextcloud/Projects/IBM/qft_experiments/analysis_boston_linear_fowler_non_synchronized_layouting_dd_10-02-2026.json.gz
50,Fowler QFT,2.5547905085524656e-05,ibm_boston,20,20,~/Nextcloud/Projects/IBM/qft_experiments/analysis_boston_linear_fowler_non_synchronized_layouting_dd_10-02-2026.json.gz
50,Fowler QFT,3.067593223550626e-05,ibm_boston,20,20,~/Nextcloud/Projects/IBM/qft_experiments/analysis_boston_linear_fowler_non_synchronized_layouting_dd_10-02-2026.json.gz
50,Fowler QFT,0.00014434569199909628,ibm_boston,20,20,~/Nextcloud/Projects/IBM/qft_experiments/analysis_boston_linear_fowler_non_synchronized_layouting_dd_10-02-2026.json.gz
50,Fowler QFT,0.00013232702959858393,ibm_boston,20,20,~/Nextcloud/Projects/IBM/qft_experiments/analysis_boston_linear_fowler_non_synchronized_layouting_dd_10-02-2026.json.gz
50,Fowler QFT,6.398344341838094e-05,ibm_boston,20,20,~/Nextcloud/Projects/IBM/qft_experiments/analysis_boston_linear_fowler_non_synchronized_layouting_dd_10-02-2026.json.gz
50,Fowler QFT,0.00016221750638045475,ibm_boston,20,20,~/Nextcloud/Projects/IBM/qft_experiments/analysis_boston_linear_fowler_non_synchronized_layouting_dd_10-02-2026.json.gz
50,Fowler QFT,0.00010755250892059856,ibm_boston,20,20,~/Nextcloud/Projects/IBM/qft_experiments/analysis_boston_linear_fowler_non_synchronized_layouting_dd_10-02-2026.json.gz
50,Fowler QFT,0.00015405531490130748,ibm_boston,20,20,~/Nextcloud/Projects/IBM/qft_experiments/analysis_boston_linear_fowler_non_synchronized_layouting_dd_10-02-2026.json.gz
50,Fowler QFT,8.413305986441352e-05,ibm_boston,20,20,~/Nextcloud/Projects/IBM/qft_experiments/analysis_boston_linear_fowler_non_synchronized_layouting_dd_10-02-2026.json.gz
50,Fowler QFT,6.253527320963135e-05,ibm_boston,20,20,~/Nextcloud/Projects/IBM/qft_experiments/analysis_boston_linear_fowler_non_synchronized_layouting_dd_10-02-2026.json.gz
50,Fowler QFT,0.0001384932026262356,ibm_boston,20,20,~/Nextcloud/Projects/IBM/qft_experiments/analysis_boston_linear_fowler_non_synchronized_layouting_dd_10-02-2026.json.gz
50,Fowler QFT,0.0001247412306288985,ibm_boston,20,20,~/Nextcloud/Projects/IBM/qft_experiments/analysis_boston_linear_fowler_non_synchronized_layouting_dd_10-02-2026.json.gz
52,Fowler QFT,0.00011262892071900876,ibm_boston,20,20,~/Nextcloud/Projects/IBM/qft_experiments/analysis_boston_linear_fowler_non_synchronized_layouting_dd_10-02-2026.json.gz
52,Fowler QFT,0.00010345712762890726,ibm_boston,20,20,~/Nextcloud/Projects/IBM/qft_experiments/analysis_boston_linear_fowler_non_synchronized_layouting_dd_10-02-2026.json.gz
52,Fowler QFT,3.947368421052632e-05,ibm_boston,20,20,~/Nextcloud/Projects/IBM/qft_experiments/analysis_boston_linear_fowler_non_synchronized_layouting_dd_10-02-2026.json.gz
52,Fowler QFT,5.5263157894736845e-05,ibm_boston,20,20,~/Nextcloud/Projects/IBM/qft_experiments/analysis_boston_linear_fowler_non_synchronized_layouting_dd_10-02-2026.json.gz
52,Fowler QFT,0.00014473684210526314,ibm_boston,20,20,~/Nextcloud/Projects/IBM/qft_experiments/analysis_boston_linear_fowler_non_synchronized_layouting_dd_10-02-2026.json.gz
52,Fowler QFT,3.947368421052632e-05,ibm_boston,20,20,~/Nextcloud/Projects/IBM/qft_experiments/analysis_boston_linear_fowler_non_synchronized_layouting_dd_10-02-2026.json.gz
52,Fowler QFT,0.00019811650328279443,ibm_boston,20,20,~/Nextcloud/Projects/IBM/qft_experiments/analysis_boston_linear_fowler_non_synchronized_layouting_dd_10-02-2026.json.gz
52,Fowler QFT,8.131446035950437e-05,ibm_boston,20,20,~/Nextcloud/Projects/IBM/qft_experiments/analysis_boston_linear_fowler_non_synchronized_layouting_dd_10-02-2026.json.gz
52,Fowler QFT,0.0001856746031213264,ibm_boston,20,20,~/Nextcloud/Projects/IBM/qft_experiments/analysis_boston_linear_fowler_non_synchronized_layouting_dd_10-02-2026.json.gz
52,Fowler QFT,0.0001282313738456786,ibm_boston,20,20,~/Nextcloud/Projects/IBM/qft_experiments/analysis_boston_linear_fowler_non_synchronized_layouting_dd_10-02-2026.json.gz
52,Fowler QFT,5.5263157894736845e-05,ibm_boston,20,20,~/Nextcloud/Projects/IBM/qft_experiments/analysis_boston_linear_fowler_non_synchronized_layouting_dd_10-02-2026.json.gz
52,Fowler QFT,0.0001384932026262356,ibm_boston,20,20,~/Nextcloud/Projects/IBM/qft_experiments/analysis_boston_linear_fowler_non_synchronized_layouting_dd_10-02-2026.json.gz
52,Fowler QFT,5.0825548681538845e-05,ibm_boston,20,20,~/Nextcloud/Projects/IBM/qft_experiments/analysis_boston_linear_fowler_non_synchronized_layouting_dd_10-02-2026.json.gz
52,Fowler QFT,3.067593223550626e-05,ibm_boston,20,20,~/Nextcloud/Projects/IBM/qft_experiments/analysis_boston_linear_fowler_non_synchronized_layouting_dd_10-02-2026.json.gz
52,Fowler QFT,0.00011262892071900876,ibm_boston,20,20,~/Nextcloud/Projects/IBM/qft_experiments/analysis_boston_linear_fowler_non_synchronized_layouting_dd_10-02-2026.json.gz
52,Fowler QFT,7.368421052631579e-05,ibm_boston,20,20,~/Nextcloud/Projects/IBM/qft_experiments/analysis_boston_linear_fowler_non_synchronized_layouting_dd_10-02-2026.json.gz
52,Fowler QFT,7.894736842105265e-06,ibm_boston,20,20,~/Nextcloud/Projects/IBM/qft_experiments/analysis_boston_linear_fowler_non_synchronized_layouting_dd_10-02-2026.json.gz
52,Fowler QFT,0.0001556371990098183,ibm_boston,20,20,~/Nextcloud/Projects/IBM/qft_experiments/analysis_boston_linear_fowler_non_synchronized_layouting_dd_10-02-2026.json.gz
52,Fowler QFT,0.00011262892071900876,ibm_boston,20,20,~/Nextcloud/Projects/IBM/qft_experiments/analysis_boston_linear_fowler_non_synchronized_layouting_dd_10-02-2026.json.gz
52,Fowler QFT,4.492386266280387e-05,ibm_boston,20,20,~/Nextcloud/Projects/IBM/qft_experiments/analysis_boston_linear_fowler_non_synchronized_layouting_dd_10-02-2026.json.gz
54,Fowler QFT,0.0,ibm_boston,20,20,~/Nextcloud/Projects/IBM/qft_experiments/analysis_boston_linear_fowler_non_synchronized_layouting_dd_10-02-2026.json.gz
54,Fowler QFT,0.0,ibm_boston,20,20,~/Nextcloud/Projects/IBM/qft_experiments/analysis_boston_linear_fowler_non_synchronized_layouting_dd_10-02-2026.json.gz
54,Fowler QFT,0.0,ibm_boston,20,20,~/Nextcloud/Projects/IBM/qft_experiments/analysis_boston_linear_fowler_non_synchronized_layouting_dd_10-02-2026.json.gz
54,Fowler QFT,2.631578947368421e-06,ibm_boston,20,20,~/Nextcloud/Projects/IBM/qft_experiments/analysis_boston_linear_fowler_non_synchronized_layouting_dd_10-02-2026.json.gz
54,Fowler QFT,0.0,ibm_boston,20,20,~/Nextcloud/Projects/IBM/qft_experiments/analysis_boston_linear_fowler_non_synchronized_layouting_dd_10-02-2026.json.gz
54,Fowler QFT,0.0,ibm_boston,20,20,~/Nextcloud/Projects/IBM/qft_experiments/analysis_boston_linear_fowler_non_synchronized_layouting_dd_10-02-2026.json.gz
54,Fowler QFT,0.0,ibm_boston,20,20,~/Nextcloud/Projects/IBM/qft_experiments/analysis_boston_linear_fowler_non_synchronized_layouting_dd_10-02-2026.json.gz
54,Fowler QFT,0.0,ibm_boston,20,20,~/Nextcloud/Projects/IBM/qft_experiments/analysis_boston_linear_fowler_non_synchronized_layouting_dd_10-02-2026.json.gz
54,Fowler QFT,0.0,ibm_boston,20,20,~/Nextcloud/Projects/IBM/qft_experiments/analysis_boston_linear_fowler_non_synchronized_layouting_dd_10-02-2026.json.gz
54,Fowler QFT,0.0,ibm_boston,20,20,~/Nextcloud/Projects/IBM/qft_experiments/analysis_boston_linear_fowler_non_synchronized_layouting_dd_10-02-2026.json.gz
54,Fowler QFT,0.0,ibm_boston,20,20,~/Nextcloud/Projects/IBM/qft_experiments/analysis_boston_linear_fowler_non_synchronized_layouting_dd_10-02-2026.json.gz
54,Fowler QFT,2.631578947368421e-06,ibm_boston,20,20,~/Nextcloud/Projects/IBM/qft_experiments/analysis_boston_linear_fowler_non_synchronized_layouting_dd_10-02-2026.json.gz
54,Fowler QFT,0.0,ibm_boston,20,20,~/Nextcloud/Projects/IBM/qft_experiments/analysis_boston_linear_fowler_non_synchronized_layouting_dd_10-02-2026.json.gz
54,Fowler QFT,0.0,ibm_boston,20,20,~/Nextcloud/Projects/IBM/qft_experiments/analysis_boston_linear_fowler_non_synchronized_layouting_dd_10-02-2026.json.gz
54,Fowler QFT,7.894736842105265e-06,ibm_boston,20,20,~/Nextcloud/Projects/IBM/qft_experiments/analysis_boston_linear_fowler_non_synchronized_layouting_dd_10-02-2026.json.gz
54,Fowler QFT,0.0,ibm_boston,20,20,~/Nextcloud/Projects/IBM/qft_experiments/analysis_boston_linear_fowler_non_synchronized_layouting_dd_10-02-2026.json.gz
54,Fowler QFT,0.0,ibm_boston,20,20,~/Nextcloud/Projects/IBM/qft_experiments/analysis_boston_linear_fowler_non_synchronized_layouting_dd_10-02-2026.json.gz
54,Fowler QFT,0.0,ibm_boston,20,20,~/Nextcloud/Projects/IBM/qft_experiments/analysis_boston_linear_fowler_non_synchronized_layouting_dd_10-02-2026.json.gz
54,Fowler QFT,0.0,ibm_boston,20,20,~/Nextcloud/Projects/IBM/qft_experiments/analysis_boston_linear_fowler_non_synchronized_layouting_dd_10-02-2026.json.gz
54,Fowler QFT,2.631578947368421e-06,ibm_boston,20,20,~/Nextcloud/Projects/IBM/qft_experiments/analysis_boston_linear_fowler_non_synchronized_layouting_dd_10-02-2026.json.gz
56,Fowler QFT,0.0,ibm_boston,20,20,~/Nextcloud/Projects/IBM/qft_experiments/analysis_boston_linear_fowler_non_synchronized_layouting_dd_10-02-2026.json.gz
56,Fowler QFT,0.0,ibm_boston,20,20,~/Nextcloud/Projects/IBM/qft_experiments/analysis_boston_linear_fowler_non_synchronized_layouting_dd_10-02-2026.json.gz
56,Fowler QFT,0.0,ibm_boston,20,20,~/Nextcloud/Projects/IBM/qft_experiments/analysis_boston_linear_fowler_non_synchronized_layouting_dd_10-02-2026.json.gz
56,Fowler QFT,0.0,ibm_boston,20,20,~/Nextcloud/Projects/IBM/qft_experiments/analysis_boston_linear_fowler_non_synchronized_layouting_dd_10-02-2026.json.gz
56,Fowler QFT,0.0,ibm_boston,20,20,~/Nextcloud/Projects/IBM/qft_experiments/analysis_boston_linear_fowler_non_synchronized_layouting_dd_10-02-2026.json.gz
56,Fowler QFT,0.0,ibm_boston,20,20,~/Nextcloud/Projects/IBM/qft_experiments/analysis_boston_linear_fowler_non_synchronized_layouting_dd_10-02-2026.json.gz
56,Fowler QFT,0.0,ibm_boston,20,20,~/Nextcloud/Projects/IBM/qft_experiments/analysis_boston_linear_fowler_non_synchronized_layouting_dd_10-02-2026.json.gz
56,Fowler QFT,0.0,ibm_boston,20,20,~/Nextcloud/Projects/IBM/qft_experiments/analysis_boston_linear_fowler_non_synchronized_layouting_dd_10-02-2026.json.gz
56,Fowler QFT,0.0,ibm_boston,20,20,~/Nextcloud/Projects/IBM/qft_experiments/analysis_boston_linear_fowler_non_synchronized_layouting_dd_10-02-2026.json.gz
56,Fowler QFT,0.0,ibm_boston,20,20,~/Nextcloud/Projects/IBM/qft_experiments/analysis_boston_linear_fowler_non_synchronized_layouting_dd_10-02-2026.json.gz
56,Fowler QFT,0.0,ibm_boston,20,20,~/Nextcloud/Projects/IBM/qft_experiments/analysis_boston_linear_fowler_non_synchronized_layouting_dd_10-02-2026.json.gz
56,Fowler QFT,0.0,ibm_boston,20,20,~/Nextcloud/Projects/IBM/qft_experiments/analysis_boston_linear_fowler_non_synchronized_layouting_dd_10-02-2026.json.gz
56,Fowler QFT,0.0,ibm_boston,20,20,~/Nextcloud/Projects/IBM/qft_experiments/analysis_boston_linear_fowler_non_synchronized_layouting_dd_10-02-2026.json.gz
56,Fowler QFT,0.0,ibm_boston,20,20,~/Nextcloud/Projects/IBM/qft_experiments/analysis_boston_linear_fowler_non_synchronized_layouting_dd_10-02-2026.json.gz
56,Fowler QFT,0.0,ibm_boston,20,20,~/Nextcloud/Projects/IBM/qft_experiments/analysis_boston_linear_fowler_non_synchronized_layouting_dd_10-02-2026.json.gz
56,Fowler QFT,0.0,ibm_boston,20,20,~/Nextcloud/Projects/IBM/qft_experiments/analysis_boston_linear_fowler_non_synchronized_layouting_dd_10-02-2026.json.gz
56,Fowler QFT,0.0,ibm_boston,20,20,~/Nextcloud/Projects/IBM/qft_experiments/analysis_boston_linear_fowler_non_synchronized_layouting_dd_10-02-2026.json.gz
56,Fowler QFT,0.0,ibm_boston,20,20,~/Nextcloud/Projects/IBM/qft_experiments/analysis_boston_linear_fowler_non_synchronized_layouting_dd_10-02-2026.json.gz
56,Fowler QFT,0.0,ibm_boston,20,20,~/Nextcloud/Projects/IBM/qft_experiments/analysis_boston_linear_fowler_non_synchronized_layouting_dd_10-02-2026.json.gz
56,Fowler QFT,0.0,ibm_boston,20,20,~/Nextcloud/Projects/IBM/qft_experiments/analysis_boston_linear_fowler_non_synchronized_layouting_dd_10-02-2026.json.gz
58,Fowler QFT,0.0,ibm_boston,20,20,~/Nextcloud/Projects/IBM/qft_experiments/analysis_boston_linear_fowler_non_synchronized_layouting_dd_10-02-2026.json.gz
58,Fowler QFT,0.0,ibm_boston,20,20,~/Nextcloud/Projects/IBM/qft_experiments/analysis_boston_linear_fowler_non_synchronized_layouting_dd_10-02-2026.json.gz
58,Fowler QFT,0.0,ibm_boston,20,20,~/Nextcloud/Projects/IBM/qft_experiments/analysis_boston_linear_fowler_non_synchronized_layouting_dd_10-02-2026.json.gz
58,Fowler QFT,0.0,ibm_boston,20,20,~/Nextcloud/Projects/IBM/qft_experiments/analysis_boston_linear_fowler_non_synchronized_layouting_dd_10-02-2026.json.gz
58,Fowler QFT,0.0,ibm_boston,20,20,~/Nextcloud/Projects/IBM/qft_experiments/analysis_boston_linear_fowler_non_synchronized_layouting_dd_10-02-2026.json.gz
58,Fowler QFT,0.0,ibm_boston,20,20,~/Nextcloud/Projects/IBM/qft_experiments/analysis_boston_linear_fowler_non_synchronized_layouting_dd_10-02-2026.json.gz
58,Fowler QFT,0.0,ibm_boston,20,20,~/Nextcloud/Projects/IBM/qft_experiments/analysis_boston_linear_fowler_non_synchronized_layouting_dd_10-02-2026.json.gz
58,Fowler QFT,0.0,ibm_boston,20,20,~/Nextcloud/Projects/IBM/qft_experiments/analysis_boston_linear_fowler_non_synchronized_layouting_dd_10-02-2026.json.gz
58,Fowler QFT,0.0,ibm_boston,20,20,~/Nextcloud/Projects/IBM/qft_experiments/analysis_boston_linear_fowler_non_synchronized_layouting_dd_10-02-2026.json.gz
58,Fowler QFT,0.0,ibm_boston,20,20,~/Nextcloud/Projects/IBM/qft_experiments/analysis_boston_linear_fowler_non_synchronized_layouting_dd_10-02-2026.json.gz
58,Fowler QFT,0.0,ibm_boston,20,20,~/Nextcloud/Projects/IBM/qft_experiments/analysis_boston_linear_fowler_non_synchronized_layouting_dd_10-02-2026.json.gz
58,Fowler QFT,0.0,ibm_boston,20,20,~/Nextcloud/Projects/IBM/qft_experiments/analysis_boston_linear_fowler_non_synchronized_layouting_dd_10-02-2026.json.gz
58,Fowler QFT,0.0,ibm_boston,20,20,~/Nextcloud/Projects/IBM/qft_experiments/analysis_boston_linear_fowler_non_synchronized_layouting_dd_10-02-2026.json.gz
58,Fowler QFT,0.0,ibm_boston,20,20,~/Nextcloud/Projects/IBM/qft_experiments/analysis_boston_linear_fowler_non_synchronized_layouting_dd_10-02-2026.json.gz
58,Fowler QFT,0.0,ibm_boston,20,20,~/Nextcloud/Projects/IBM/qft_experiments/analysis_boston_linear_fowler_non_synchronized_layouting_dd_10-02-2026.json.gz
58,Fowler QFT,0.0,ibm_boston,20,20,~/Nextcloud/Projects/IBM/qft_experiments/analysis_boston_linear_fowler_non_synchronized_layouting_dd_10-02-2026.json.gz
58,Fowler QFT,0.0,ibm_boston,20,20,~/Nextcloud/Projects/IBM/qft_experiments/analysis_boston_linear_fowler_non_synchronized_layouting_dd_10-02-2026.json.gz
58,Fowler QFT,0.0,ibm_boston,20,20,~/Nextcloud/Projects/IBM/qft_experiments/analysis_boston_linear_fowler_non_synchronized_layouting_dd_10-02-2026.json.gz
58,Fowler QFT,0.0,ibm_boston,20,20,~/Nextcloud/Projects/IBM/qft_experiments/analysis_boston_linear_fowler_non_synchronized_layouting_dd_10-02-2026.json.gz
58,Fowler QFT,0.0,ibm_boston,20,20,~/Nextcloud/Projects/IBM/qft_experiments/analysis_boston_linear_fowler_non_synchronized_layouting_dd_10-02-2026.json.gz
60,Fowler QFT,0.0,ibm_boston,20,20,~/Nextcloud/Projects/IBM/qft_experiments/analysis_boston_linear_fowler_non_synchronized_layouting_dd_10-02-2026.json.gz
60,Fowler QFT,0.0,ibm_boston,20,20,~/Nextcloud/Projects/IBM/qft_experiments/analysis_boston_linear_fowler_non_synchronized_layouting_dd_10-02-2026.json.gz
60,Fowler QFT,0.0,ibm_boston,20,20,~/Nextcloud/Projects/IBM/qft_experiments/analysis_boston_linear_fowler_non_synchronized_layouting_dd_10-02-2026.json.gz
60,Fowler QFT,0.0,ibm_boston,20,20,~/Nextcloud/Projects/IBM/qft_experiments/analysis_boston_linear_fowler_non_synchronized_layouting_dd_10-02-2026.json.gz
60,Fowler QFT,0.0,ibm_boston,20,20,~/Nextcloud/Projects/IBM/qft_experiments/analysis_boston_linear_fowler_non_synchronized_layouting_dd_10-02-2026.json.gz
60,Fowler QFT,0.0,ibm_boston,20,20,~/Nextcloud/Projects/IBM/qft_experiments/analysis_boston_linear_fowler_non_synchronized_layouting_dd_10-02-2026.json.gz
60,Fowler QFT,0.0,ibm_boston,20,20,~/Nextcloud/Projects/IBM/qft_experiments/analysis_boston_linear_fowler_non_synchronized_layouting_dd_10-02-2026.json.gz
60,Fowler QFT,0.0,ibm_boston,20,20,~/Nextcloud/Projects/IBM/qft_experiments/analysis_boston_linear_fowler_non_synchronized_layouting_dd_10-02-2026.json.gz
60,Fowler QFT,0.0,ibm_boston,20,20,~/Nextcloud/Projects/IBM/qft_experiments/analysis_boston_linear_fowler_non_synchronized_layouting_dd_10-02-2026.json.gz
60,Fowler QFT,0.0,ibm_boston,20,20,~/Nextcloud/Projects/IBM/qft_experiments/analysis_boston_linear_fowler_non_synchronized_layouting_dd_10-02-2026.json.gz
60,Fowler QFT,0.0,ibm_boston,20,20,~/Nextcloud/Projects/IBM/qft_experiments/analysis_boston_linear_fowler_non_synchronized_layouting_dd_10-02-2026.json.gz
60,Fowler QFT,0.0,ibm_boston,20,20,~/Nextcloud/Projects/IBM/qft_experiments/analysis_boston_linear_fowler_non_synchronized_layouting_dd_10-02-2026.json.gz
60,Fowler QFT,0.0,ibm_boston,20,20,~/Nextcloud/Projects/IBM/qft_experiments/analysis_boston_linear_fowler_non_synchronized_layouting_dd_10-02-2026.json.gz
60,Fowler QFT,0.0,ibm_boston,20,20,~/Nextcloud/Projects/IBM/qft_experiments/analysis_boston_linear_fowler_non_synchronized_layouting_dd_10-02-2026.json.gz
60,Fowler QFT,0.0,ibm_boston,20,20,~/Nextcloud/Projects/IBM/qft_experiments/analysis_boston_linear_fowler_non_synchronized_layouting_dd_10-02-2026.json.gz
60,Fowler QFT,0.0,ibm_boston,20,20,~/Nextcloud/Projects/IBM/qft_experiments/analysis_boston_linear_fowler_non_synchronized_layouting_dd_10-02-2026.json.gz
60,Fowler QFT,0.0,ibm_boston,20,20,~/Nextcloud/Projects/IBM/qft_experiments/analysis_boston_linear_fowler_non_synchronized_layouting_dd_10-02-2026.json.gz
60,Fowler QFT,0.0,ibm_boston,20,20,~/Nextcloud/Projects/IBM/qft_experiments/analysis_boston_linear_fowler_non_synchronized_layouting_dd_10-02-2026.json.gz
60,Fowler QFT,0.0,ibm_boston,20,20,~/Nextcloud/Projects/IBM/qft_experiments/analysis_boston_linear_fowler_non_synchronized_layouting_dd_10-02-2026.json.gz
60,Fowler QFT,0.0,ibm_boston,20,20,~/Nextcloud/Projects/IBM/qft_experiments/analysis_boston_linear_fowler_non_synchronized_layouting_dd_10-02-2026.json.gz
2,Linear Twine QFT,0.9823960024297326,ibm_boston,20,20,~/Nextcloud/Projects/IBM/qft_experiments/analysis_boston_linear_fowler_non_synchronized_layouting_dd_10-02-2026.json.gz
2,Linear Twine QFT,0.9850710153900623,ibm_boston,20,20,~/Nextcloud/Projects/IBM/qft_experiments/analysis_boston_linear_fowler_non_synchronized_layouting_dd_10-02-2026.json.gz
2,Linear Twine QFT,0.9858460280776757,ibm_boston,20,20,~/Nextcloud/Projects/IBM/qft_experiments/analysis_boston_linear_fowler_non_synchronized_layouting_dd_10-02-2026.json.gz
2,Linear Twine QFT,0.9840947272226416,ibm_boston,20,20,~/Nextcloud/Projects/IBM/qft_experiments/analysis_boston_linear_fowler_non_synchronized_layouting_dd_10-02-2026.json.gz
2,Linear Twine QFT,0.9849198346977057,ibm_boston,20,20,~/Nextcloud/Projects/IBM/qft_experiments/analysis_boston_linear_fowler_non_synchronized_layouting_dd_10-02-2026.json.gz
2,Linear Twine QFT,0.9835730719691208,ibm_boston,20,20,~/Nextcloud/Projects/IBM/qft_experiments/analysis_boston_linear_fowler_non_synchronized_layouting_dd_10-02-2026.json.gz
2,Linear Twine QFT,0.9833712826886106,ibm_boston,20,20,~/Nextcloud/Projects/IBM/qft_experiments/analysis_boston_linear_fowler_non_synchronized_layouting_dd_10-02-2026.json.gz
2,Linear Twine QFT,0.9844709048403609,ibm_boston,20,20,~/Nextcloud/Projects/IBM/qft_experiments/analysis_boston_linear_fowler_non_synchronized_layouting_dd_10-02-2026.json.gz
2,Linear Twine QFT,0.9838713471342817,ibm_boston,20,20,~/Nextcloud/Projects/IBM/qft_experiments/analysis_boston_linear_fowler_non_synchronized_layouting_dd_10-02-2026.json.gz
2,Linear Twine QFT,0.9851709076769612,ibm_boston,20,20,~/Nextcloud/Projects/IBM/qft_experiments/analysis_boston_linear_fowler_non_synchronized_layouting_dd_10-02-2026.json.gz
2,Linear Twine QFT,0.9846467994074444,ibm_boston,20,20,~/Nextcloud/Projects/IBM/qft_experiments/analysis_boston_linear_fowler_non_synchronized_layouting_dd_10-02-2026.json.gz
2,Linear Twine QFT,0.9840426708836436,ibm_boston,20,20,~/Nextcloud/Projects/IBM/qft_experiments/analysis_boston_linear_fowler_non_synchronized_layouting_dd_10-02-2026.json.gz
2,Linear Twine QFT,0.9858939216752484,ibm_boston,20,20,~/Nextcloud/Projects/IBM/qft_experiments/analysis_boston_linear_fowler_non_synchronized_layouting_dd_10-02-2026.json.gz
2,Linear Twine QFT,0.9842728525103454,ibm_boston,20,20,~/Nextcloud/Projects/IBM/qft_experiments/analysis_boston_linear_fowler_non_synchronized_layouting_dd_10-02-2026.json.gz
2,Linear Twine QFT,0.9843939871835462,ibm_boston,20,20,~/Nextcloud/Projects/IBM/qft_experiments/analysis_boston_linear_fowler_non_synchronized_layouting_dd_10-02-2026.json.gz
2,Linear Twine QFT,0.9837178697657581,ibm_boston,20,20,~/Nextcloud/Projects/IBM/qft_experiments/analysis_boston_linear_fowler_non_synchronized_layouting_dd_10-02-2026.json.gz
2,Linear Twine QFT,0.9839436705201281,ibm_boston,20,20,~/Nextcloud/Projects/IBM/qft_experiments/analysis_boston_linear_fowler_non_synchronized_layouting_dd_10-02-2026.json.gz
2,Linear Twine QFT,0.9837455278302979,ibm_boston,20,20,~/Nextcloud/Projects/IBM/qft_experiments/analysis_boston_linear_fowler_non_synchronized_layouting_dd_10-02-2026.json.gz
2,Linear Twine QFT,0.9826201406683553,ibm_boston,20,20,~/Nextcloud/Projects/IBM/qft_experiments/analysis_boston_linear_fowler_non_synchronized_layouting_dd_10-02-2026.json.gz
2,Linear Twine QFT,0.9825937590690684,ibm_boston,20,20,~/Nextcloud/Projects/IBM/qft_experiments/analysis_boston_linear_fowler_non_synchronized_layouting_dd_10-02-2026.json.gz
4,Linear Twine QFT,0.9578718473458199,ibm_boston,20,20,~/Nextcloud/Projects/IBM/qft_experiments/analysis_boston_linear_fowler_non_synchronized_layouting_dd_10-02-2026.json.gz
4,Linear Twine QFT,0.9605685514319187,ibm_boston,20,20,~/Nextcloud/Projects/IBM/qft_experiments/analysis_boston_linear_fowler_non_synchronized_layouting_dd_10-02-2026.json.gz
4,Linear Twine QFT,0.961693473465588,ibm_boston,20,20,~/Nextcloud/Projects/IBM/qft_experiments/analysis_boston_linear_fowler_non_synchronized_layouting_dd_10-02-2026.json.gz
4,Linear Twine QFT,0.9601942560719615,ibm_boston,20,20,~/Nextcloud/Projects/IBM/qft_experiments/analysis_boston_linear_fowler_non_synchronized_layouting_dd_10-02-2026.json.gz
4,Linear Twine QFT,0.9606948387758164,ibm_boston,20,20,~/Nextcloud/Projects/IBM/qft_experiments/analysis_boston_linear_fowler_non_synchronized_layouting_dd_10-02-2026.json.gz
4,Linear Twine QFT,0.9608978683630173,ibm_boston,20,20,~/Nextcloud/Projects/IBM/qft_experiments/analysis_boston_linear_fowler_non_synchronized_layouting_dd_10-02-2026.json.gz
4,Linear Twine QFT,0.9612646881541901,ibm_boston,20,20,~/Nextcloud/Projects/IBM/qft_experiments/analysis_boston_linear_fowler_non_synchronized_layouting_dd_10-02-2026.json.gz
4,Linear Twine QFT,0.9593470158652098,ibm_boston,20,20,~/Nextcloud/Projects/IBM/qft_experiments/analysis_boston_linear_fowler_non_synchronized_layouting_dd_10-02-2026.json.gz
4,Linear Twine QFT,0.9595941078745237,ibm_boston,20,20,~/Nextcloud/Projects/IBM/qft_experiments/analysis_boston_linear_fowler_non_synchronized_layouting_dd_10-02-2026.json.gz
4,Linear Twine QFT,0.960468920977046,ibm_boston,20,20,~/Nextcloud/Projects/IBM/qft_experiments/analysis_boston_linear_fowler_non_synchronized_layouting_dd_10-02-2026.json.gz
4,Linear Twine QFT,0.9613935129458189,ibm_boston,20,20,~/Nextcloud/Projects/IBM/qft_experiments/analysis_boston_linear_fowler_non_synchronized_layouting_dd_10-02-2026.json.gz
4,Linear Twine QFT,0.9611894451475824,ibm_boston,20,20,~/Nextcloud/Projects/IBM/qft_experiments/analysis_boston_linear_fowler_non_synchronized_layouting_dd_10-02-2026.json.gz
4,Linear Twine QFT,0.9607965220837852,ibm_boston,20,20,~/Nextcloud/Projects/IBM/qft_experiments/analysis_boston_linear_fowler_non_synchronized_layouting_dd_10-02-2026.json.gz
4,Linear Twine QFT,0.9595691846409411,ibm_boston,20,20,~/Nextcloud/Projects/IBM/qft_experiments/analysis_boston_linear_fowler_non_synchronized_layouting_dd_10-02-2026.json.gz
4,Linear Twine QFT,0.9609183297983482,ibm_boston,20,20,~/Nextcloud/Projects/IBM/qft_experiments/analysis_boston_linear_fowler_non_synchronized_layouting_dd_10-02-2026.json.gz
4,Linear Twine QFT,0.958372360410901,ibm_boston,20,20,~/Nextcloud/Projects/IBM/qft_experiments/analysis_boston_linear_fowler_non_synchronized_layouting_dd_10-02-2026.json.gz
4,Linear Twine QFT,0.9585720074010424,ibm_boston,20,20,~/Nextcloud/Projects/IBM/qft_experiments/analysis_boston_linear_fowler_non_synchronized_layouting_dd_10-02-2026.json.gz
4,Linear Twine QFT,0.9569974751893641,ibm_boston,20,20,~/Nextcloud/Projects/IBM/qft_experiments/analysis_boston_linear_fowler_non_synchronized_layouting_dd_10-02-2026.json.gz
4,Linear Twine QFT,0.9585965610348992,ibm_boston,20,20,~/Nextcloud/Projects/IBM/qft_experiments/analysis_boston_linear_fowler_non_synchronized_layouting_dd_10-02-2026.json.gz
4,Linear Twine QFT,0.9582226029179226,ibm_boston,20,20,~/Nextcloud/Projects/IBM/qft_experiments/analysis_boston_linear_fowler_non_synchronized_layouting_dd_10-02-2026.json.gz
6,Linear Twine QFT,0.8969942826853964,ibm_boston,20,20,~/Nextcloud/Projects/IBM/qft_experiments/analysis_boston_linear_fowler_non_synchronized_layouting_dd_10-02-2026.json.gz
6,Linear Twine QFT,0.8954772922670827,ibm_boston,20,20,~/Nextcloud/Projects/IBM/qft_experiments/analysis_boston_linear_fowler_non_synchronized_layouting_dd_10-02-2026.json.gz
6,Linear Twine QFT,0.8985393623481276,ibm_boston,20,20,~/Nextcloud/Projects/IBM/qft_experiments/analysis_boston_linear_fowler_non_synchronized_layouting_dd_10-02-2026.json.gz
6,Linear Twine QFT,0.8917308346178007,ibm_boston,20,20,~/Nextcloud/Projects/IBM/qft_experiments/analysis_boston_linear_fowler_non_synchronized_layouting_dd_10-02-2026.json.gz
6,Linear Twine QFT,0.893939386028047,ibm_boston,20,20,~/Nextcloud/Projects/IBM/qft_experiments/analysis_boston_linear_fowler_non_synchronized_layouting_dd_10-02-2026.json.gz
6,Linear Twine QFT,0.8935131304358553,ibm_boston,20,20,~/Nextcloud/Projects/IBM/qft_experiments/analysis_boston_linear_fowler_non_synchronized_layouting_dd_10-02-2026.json.gz
6,Linear Twine QFT,0.8956502800417416,ibm_boston,20,20,~/Nextcloud/Projects/IBM/qft_experiments/analysis_boston_linear_fowler_non_synchronized_layouting_dd_10-02-2026.json.gz
6,Linear Twine QFT,0.9002631024685541,ibm_boston,20,20,~/Nextcloud/Projects/IBM/qft_experiments/analysis_boston_linear_fowler_non_synchronized_layouting_dd_10-02-2026.json.gz
6,Linear Twine QFT,0.8982272423192659,ibm_boston,20,20,~/Nextcloud/Projects/IBM/qft_experiments/analysis_boston_linear_fowler_non_synchronized_layouting_dd_10-02-2026.json.gz
6,Linear Twine QFT,0.8883055463007996,ibm_boston,20,20,~/Nextcloud/Projects/IBM/qft_experiments/analysis_boston_linear_fowler_non_synchronized_layouting_dd_10-02-2026.json.gz
6,Linear Twine QFT,0.8944429369392628,ibm_boston,20,20,~/Nextcloud/Projects/IBM/qft_experiments/analysis_boston_linear_fowler_non_synchronized_layouting_dd_10-02-2026.json.gz
6,Linear Twine QFT,0.8994145590997198,ibm_boston,20,20,~/Nextcloud/Projects/IBM/qft_experiments/analysis_boston_linear_fowler_non_synchronized_layouting_dd_10-02-2026.json.gz
6,Linear Twine QFT,0.8947648291193868,ibm_boston,20,20,~/Nextcloud/Projects/IBM/qft_experiments/analysis_boston_linear_fowler_non_synchronized_layouting_dd_10-02-2026.json.gz
6,Linear Twine QFT,0.8938704888580045,ibm_boston,20,20,~/Nextcloud/Projects/IBM/qft_experiments/analysis_boston_linear_fowler_non_synchronized_layouting_dd_10-02-2026.json.gz
6,Linear Twine QFT,0.897177178790441,ibm_boston,20,20,~/Nextcloud/Projects/IBM/qft_experiments/analysis_boston_linear_fowler_non_synchronized_layouting_dd_10-02-2026.json.gz
6,Linear Twine QFT,0.8937276085821374,ibm_boston,20,20,~/Nextcloud/Projects/IBM/qft_experiments/analysis_boston_linear_fowler_non_synchronized_layouting_dd_10-02-2026.json.gz
6,Linear Twine QFT,0.8901721940634885,ibm_boston,20,20,~/Nextcloud/Projects/IBM/qft_experiments/analysis_boston_linear_fowler_non_synchronized_layouting_dd_10-02-2026.json.gz
6,Linear Twine QFT,0.8940617292301507,ibm_boston,20,20,~/Nextcloud/Projects/IBM/qft_experiments/analysis_boston_linear_fowler_non_synchronized_layouting_dd_10-02-2026.json.gz
6,Linear Twine QFT,0.8906264004371276,ibm_boston,20,20,~/Nextcloud/Projects/IBM/qft_experiments/analysis_boston_linear_fowler_non_synchronized_layouting_dd_10-02-2026.json.gz
6,Linear Twine QFT,0.8947271299028807,ibm_boston,20,20,~/Nextcloud/Projects/IBM/qft_experiments/analysis_boston_linear_fowler_non_synchronized_layouting_dd_10-02-2026.json.gz
8,Linear Twine QFT,0.8291160874972993,ibm_boston,20,20,~/Nextcloud/Projects/IBM/qft_experiments/analysis_boston_linear_fowler_non_synchronized_layouting_dd_10-02-2026.json.gz
8,Linear Twine QFT,0.8245165763888194,ibm_boston,20,20,~/Nextcloud/Projects/IBM/qft_experiments/analysis_boston_linear_fowler_non_synchronized_layouting_dd_10-02-2026.json.gz
8,Linear Twine QFT,0.8245607892243217,ibm_boston,20,20,~/Nextcloud/Projects/IBM/qft_experiments/analysis_boston_linear_fowler_non_synchronized_layouting_dd_10-02-2026.json.gz
8,Linear Twine QFT,0.823659953685368,ibm_boston,20,20,~/Nextcloud/Projects/IBM/qft_experiments/analysis_boston_linear_fowler_non_synchronized_layouting_dd_10-02-2026.json.gz
8,Linear Twine QFT,0.8262372308053226,ibm_boston,20,20,~/Nextcloud/Projects/IBM/qft_experiments/analysis_boston_linear_fowler_non_synchronized_layouting_dd_10-02-2026.json.gz
8,Linear Twine QFT,0.8302307937975103,ibm_boston,20,20,~/Nextcloud/Projects/IBM/qft_experiments/analysis_boston_linear_fowler_non_synchronized_layouting_dd_10-02-2026.json.gz
8,Linear Twine QFT,0.82074682315816,ibm_boston,20,20,~/Nextcloud/Projects/IBM/qft_experiments/analysis_boston_linear_fowler_non_synchronized_layouting_dd_10-02-2026.json.gz
8,Linear Twine QFT,0.8249398900007345,ibm_boston,20,20,~/Nextcloud/Projects/IBM/qft_experiments/analysis_boston_linear_fowler_non_synchronized_layouting_dd_10-02-2026.json.gz
8,Linear Twine QFT,0.8243883711018936,ibm_boston,20,20,~/Nextcloud/Projects/IBM/qft_experiments/analysis_boston_linear_fowler_non_synchronized_layouting_dd_10-02-2026.json.gz
8,Linear Twine QFT,0.8242878788176539,ibm_boston,20,20,~/Nextcloud/Projects/IBM/qft_experiments/analysis_boston_linear_fowler_non_synchronized_layouting_dd_10-02-2026.json.gz
8,Linear Twine QFT,0.8166534285529456,ibm_boston,20,20,~/Nextcloud/Projects/IBM/qft_experiments/analysis_boston_linear_fowler_non_synchronized_layouting_dd_10-02-2026.json.gz
8,Linear Twine QFT,0.8267562223244256,ibm_boston,20,20,~/Nextcloud/Projects/IBM/qft_experiments/analysis_boston_linear_fowler_non_synchronized_layouting_dd_10-02-2026.json.gz
8,Linear Twine QFT,0.8258384673702659,ibm_boston,20,20,~/Nextcloud/Projects/IBM/qft_experiments/analysis_boston_linear_fowler_non_synchronized_layouting_dd_10-02-2026.json.gz
8,Linear Twine QFT,0.823355630712182,ibm_boston,20,20,~/Nextcloud/Projects/IBM/qft_experiments/analysis_boston_linear_fowler_non_synchronized_layouting_dd_10-02-2026.json.gz
8,Linear Twine QFT,0.8226768952430279,ibm_boston,20,20,~/Nextcloud/Projects/IBM/qft_experiments/analysis_boston_linear_fowler_non_synchronized_layouting_dd_10-02-2026.json.gz
8,Linear Twine QFT,0.8223002380979391,ibm_boston,20,20,~/Nextcloud/Projects/IBM/qft_experiments/analysis_boston_linear_fowler_non_synchronized_layouting_dd_10-02-2026.json.gz
8,Linear Twine QFT,0.8275861479683104,ibm_boston,20,20,~/Nextcloud/Projects/IBM/qft_experiments/analysis_boston_linear_fowler_non_synchronized_layouting_dd_10-02-2026.json.gz
8,Linear Twine QFT,0.8309736082683826,ibm_boston,20,20,~/Nextcloud/Projects/IBM/qft_experiments/analysis_boston_linear_fowler_non_synchronized_layouting_dd_10-02-2026.json.gz
8,Linear Twine QFT,0.8253946385032894,ibm_boston,20,20,~/Nextcloud/Projects/IBM/qft_experiments/analysis_boston_linear_fowler_non_synchronized_layouting_dd_10-02-2026.json.gz
8,Linear Twine QFT,0.8232312789079622,ibm_boston,20,20,~/Nextcloud/Projects/IBM/qft_experiments/analysis_boston_linear_fowler_non_synchronized_layouting_dd_10-02-2026.json.gz
10,Linear Twine QFT,0.7374082263190758,ibm_boston,20,20,~/Nextcloud/Projects/IBM/qft_experiments/analysis_boston_linear_fowler_non_synchronized_layouting_dd_10-02-2026.json.gz
10,Linear Twine QFT,0.7394673524048491,ibm_boston,20,20,~/Nextcloud/Projects/IBM/qft_experiments/analysis_boston_linear_fowler_non_synchronized_layouting_dd_10-02-2026.json.gz
10,Linear Twine QFT,0.7460185673908609,ibm_boston,20,20,~/Nextcloud/Projects/IBM/qft_experiments/analysis_boston_linear_fowler_non_synchronized_layouting_dd_10-02-2026.json.gz
10,Linear Twine QFT,0.7507621929218247,ibm_boston,20,20,~/Nextcloud/Projects/IBM/qft_experiments/analysis_boston_linear_fowler_non_synchronized_layouting_dd_10-02-2026.json.gz
10,Linear Twine QFT,0.7445589446319137,ibm_boston,20,20,~/Nextcloud/Projects/IBM/qft_experiments/analysis_boston_linear_fowler_non_synchronized_layouting_dd_10-02-2026.json.gz
10,Linear Twine QFT,0.743195249396268,ibm_boston,20,20,~/Nextcloud/Projects/IBM/qft_experiments/analysis_boston_linear_fowler_non_synchronized_layouting_dd_10-02-2026.json.gz
10,Linear Twine QFT,0.7540986868030456,ibm_boston,20,20,~/Nextcloud/Projects/IBM/qft_experiments/analysis_boston_linear_fowler_non_synchronized_layouting_dd_10-02-2026.json.gz
10,Linear Twine QFT,0.7562035825694404,ibm_boston,20,20,~/Nextcloud/Projects/IBM/qft_experiments/analysis_boston_linear_fowler_non_synchronized_layouting_dd_10-02-2026.json.gz
10,Linear Twine QFT,0.747164092918455,ibm_boston,20,20,~/Nextcloud/Projects/IBM/qft_experiments/analysis_boston_linear_fowler_non_synchronized_layouting_dd_10-02-2026.json.gz
10,Linear Twine QFT,0.7425376088781575,ibm_boston,20,20,~/Nextcloud/Projects/IBM/qft_experiments/analysis_boston_linear_fowler_non_synchronized_layouting_dd_10-02-2026.json.gz
10,Linear Twine QFT,0.7489255700548828,ibm_boston,20,20,~/Nextcloud/Projects/IBM/qft_experiments/analysis_boston_linear_fowler_non_synchronized_layouting_dd_10-02-2026.json.gz
10,Linear Twine QFT,0.7455661525415721,ibm_boston,20,20,~/Nextcloud/Projects/IBM/qft_experiments/analysis_boston_linear_fowler_non_synchronized_layouting_dd_10-02-2026.json.gz
10,Linear Twine QFT,0.7496246037329812,ibm_boston,20,20,~/Nextcloud/Projects/IBM/qft_experiments/analysis_boston_linear_fowler_non_synchronized_layouting_dd_10-02-2026.json.gz
10,Linear Twine QFT,0.7455131867754071,ibm_boston,20,20,~/Nextcloud/Projects/IBM/qft_experiments/analysis_boston_linear_fowler_non_synchronized_layouting_dd_10-02-2026.json.gz
10,Linear Twine QFT,0.7445902667409071,ibm_boston,20,20,~/Nextcloud/Projects/IBM/qft_experiments/analysis_boston_linear_fowler_non_synchronized_layouting_dd_10-02-2026.json.gz
10,Linear Twine QFT,0.7345154065892557,ibm_boston,20,20,~/Nextcloud/Projects/IBM/qft_experiments/analysis_boston_linear_fowler_non_synchronized_layouting_dd_10-02-2026.json.gz
10,Linear Twine QFT,0.7467811795195817,ibm_boston,20,20,~/Nextcloud/Projects/IBM/qft_experiments/analysis_boston_linear_fowler_non_synchronized_layouting_dd_10-02-2026.json.gz
10,Linear Twine QFT,0.7440867164250013,ibm_boston,20,20,~/Nextcloud/Projects/IBM/qft_experiments/analysis_boston_linear_fowler_non_synchronized_layouting_dd_10-02-2026.json.gz
10,Linear Twine QFT,0.7481360632525146,ibm_boston,20,20,~/Nextcloud/Projects/IBM/qft_experiments/analysis_boston_linear_fowler_non_synchronized_layouting_dd_10-02-2026.json.gz
10,Linear Twine QFT,0.7481169806562129,ibm_boston,20,20,~/Nextcloud/Projects/IBM/qft_experiments/analysis_boston_linear_fowler_non_synchronized_layouting_dd_10-02-2026.json.gz
12,Linear Twine QFT,0.7046472129085375,ibm_boston,20,20,~/Nextcloud/Projects/IBM/qft_experiments/analysis_boston_linear_fowler_non_synchronized_layouting_dd_10-02-2026.json.gz
12,Linear Twine QFT,0.7073468557537026,ibm_boston,20,20,~/Nextcloud/Projects/IBM/qft_experiments/analysis_boston_linear_fowler_non_synchronized_layouting_dd_10-02-2026.json.gz
12,Linear Twine QFT,0.7052616831980945,ibm_boston,20,20,~/Nextcloud/Projects/IBM/qft_experiments/analysis_boston_linear_fowler_non_synchronized_layouting_dd_10-02-2026.json.gz
12,Linear Twine QFT,0.7098593756421432,ibm_boston,20,20,~/Nextcloud/Projects/IBM/qft_experiments/analysis_boston_linear_fowler_non_synchronized_layouting_dd_10-02-2026.json.gz
12,Linear Twine QFT,0.708530395113929,ibm_boston,20,20,~/Nextcloud/Projects/IBM/qft_experiments/analysis_boston_linear_fowler_non_synchronized_layouting_dd_10-02-2026.json.gz
12,Linear Twine QFT,0.6950344603888526,ibm_boston,20,20,~/Nextcloud/Projects/IBM/qft_experiments/analysis_boston_linear_fowler_non_synchronized_layouting_dd_10-02-2026.json.gz
12,Linear Twine QFT,0.708362831615651,ibm_boston,20,20,~/Nextcloud/Projects/IBM/qft_experiments/analysis_boston_linear_fowler_non_synchronized_layouting_dd_10-02-2026.json.gz
12,Linear Twine QFT,0.7119282773416373,ibm_boston,20,20,~/Nextcloud/Projects/IBM/qft_experiments/analysis_boston_linear_fowler_non_synchronized_layouting_dd_10-02-2026.json.gz
12,Linear Twine QFT,0.7083919253192056,ibm_boston,20,20,~/Nextcloud/Projects/IBM/qft_experiments/analysis_boston_linear_fowler_non_synchronized_layouting_dd_10-02-2026.json.gz
12,Linear Twine QFT,0.7088328535553562,ibm_boston,20,20,~/Nextcloud/Projects/IBM/qft_experiments/analysis_boston_linear_fowler_non_synchronized_layouting_dd_10-02-2026.json.gz
12,Linear Twine QFT,0.710950200087088,ibm_boston,20,20,~/Nextcloud/Projects/IBM/qft_experiments/analysis_boston_linear_fowler_non_synchronized_layouting_dd_10-02-2026.json.gz
12,Linear Twine QFT,0.7104527141410639,ibm_boston,20,20,~/Nextcloud/Projects/IBM/qft_experiments/analysis_boston_linear_fowler_non_synchronized_layouting_dd_10-02-2026.json.gz
12,Linear Twine QFT,0.7079550147856309,ibm_boston,20,20,~/Nextcloud/Projects/IBM/qft_experiments/analysis_boston_linear_fowler_non_synchronized_layouting_dd_10-02-2026.json.gz
12,Linear Twine QFT,0.7075668803506007,ibm_boston,20,20,~/Nextcloud/Projects/IBM/qft_experiments/analysis_boston_linear_fowler_non_synchronized_layouting_dd_10-02-2026.json.gz
12,Linear Twine QFT,0.7028994946741739,ibm_boston,20,20,~/Nextcloud/Projects/IBM/qft_experiments/analysis_boston_linear_fowler_non_synchronized_layouting_dd_10-02-2026.json.gz
12,Linear Twine QFT,0.710266482886948,ibm_boston,20,20,~/Nextcloud/Projects/IBM/qft_experiments/analysis_boston_linear_fowler_non_synchronized_layouting_dd_10-02-2026.json.gz
12,Linear Twine QFT,0.7037329952368906,ibm_boston,20,20,~/Nextcloud/Projects/IBM/qft_experiments/analysis_boston_linear_fowler_non_synchronized_layouting_dd_10-02-2026.json.gz
12,Linear Twine QFT,0.708509720707398,ibm_boston,20,20,~/Nextcloud/Projects/IBM/qft_experiments/analysis_boston_linear_fowler_non_synchronized_layouting_dd_10-02-2026.json.gz
12,Linear Twine QFT,0.7071112000862984,ibm_boston,20,20,~/Nextcloud/Projects/IBM/qft_experiments/analysis_boston_linear_fowler_non_synchronized_layouting_dd_10-02-2026.json.gz
12,Linear Twine QFT,0.7057615480249999,ibm_boston,20,20,~/Nextcloud/Projects/IBM/qft_experiments/analysis_boston_linear_fowler_non_synchronized_layouting_dd_10-02-2026.json.gz
14,Linear Twine QFT,0.5925771166688277,ibm_boston,20,20,~/Nextcloud/Projects/IBM/qft_experiments/analysis_boston_linear_fowler_non_synchronized_layouting_dd_10-02-2026.json.gz
14,Linear Twine QFT,0.5942449083759419,ibm_boston,20,20,~/Nextcloud/Projects/IBM/qft_experiments/analysis_boston_linear_fowler_non_synchronized_layouting_dd_10-02-2026.json.gz
14,Linear Twine QFT,0.593193439798146,ibm_boston,20,20,~/Nextcloud/Projects/IBM/qft_experiments/analysis_boston_linear_fowler_non_synchronized_layouting_dd_10-02-2026.json.gz
14,Linear Twine QFT,0.5910276558090222,ibm_boston,20,20,~/Nextcloud/Projects/IBM/qft_experiments/analysis_boston_linear_fowler_non_synchronized_layouting_dd_10-02-2026.json.gz
14,Linear Twine QFT,0.5903375169717182,ibm_boston,20,20,~/Nextcloud/Projects/IBM/qft_experiments/analysis_boston_linear_fowler_non_synchronized_layouting_dd_10-02-2026.json.gz
14,Linear Twine QFT,0.5909273300111526,ibm_boston,20,20,~/Nextcloud/Projects/IBM/qft_experiments/analysis_boston_linear_fowler_non_synchronized_layouting_dd_10-02-2026.json.gz
14,Linear Twine QFT,0.5921593125890874,ibm_boston,20,20,~/Nextcloud/Projects/IBM/qft_experiments/analysis_boston_linear_fowler_non_synchronized_layouting_dd_10-02-2026.json.gz
14,Linear Twine QFT,0.5914082427784354,ibm_boston,20,20,~/Nextcloud/Projects/IBM/qft_experiments/analysis_boston_linear_fowler_non_synchronized_layouting_dd_10-02-2026.json.gz
14,Linear Twine QFT,0.5875183949052551,ibm_boston,20,20,~/Nextcloud/Projects/IBM/qft_experiments/analysis_boston_linear_fowler_non_synchronized_layouting_dd_10-02-2026.json.gz
14,Linear Twine QFT,0.5912717707948514,ibm_boston,20,20,~/Nextcloud/Projects/IBM/qft_experiments/analysis_boston_linear_fowler_non_synchronized_layouting_dd_10-02-2026.json.gz
14,Linear Twine QFT,0.5952966104189839,ibm_boston,20,20,~/Nextcloud/Projects/IBM/qft_experiments/analysis_boston_linear_fowler_non_synchronized_layouting_dd_10-02-2026.json.gz
14,Linear Twine QFT,0.5946990060568208,ibm_boston,20,20,~/Nextcloud/Projects/IBM/qft_experiments/analysis_boston_linear_fowler_non_synchronized_layouting_dd_10-02-2026.json.gz
14,Linear Twine QFT,0.5940077885052086,ibm_boston,20,20,~/Nextcloud/Projects/IBM/qft_experiments/analysis_boston_linear_fowler_non_synchronized_layouting_dd_10-02-2026.json.gz
14,Linear Twine QFT,0.5871590105729895,ibm_boston,20,20,~/Nextcloud/Projects/IBM/qft_experiments/analysis_boston_linear_fowler_non_synchronized_layouting_dd_10-02-2026.json.gz
14,Linear Twine QFT,0.592574708510673,ibm_boston,20,20,~/Nextcloud/Projects/IBM/qft_experiments/analysis_boston_linear_fowler_non_synchronized_layouting_dd_10-02-2026.json.gz
14,Linear Twine QFT,0.5966415579674067,ibm_boston,20,20,~/Nextcloud/Projects/IBM/qft_experiments/analysis_boston_linear_fowler_non_synchronized_layouting_dd_10-02-2026.json.gz
14,Linear Twine QFT,0.5923331438685012,ibm_boston,20,20,~/Nextcloud/Projects/IBM/qft_experiments/analysis_boston_linear_fowler_non_synchronized_layouting_dd_10-02-2026.json.gz
14,Linear Twine QFT,0.5974218407452835,ibm_boston,20,20,~/Nextcloud/Projects/IBM/qft_experiments/analysis_boston_linear_fowler_non_synchronized_layouting_dd_10-02-2026.json.gz
14,Linear Twine QFT,0.5911582500424761,ibm_boston,20,20,~/Nextcloud/Projects/IBM/qft_experiments/analysis_boston_linear_fowler_non_synchronized_layouting_dd_10-02-2026.json.gz
14,Linear Twine QFT,0.5984083027014223,ibm_boston,20,20,~/Nextcloud/Projects/IBM/qft_experiments/analysis_boston_linear_fowler_non_synchronized_layouting_dd_10-02-2026.json.gz
16,Linear Twine QFT,0.5370661356789508,ibm_boston,20,20,~/Nextcloud/Projects/IBM/qft_experiments/analysis_boston_linear_fowler_non_synchronized_layouting_dd_10-02-2026.json.gz
16,Linear Twine QFT,0.5327055118439183,ibm_boston,20,20,~/Nextcloud/Projects/IBM/qft_experiments/analysis_boston_linear_fowler_non_synchronized_layouting_dd_10-02-2026.json.gz
16,Linear Twine QFT,0.530561055223703,ibm_boston,20,20,~/Nextcloud/Projects/IBM/qft_experiments/analysis_boston_linear_fowler_non_synchronized_layouting_dd_10-02-2026.json.gz
16,Linear Twine QFT,0.5320847237748366,ibm_boston,20,20,~/Nextcloud/Projects/IBM/qft_experiments/analysis_boston_linear_fowler_non_synchronized_layouting_dd_10-02-2026.json.gz
16,Linear Twine QFT,0.5353852238727417,ibm_boston,20,20,~/Nextcloud/Projects/IBM/qft_experiments/analysis_boston_linear_fowler_non_synchronized_layouting_dd_10-02-2026.json.gz
16,Linear Twine QFT,0.5378151586919803,ibm_boston,20,20,~/Nextcloud/Projects/IBM/qft_experiments/analysis_boston_linear_fowler_non_synchronized_layouting_dd_10-02-2026.json.gz
16,Linear Twine QFT,0.5403679374956992,ibm_boston,20,20,~/Nextcloud/Projects/IBM/qft_experiments/analysis_boston_linear_fowler_non_synchronized_layouting_dd_10-02-2026.json.gz
16,Linear Twine QFT,0.5302104902044988,ibm_boston,20,20,~/Nextcloud/Projects/IBM/qft_experiments/analysis_boston_linear_fowler_non_synchronized_layouting_dd_10-02-2026.json.gz
16,Linear Twine QFT,0.5269609142209986,ibm_boston,20,20,~/Nextcloud/Projects/IBM/qft_experiments/analysis_boston_linear_fowler_non_synchronized_layouting_dd_10-02-2026.json.gz
16,Linear Twine QFT,0.5336588486984568,ibm_boston,20,20,~/Nextcloud/Projects/IBM/qft_experiments/analysis_boston_linear_fowler_non_synchronized_layouting_dd_10-02-2026.json.gz
16,Linear Twine QFT,0.5331942114640025,ibm_boston,20,20,~/Nextcloud/Projects/IBM/qft_experiments/analysis_boston_linear_fowler_non_synchronized_layouting_dd_10-02-2026.json.gz
16,Linear Twine QFT,0.5298863051731966,ibm_boston,20,20,~/Nextcloud/Projects/IBM/qft_experiments/analysis_boston_linear_fowler_non_synchronized_layouting_dd_10-02-2026.json.gz
16,Linear Twine QFT,0.5294011891527389,ibm_boston,20,20,~/Nextcloud/Projects/IBM/qft_experiments/analysis_boston_linear_fowler_non_synchronized_layouting_dd_10-02-2026.json.gz
16,Linear Twine QFT,0.5364665137157216,ibm_boston,20,20,~/Nextcloud/Projects/IBM/qft_experiments/analysis_boston_linear_fowler_non_synchronized_layouting_dd_10-02-2026.json.gz
16,Linear Twine QFT,0.5336398430283856,ibm_boston,20,20,~/Nextcloud/Projects/IBM/qft_experiments/analysis_boston_linear_fowler_non_synchronized_layouting_dd_10-02-2026.json.gz
16,Linear Twine QFT,0.5335947743734872,ibm_boston,20,20,~/Nextcloud/Projects/IBM/qft_experiments/analysis_boston_linear_fowler_non_synchronized_layouting_dd_10-02-2026.json.gz
16,Linear Twine QFT,0.5304330530065786,ibm_boston,20,20,~/Nextcloud/Projects/IBM/qft_experiments/analysis_boston_linear_fowler_non_synchronized_layouting_dd_10-02-2026.json.gz
16,Linear Twine QFT,0.5360419281106917,ibm_boston,20,20,~/Nextcloud/Projects/IBM/qft_experiments/analysis_boston_linear_fowler_non_synchronized_layouting_dd_10-02-2026.json.gz
16,Linear Twine QFT,0.532939677699929,ibm_boston,20,20,~/Nextcloud/Projects/IBM/qft_experiments/analysis_boston_linear_fowler_non_synchronized_layouting_dd_10-02-2026.json.gz
16,Linear Twine QFT,0.5327043992047729,ibm_boston,20,20,~/Nextcloud/Projects/IBM/qft_experiments/analysis_boston_linear_fowler_non_synchronized_layouting_dd_10-02-2026.json.gz
18,Linear Twine QFT,0.4367430978638797,ibm_boston,20,20,~/Nextcloud/Projects/IBM/qft_experiments/analysis_boston_linear_fowler_non_synchronized_layouting_dd_10-02-2026.json.gz
18,Linear Twine QFT,0.4335442774289468,ibm_boston,20,20,~/Nextcloud/Projects/IBM/qft_experiments/analysis_boston_linear_fowler_non_synchronized_layouting_dd_10-02-2026.json.gz
18,Linear Twine QFT,0.43654873047899595,ibm_boston,20,20,~/Nextcloud/Projects/IBM/qft_experiments/analysis_boston_linear_fowler_non_synchronized_layouting_dd_10-02-2026.json.gz
18,Linear Twine QFT,0.4400328966651325,ibm_boston,20,20,~/Nextcloud/Projects/IBM/qft_experiments/analysis_boston_linear_fowler_non_synchronized_layouting_dd_10-02-2026.json.gz
18,Linear Twine QFT,0.4350369748715412,ibm_boston,20,20,~/Nextcloud/Projects/IBM/qft_experiments/analysis_boston_linear_fowler_non_synchronized_layouting_dd_10-02-2026.json.gz
18,Linear Twine QFT,0.44276318356281597,ibm_boston,20,20,~/Nextcloud/Projects/IBM/qft_experiments/analysis_boston_linear_fowler_non_synchronized_layouting_dd_10-02-2026.json.gz
18,Linear Twine QFT,0.4438284376431403,ibm_boston,20,20,~/Nextcloud/Projects/IBM/qft_experiments/analysis_boston_linear_fowler_non_synchronized_layouting_dd_10-02-2026.json.gz
18,Linear Twine QFT,0.43970119303966204,ibm_boston,20,20,~/Nextcloud/Projects/IBM/qft_experiments/analysis_boston_linear_fowler_non_synchronized_layouting_dd_10-02-2026.json.gz
18,Linear Twine QFT,0.440696512637666,ibm_boston,20,20,~/Nextcloud/Projects/IBM/qft_experiments/analysis_boston_linear_fowler_non_synchronized_layouting_dd_10-02-2026.json.gz
18,Linear Twine QFT,0.4346512456838411,ibm_boston,20,20,~/Nextcloud/Projects/IBM/qft_experiments/analysis_boston_linear_fowler_non_synchronized_layouting_dd_10-02-2026.json.gz
18,Linear Twine QFT,0.4350201105409254,ibm_boston,20,20,~/Nextcloud/Projects/IBM/qft_experiments/analysis_boston_linear_fowler_non_synchronized_layouting_dd_10-02-2026.json.gz
18,Linear Twine QFT,0.44020727787508473,ibm_boston,20,20,~/Nextcloud/Projects/IBM/qft_experiments/analysis_boston_linear_fowler_non_synchronized_layouting_dd_10-02-2026.json.gz
18,Linear Twine QFT,0.43797260440777863,ibm_boston,20,20,~/Nextcloud/Projects/IBM/qft_experiments/analysis_boston_linear_fowler_non_synchronized_layouting_dd_10-02-2026.json.gz
18,Linear Twine QFT,0.44717859528770854,ibm_boston,20,20,~/Nextcloud/Projects/IBM/qft_experiments/analysis_boston_linear_fowler_non_synchronized_layouting_dd_10-02-2026.json.gz
18,Linear Twine QFT,0.4354616143917663,ibm_boston,20,20,~/Nextcloud/Projects/IBM/qft_experiments/analysis_boston_linear_fowler_non_synchronized_layouting_dd_10-02-2026.json.gz
18,Linear Twine QFT,0.4442242284700506,ibm_boston,20,20,~/Nextcloud/Projects/IBM/qft_experiments/analysis_boston_linear_fowler_non_synchronized_layouting_dd_10-02-2026.json.gz
18,Linear Twine QFT,0.44181762282227705,ibm_boston,20,20,~/Nextcloud/Projects/IBM/qft_experiments/analysis_boston_linear_fowler_non_synchronized_layouting_dd_10-02-2026.json.gz
18,Linear Twine QFT,0.4384139178468518,ibm_boston,20,20,~/Nextcloud/Projects/IBM/qft_experiments/analysis_boston_linear_fowler_non_synchronized_layouting_dd_10-02-2026.json.gz
18,Linear Twine QFT,0.4442442971046,ibm_boston,20,20,~/Nextcloud/Projects/IBM/qft_experiments/analysis_boston_linear_fowler_non_synchronized_layouting_dd_10-02-2026.json.gz
18,Linear Twine QFT,0.43756229675308994,ibm_boston,20,20,~/Nextcloud/Projects/IBM/qft_experiments/analysis_boston_linear_fowler_non_synchronized_layouting_dd_10-02-2026.json.gz
20,Linear Twine QFT,0.38578764553783806,ibm_boston,20,20,~/Nextcloud/Projects/IBM/qft_experiments/analysis_boston_linear_fowler_non_synchronized_layouting_dd_10-02-2026.json.gz
20,Linear Twine QFT,0.3893373317799801,ibm_boston,20,20,~/Nextcloud/Projects/IBM/qft_experiments/analysis_boston_linear_fowler_non_synchronized_layouting_dd_10-02-2026.json.gz
20,Linear Twine QFT,0.3874215071238048,ibm_boston,20,20,~/Nextcloud/Projects/IBM/qft_experiments/analysis_boston_linear_fowler_non_synchronized_layouting_dd_10-02-2026.json.gz
20,Linear Twine QFT,0.3935400311332988,ibm_boston,20,20,~/Nextcloud/Projects/IBM/qft_experiments/analysis_boston_linear_fowler_non_synchronized_layouting_dd_10-02-2026.json.gz
20,Linear Twine QFT,0.3882750872850217,ibm_boston,20,20,~/Nextcloud/Projects/IBM/qft_experiments/analysis_boston_linear_fowler_non_synchronized_layouting_dd_10-02-2026.json.gz
20,Linear Twine QFT,0.38785746966877427,ibm_boston,20,20,~/Nextcloud/Projects/IBM/qft_experiments/analysis_boston_linear_fowler_non_synchronized_layouting_dd_10-02-2026.json.gz
20,Linear Twine QFT,0.39015691372572103,ibm_boston,20,20,~/Nextcloud/Projects/IBM/qft_experiments/analysis_boston_linear_fowler_non_synchronized_layouting_dd_10-02-2026.json.gz
20,Linear Twine QFT,0.38944567290217236,ibm_boston,20,20,~/Nextcloud/Projects/IBM/qft_experiments/analysis_boston_linear_fowler_non_synchronized_layouting_dd_10-02-2026.json.gz
20,Linear Twine QFT,0.38540192737693485,ibm_boston,20,20,~/Nextcloud/Projects/IBM/qft_experiments/analysis_boston_linear_fowler_non_synchronized_layouting_dd_10-02-2026.json.gz
20,Linear Twine QFT,0.39159079984885997,ibm_boston,20,20,~/Nextcloud/Projects/IBM/qft_experiments/analysis_boston_linear_fowler_non_synchronized_layouting_dd_10-02-2026.json.gz
20,Linear Twine QFT,0.38627425223902445,ibm_boston,20,20,~/Nextcloud/Projects/IBM/qft_experiments/analysis_boston_linear_fowler_non_synchronized_layouting_dd_10-02-2026.json.gz
20,Linear Twine QFT,0.39338742616865946,ibm_boston,20,20,~/Nextcloud/Projects/IBM/qft_experiments/analysis_boston_linear_fowler_non_synchronized_layouting_dd_10-02-2026.json.gz
20,Linear Twine QFT,0.38359990205837524,ibm_boston,20,20,~/Nextcloud/Projects/IBM/qft_experiments/analysis_boston_linear_fowler_non_synchronized_layouting_dd_10-02-2026.json.gz
20,Linear Twine QFT,0.3929601749278503,ibm_boston,20,20,~/Nextcloud/Projects/IBM/qft_experiments/analysis_boston_linear_fowler_non_synchronized_layouting_dd_10-02-2026.json.gz
20,Linear Twine QFT,0.3933419697922682,ibm_boston,20,20,~/Nextcloud/Projects/IBM/qft_experiments/analysis_boston_linear_fowler_non_synchronized_layouting_dd_10-02-2026.json.gz
20,Linear Twine QFT,0.3954316497958254,ibm_boston,20,20,~/Nextcloud/Projects/IBM/qft_experiments/analysis_boston_linear_fowler_non_synchronized_layouting_dd_10-02-2026.json.gz
20,Linear Twine QFT,0.38429912904498437,ibm_boston,20,20,~/Nextcloud/Projects/IBM/qft_experiments/analysis_boston_linear_fowler_non_synchronized_layouting_dd_10-02-2026.json.gz
20,Linear Twine QFT,0.39207161888309044,ibm_boston,20,20,~/Nextcloud/Projects/IBM/qft_experiments/analysis_boston_linear_fowler_non_synchronized_layouting_dd_10-02-2026.json.gz
20,Linear Twine QFT,0.39259846346631205,ibm_boston,20,20,~/Nextcloud/Projects/IBM/qft_experiments/analysis_boston_linear_fowler_non_synchronized_layouting_dd_10-02-2026.json.gz
20,Linear Twine QFT,0.3897245534030377,ibm_boston,20,20,~/Nextcloud/Projects/IBM/qft_experiments/analysis_boston_linear_fowler_non_synchronized_layouting_dd_10-02-2026.json.gz
22,Linear Twine QFT,0.36105470442934895,ibm_boston,20,20,~/Nextcloud/Projects/IBM/qft_experiments/analysis_boston_linear_fowler_non_synchronized_layouting_dd_10-02-2026.json.gz
22,Linear Twine QFT,0.35907162804058024,ibm_boston,20,20,~/Nextcloud/Projects/IBM/qft_experiments/analysis_boston_linear_fowler_non_synchronized_layouting_dd_10-02-2026.json.gz
22,Linear Twine QFT,0.3590579825542053,ibm_boston,20,20,~/Nextcloud/Projects/IBM/qft_experiments/analysis_boston_linear_fowler_non_synchronized_layouting_dd_10-02-2026.json.gz
22,Linear Twine QFT,0.35513935228289717,ibm_boston,20,20,~/Nextcloud/Projects/IBM/qft_experiments/analysis_boston_linear_fowler_non_synchronized_layouting_dd_10-02-2026.json.gz
22,Linear Twine QFT,0.35728154672715706,ibm_boston,20,20,~/Nextcloud/Projects/IBM/qft_experiments/analysis_boston_linear_fowler_non_synchronized_layouting_dd_10-02-2026.json.gz
22,Linear Twine QFT,0.3546877382550709,ibm_boston,20,20,~/Nextcloud/Projects/IBM/qft_experiments/analysis_boston_linear_fowler_non_synchronized_layouting_dd_10-02-2026.json.gz
22,Linear Twine QFT,0.3495970110775784,ibm_boston,20,20,~/Nextcloud/Projects/IBM/qft_experiments/analysis_boston_linear_fowler_non_synchronized_layouting_dd_10-02-2026.json.gz
22,Linear Twine QFT,0.35421923160549473,ibm_boston,20,20,~/Nextcloud/Projects/IBM/qft_experiments/analysis_boston_linear_fowler_non_synchronized_layouting_dd_10-02-2026.json.gz
22,Linear Twine QFT,0.35914126819395015,ibm_boston,20,20,~/Nextcloud/Projects/IBM/qft_experiments/analysis_boston_linear_fowler_non_synchronized_layouting_dd_10-02-2026.json.gz
22,Linear Twine QFT,0.3561330414256511,ibm_boston,20,20,~/Nextcloud/Projects/IBM/qft_experiments/analysis_boston_linear_fowler_non_synchronized_layouting_dd_10-02-2026.json.gz
22,Linear Twine QFT,0.35569225804265653,ibm_boston,20,20,~/Nextcloud/Projects/IBM/qft_experiments/analysis_boston_linear_fowler_non_synchronized_layouting_dd_10-02-2026.json.gz
22,Linear Twine QFT,0.36108653952373376,ibm_boston,20,20,~/Nextcloud/Projects/IBM/qft_experiments/analysis_boston_linear_fowler_non_synchronized_layouting_dd_10-02-2026.json.gz
22,Linear Twine QFT,0.3559973307360716,ibm_boston,20,20,~/Nextcloud/Projects/IBM/qft_experiments/analysis_boston_linear_fowler_non_synchronized_layouting_dd_10-02-2026.json.gz
22,Linear Twine QFT,0.35635310339228693,ibm_boston,20,20,~/Nextcloud/Projects/IBM/qft_experiments/analysis_boston_linear_fowler_non_synchronized_layouting_dd_10-02-2026.json.gz
22,Linear Twine QFT,0.3547063843310452,ibm_boston,20,20,~/Nextcloud/Projects/IBM/qft_experiments/analysis_boston_linear_fowler_non_synchronized_layouting_dd_10-02-2026.json.gz
22,Linear Twine QFT,0.3546971409960408,ibm_boston,20,20,~/Nextcloud/Projects/IBM/qft_experiments/analysis_boston_linear_fowler_non_synchronized_layouting_dd_10-02-2026.json.gz
22,Linear Twine QFT,0.3570084591121353,ibm_boston,20,20,~/Nextcloud/Projects/IBM/qft_experiments/analysis_boston_linear_fowler_non_synchronized_layouting_dd_10-02-2026.json.gz
22,Linear Twine QFT,0.3560793096878641,ibm_boston,20,20,~/Nextcloud/Projects/IBM/qft_experiments/analysis_boston_linear_fowler_non_synchronized_layouting_dd_10-02-2026.json.gz
22,Linear Twine QFT,0.3581080577317169,ibm_boston,20,20,~/Nextcloud/Projects/IBM/qft_experiments/analysis_boston_linear_fowler_non_synchronized_layouting_dd_10-02-2026.json.gz
22,Linear Twine QFT,0.35809848732996247,ibm_boston,20,20,~/Nextcloud/Projects/IBM/qft_experiments/analysis_boston_linear_fowler_non_synchronized_layouting_dd_10-02-2026.json.gz
24,Linear Twine QFT,0.3073837478633261,ibm_boston,20,20,~/Nextcloud/Projects/IBM/qft_experiments/analysis_boston_linear_fowler_non_synchronized_layouting_dd_10-02-2026.json.gz
24,Linear Twine QFT,0.29970142734857436,ibm_boston,20,20,~/Nextcloud/Projects/IBM/qft_experiments/analysis_boston_linear_fowler_non_synchronized_layouting_dd_10-02-2026.json.gz
24,Linear Twine QFT,0.3088944232587877,ibm_boston,20,20,~/Nextcloud/Projects/IBM/qft_experiments/analysis_boston_linear_fowler_non_synchronized_layouting_dd_10-02-2026.json.gz
24,Linear Twine QFT,0.3061375998369345,ibm_boston,20,20,~/Nextcloud/Projects/IBM/qft_experiments/analysis_boston_linear_fowler_non_synchronized_layouting_dd_10-02-2026.json.gz
24,Linear Twine QFT,0.30493044975102584,ibm_boston,20,20,~/Nextcloud/Projects/IBM/qft_experiments/analysis_boston_linear_fowler_non_synchronized_layouting_dd_10-02-2026.json.gz
24,Linear Twine QFT,0.30764378434400086,ibm_boston,20,20,~/Nextcloud/Projects/IBM/qft_experiments/analysis_boston_linear_fowler_non_synchronized_layouting_dd_10-02-2026.json.gz
24,Linear Twine QFT,0.29987095554592214,ibm_boston,20,20,~/Nextcloud/Projects/IBM/qft_experiments/analysis_boston_linear_fowler_non_synchronized_layouting_dd_10-02-2026.json.gz
24,Linear Twine QFT,0.3090395352699121,ibm_boston,20,20,~/Nextcloud/Projects/IBM/qft_experiments/analysis_boston_linear_fowler_non_synchronized_layouting_dd_10-02-2026.json.gz
24,Linear Twine QFT,0.30298047918077065,ibm_boston,20,20,~/Nextcloud/Projects/IBM/qft_experiments/analysis_boston_linear_fowler_non_synchronized_layouting_dd_10-02-2026.json.gz
24,Linear Twine QFT,0.30648073738209014,ibm_boston,20,20,~/Nextcloud/Projects/IBM/qft_experiments/analysis_boston_linear_fowler_non_synchronized_layouting_dd_10-02-2026.json.gz
24,Linear Twine QFT,0.30552372407303724,ibm_boston,20,20,~/Nextcloud/Projects/IBM/qft_experiments/analysis_boston_linear_fowler_non_synchronized_layouting_dd_10-02-2026.json.gz
24,Linear Twine QFT,0.3094730972188215,ibm_boston,20,20,~/Nextcloud/Projects/IBM/qft_experiments/analysis_boston_linear_fowler_non_synchronized_layouting_dd_10-02-2026.json.gz
24,Linear Twine QFT,0.3024413321340099,ibm_boston,20,20,~/Nextcloud/Projects/IBM/qft_experiments/analysis_boston_linear_fowler_non_synchronized_layouting_dd_10-02-2026.json.gz
24,Linear Twine QFT,0.30140199995194905,ibm_boston,20,20,~/Nextcloud/Projects/IBM/qft_experiments/analysis_boston_linear_fowler_non_synchronized_layouting_dd_10-02-2026.json.gz
24,Linear Twine QFT,0.308359708120178,ibm_boston,20,20,~/Nextcloud/Projects/IBM/qft_experiments/analysis_boston_linear_fowler_non_synchronized_layouting_dd_10-02-2026.json.gz
24,Linear Twine QFT,0.30069172548576084,ibm_boston,20,20,~/Nextcloud/Projects/IBM/qft_experiments/analysis_boston_linear_fowler_non_synchronized_layouting_dd_10-02-2026.json.gz
24,Linear Twine QFT,0.3099951332129058,ibm_boston,20,20,~/Nextcloud/Projects/IBM/qft_experiments/analysis_boston_linear_fowler_non_synchronized_layouting_dd_10-02-2026.json.gz
24,Linear Twine QFT,0.3048802846950064,ibm_boston,20,20,~/Nextcloud/Projects/IBM/qft_experiments/analysis_boston_linear_fowler_non_synchronized_layouting_dd_10-02-2026.json.gz
24,Linear Twine QFT,0.31288734264474555,ibm_boston,20,20,~/Nextcloud/Projects/IBM/qft_experiments/analysis_boston_linear_fowler_non_synchronized_layouting_dd_10-02-2026.json.gz
24,Linear Twine QFT,0.31202469830056423,ibm_boston,20,20,~/Nextcloud/Projects/IBM/qft_experiments/analysis_boston_linear_fowler_non_synchronized_layouting_dd_10-02-2026.json.gz
26,Linear Twine QFT,0.256855218831781,ibm_boston,20,20,~/Nextcloud/Projects/IBM/qft_experiments/analysis_boston_linear_fowler_non_synchronized_layouting_dd_10-02-2026.json.gz
26,Linear Twine QFT,0.2567294987373495,ibm_boston,20,20,~/Nextcloud/Projects/IBM/qft_experiments/analysis_boston_linear_fowler_non_synchronized_layouting_dd_10-02-2026.json.gz
26,Linear Twine QFT,0.2582376261667673,ibm_boston,20,20,~/Nextcloud/Projects/IBM/qft_experiments/analysis_boston_linear_fowler_non_synchronized_layouting_dd_10-02-2026.json.gz
26,Linear Twine QFT,0.25821076339679033,ibm_boston,20,20,~/Nextcloud/Projects/IBM/qft_experiments/analysis_boston_linear_fowler_non_synchronized_layouting_dd_10-02-2026.json.gz
26,Linear Twine QFT,0.25615844735654336,ibm_boston,20,20,~/Nextcloud/Projects/IBM/qft_experiments/analysis_boston_linear_fowler_non_synchronized_layouting_dd_10-02-2026.json.gz
26,Linear Twine QFT,0.2544741940409362,ibm_boston,20,20,~/Nextcloud/Projects/IBM/qft_experiments/analysis_boston_linear_fowler_non_synchronized_layouting_dd_10-02-2026.json.gz
26,Linear Twine QFT,0.2571894887770662,ibm_boston,20,20,~/Nextcloud/Projects/IBM/qft_experiments/analysis_boston_linear_fowler_non_synchronized_layouting_dd_10-02-2026.json.gz
26,Linear Twine QFT,0.26018455239034055,ibm_boston,20,20,~/Nextcloud/Projects/IBM/qft_experiments/analysis_boston_linear_fowler_non_synchronized_layouting_dd_10-02-2026.json.gz
26,Linear Twine QFT,0.2548618442619733,ibm_boston,20,20,~/Nextcloud/Projects/IBM/qft_experiments/analysis_boston_linear_fowler_non_synchronized_layouting_dd_10-02-2026.json.gz
26,Linear Twine QFT,0.25773657562666097,ibm_boston,20,20,~/Nextcloud/Projects/IBM/qft_experiments/analysis_boston_linear_fowler_non_synchronized_layouting_dd_10-02-2026.json.gz
26,Linear Twine QFT,0.24867345935360055,ibm_boston,20,20,~/Nextcloud/Projects/IBM/qft_experiments/analysis_boston_linear_fowler_non_synchronized_layouting_dd_10-02-2026.json.gz
26,Linear Twine QFT,0.2581466045224676,ibm_boston,20,20,~/Nextcloud/Projects/IBM/qft_experiments/analysis_boston_linear_fowler_non_synchronized_layouting_dd_10-02-2026.json.gz
26,Linear Twine QFT,0.25119470323496873,ibm_boston,20,20,~/Nextcloud/Projects/IBM/qft_experiments/analysis_boston_linear_fowler_non_synchronized_layouting_dd_10-02-2026.json.gz
26,Linear Twine QFT,0.25914778994876647,ibm_boston,20,20,~/Nextcloud/Projects/IBM/qft_experiments/analysis_boston_linear_fowler_non_synchronized_layouting_dd_10-02-2026.json.gz
26,Linear Twine QFT,0.25662029592578917,ibm_boston,20,20,~/Nextcloud/Projects/IBM/qft_experiments/analysis_boston_linear_fowler_non_synchronized_layouting_dd_10-02-2026.json.gz
26,Linear Twine QFT,0.2567617812279167,ibm_boston,20,20,~/Nextcloud/Projects/IBM/qft_experiments/analysis_boston_linear_fowler_non_synchronized_layouting_dd_10-02-2026.json.gz
26,Linear Twine QFT,0.2601449837322547,ibm_boston,20,20,~/Nextcloud/Projects/IBM/qft_experiments/analysis_boston_linear_fowler_non_synchronized_layouting_dd_10-02-2026.json.gz
26,Linear Twine QFT,0.25749356082017655,ibm_boston,20,20,~/Nextcloud/Projects/IBM/qft_experiments/analysis_boston_linear_fowler_non_synchronized_layouting_dd_10-02-2026.json.gz
26,Linear Twine QFT,0.2570332491551909,ibm_boston,20,20,~/Nextcloud/Projects/IBM/qft_experiments/analysis_boston_linear_fowler_non_synchronized_layouting_dd_10-02-2026.json.gz
26,Linear Twine QFT,0.260339686484698,ibm_boston,20,20,~/Nextcloud/Projects/IBM/qft_experiments/analysis_boston_linear_fowler_non_synchronized_layouting_dd_10-02-2026.json.gz
28,Linear Twine QFT,0.2138854907813496,ibm_boston,20,20,~/Nextcloud/Projects/IBM/qft_experiments/analysis_boston_linear_fowler_non_synchronized_layouting_dd_10-02-2026.json.gz
28,Linear Twine QFT,0.21715818233276438,ibm_boston,20,20,~/Nextcloud/Projects/IBM/qft_experiments/analysis_boston_linear_fowler_non_synchronized_layouting_dd_10-02-2026.json.gz
28,Linear Twine QFT,0.21588260871000955,ibm_boston,20,20,~/Nextcloud/Projects/IBM/qft_experiments/analysis_boston_linear_fowler_non_synchronized_layouting_dd_10-02-2026.json.gz
28,Linear Twine QFT,0.2132612427471047,ibm_boston,20,20,~/Nextcloud/Projects/IBM/qft_experiments/analysis_boston_linear_fowler_non_synchronized_layouting_dd_10-02-2026.json.gz
28,Linear Twine QFT,0.21558610100032846,ibm_boston,20,20,~/Nextcloud/Projects/IBM/qft_experiments/analysis_boston_linear_fowler_non_synchronized_layouting_dd_10-02-2026.json.gz
28,Linear Twine QFT,0.21265086024140217,ibm_boston,20,20,~/Nextcloud/Projects/IBM/qft_experiments/analysis_boston_linear_fowler_non_synchronized_layouting_dd_10-02-2026.json.gz
28,Linear Twine QFT,0.21561680015277654,ibm_boston,20,20,~/Nextcloud/Projects/IBM/qft_experiments/analysis_boston_linear_fowler_non_synchronized_layouting_dd_10-02-2026.json.gz
28,Linear Twine QFT,0.2095588378767136,ibm_boston,20,20,~/Nextcloud/Projects/IBM/qft_experiments/analysis_boston_linear_fowler_non_synchronized_layouting_dd_10-02-2026.json.gz
28,Linear Twine QFT,0.21615959243997285,ibm_boston,20,20,~/Nextcloud/Projects/IBM/qft_experiments/analysis_boston_linear_fowler_non_synchronized_layouting_dd_10-02-2026.json.gz
28,Linear Twine QFT,0.21407251987950093,ibm_boston,20,20,~/Nextcloud/Projects/IBM/qft_experiments/analysis_boston_linear_fowler_non_synchronized_layouting_dd_10-02-2026.json.gz
28,Linear Twine QFT,0.21565195892614844,ibm_boston,20,20,~/Nextcloud/Projects/IBM/qft_experiments/analysis_boston_linear_fowler_non_synchronized_layouting_dd_10-02-2026.json.gz
28,Linear Twine QFT,0.213838276465517,ibm_boston,20,20,~/Nextcloud/Projects/IBM/qft_experiments/analysis_boston_linear_fowler_non_synchronized_layouting_dd_10-02-2026.json.gz
28,Linear Twine QFT,0.21858896647478107,ibm_boston,20,20,~/Nextcloud/Projects/IBM/qft_experiments/analysis_boston_linear_fowler_non_synchronized_layouting_dd_10-02-2026.json.gz
28,Linear Twine QFT,0.21268887092875832,ibm_boston,20,20,~/Nextcloud/Projects/IBM/qft_experiments/analysis_boston_linear_fowler_non_synchronized_layouting_dd_10-02-2026.json.gz
28,Linear Twine QFT,0.21639912348852028,ibm_boston,20,20,~/Nextcloud/Projects/IBM/qft_experiments/analysis_boston_linear_fowler_non_synchronized_layouting_dd_10-02-2026.json.gz
28,Linear Twine QFT,0.2133060829262082,ibm_boston,20,20,~/Nextcloud/Projects/IBM/qft_experiments/analysis_boston_linear_fowler_non_synchronized_layouting_dd_10-02-2026.json.gz
28,Linear Twine QFT,0.215058258129381,ibm_boston,20,20,~/Nextcloud/Projects/IBM/qft_experiments/analysis_boston_linear_fowler_non_synchronized_layouting_dd_10-02-2026.json.gz
28,Linear Twine QFT,0.21643012031816214,ibm_boston,20,20,~/Nextcloud/Projects/IBM/qft_experiments/analysis_boston_linear_fowler_non_synchronized_layouting_dd_10-02-2026.json.gz
28,Linear Twine QFT,0.21549892365151457,ibm_boston,20,20,~/Nextcloud/Projects/IBM/qft_experiments/analysis_boston_linear_fowler_non_synchronized_layouting_dd_10-02-2026.json.gz
28,Linear Twine QFT,0.21538093050800025,ibm_boston,20,20,~/Nextcloud/Projects/IBM/qft_experiments/analysis_boston_linear_fowler_non_synchronized_layouting_dd_10-02-2026.json.gz
30,Linear Twine QFT,0.18420326072009585,ibm_boston,20,20,~/Nextcloud/Projects/IBM/qft_experiments/analysis_boston_linear_fowler_non_synchronized_layouting_dd_10-02-2026.json.gz
30,Linear Twine QFT,0.18647136403749054,ibm_boston,20,20,~/Nextcloud/Projects/IBM/qft_experiments/analysis_boston_linear_fowler_non_synchronized_layouting_dd_10-02-2026.json.gz
30,Linear Twine QFT,0.18460907211024047,ibm_boston,20,20,~/Nextcloud/Projects/IBM/qft_experiments/analysis_boston_linear_fowler_non_synchronized_layouting_dd_10-02-2026.json.gz
30,Linear Twine QFT,0.17996662140890066,ibm_boston,20,20,~/Nextcloud/Projects/IBM/qft_experiments/analysis_boston_linear_fowler_non_synchronized_layouting_dd_10-02-2026.json.gz
30,Linear Twine QFT,0.18393091677179998,ibm_boston,20,20,~/Nextcloud/Projects/IBM/qft_experiments/analysis_boston_linear_fowler_non_synchronized_layouting_dd_10-02-2026.json.gz
30,Linear Twine QFT,0.18277332965410464,ibm_boston,20,20,~/Nextcloud/Projects/IBM/qft_experiments/analysis_boston_linear_fowler_non_synchronized_layouting_dd_10-02-2026.json.gz
30,Linear Twine QFT,0.18196093888138504,ibm_boston,20,20,~/Nextcloud/Projects/IBM/qft_experiments/analysis_boston_linear_fowler_non_synchronized_layouting_dd_10-02-2026.json.gz
30,Linear Twine QFT,0.1860398643798187,ibm_boston,20,20,~/Nextcloud/Projects/IBM/qft_experiments/analysis_boston_linear_fowler_non_synchronized_layouting_dd_10-02-2026.json.gz
30,Linear Twine QFT,0.18565018072059378,ibm_boston,20,20,~/Nextcloud/Projects/IBM/qft_experiments/analysis_boston_linear_fowler_non_synchronized_layouting_dd_10-02-2026.json.gz
30,Linear Twine QFT,0.18370088764596698,ibm_boston,20,20,~/Nextcloud/Projects/IBM/qft_experiments/analysis_boston_linear_fowler_non_synchronized_layouting_dd_10-02-2026.json.gz
30,Linear Twine QFT,0.18120159519169243,ibm_boston,20,20,~/Nextcloud/Projects/IBM/qft_experiments/analysis_boston_linear_fowler_non_synchronized_layouting_dd_10-02-2026.json.gz
30,Linear Twine QFT,0.18363990274388542,ibm_boston,20,20,~/Nextcloud/Projects/IBM/qft_experiments/analysis_boston_linear_fowler_non_synchronized_layouting_dd_10-02-2026.json.gz
30,Linear Twine QFT,0.1874420437017791,ibm_boston,20,20,~/Nextcloud/Projects/IBM/qft_experiments/analysis_boston_linear_fowler_non_synchronized_layouting_dd_10-02-2026.json.gz
30,Linear Twine QFT,0.18411451236300042,ibm_boston,20,20,~/Nextcloud/Projects/IBM/qft_experiments/analysis_boston_linear_fowler_non_synchronized_layouting_dd_10-02-2026.json.gz
30,Linear Twine QFT,0.1839364965673112,ibm_boston,20,20,~/Nextcloud/Projects/IBM/qft_experiments/analysis_boston_linear_fowler_non_synchronized_layouting_dd_10-02-2026.json.gz
30,Linear Twine QFT,0.18489110073404846,ibm_boston,20,20,~/Nextcloud/Projects/IBM/qft_experiments/analysis_boston_linear_fowler_non_synchronized_layouting_dd_10-02-2026.json.gz
30,Linear Twine QFT,0.18733532357039234,ibm_boston,20,20,~/Nextcloud/Projects/IBM/qft_experiments/analysis_boston_linear_fowler_non_synchronized_layouting_dd_10-02-2026.json.gz
30,Linear Twine QFT,0.18370873802581333,ibm_boston,20,20,~/Nextcloud/Projects/IBM/qft_experiments/analysis_boston_linear_fowler_non_synchronized_layouting_dd_10-02-2026.json.gz
30,Linear Twine QFT,0.18298811348980973,ibm_boston,20,20,~/Nextcloud/Projects/IBM/qft_experiments/analysis_boston_linear_fowler_non_synchronized_layouting_dd_10-02-2026.json.gz
30,Linear Twine QFT,0.1833438447126397,ibm_boston,20,20,~/Nextcloud/Projects/IBM/qft_experiments/analysis_boston_linear_fowler_non_synchronized_layouting_dd_10-02-2026.json.gz
32,Linear Twine QFT,0.11853819674436022,ibm_boston,20,20,~/Nextcloud/Projects/IBM/qft_experiments/analysis_boston_linear_fowler_non_synchronized_layouting_dd_10-02-2026.json.gz
32,Linear Twine QFT,0.11892761841253496,ibm_boston,20,20,~/Nextcloud/Projects/IBM/qft_experiments/analysis_boston_linear_fowler_non_synchronized_layouting_dd_10-02-2026.json.gz
32,Linear Twine QFT,0.11842483887697906,ibm_boston,20,20,~/Nextcloud/Projects/IBM/qft_experiments/analysis_boston_linear_fowler_non_synchronized_layouting_dd_10-02-2026.json.gz
32,Linear Twine QFT,0.11935875009476547,ibm_boston,20,20,~/Nextcloud/Projects/IBM/qft_experiments/analysis_boston_linear_fowler_non_synchronized_layouting_dd_10-02-2026.json.gz
32,Linear Twine QFT,0.11744504300948605,ibm_boston,20,20,~/Nextcloud/Projects/IBM/qft_experiments/analysis_boston_linear_fowler_non_synchronized_layouting_dd_10-02-2026.json.gz
32,Linear Twine QFT,0.12218975313230677,ibm_boston,20,20,~/Nextcloud/Projects/IBM/qft_experiments/analysis_boston_linear_fowler_non_synchronized_layouting_dd_10-02-2026.json.gz
32,Linear Twine QFT,0.11711019066003722,ibm_boston,20,20,~/Nextcloud/Projects/IBM/qft_experiments/analysis_boston_linear_fowler_non_synchronized_layouting_dd_10-02-2026.json.gz
32,Linear Twine QFT,0.11567810860849818,ibm_boston,20,20,~/Nextcloud/Projects/IBM/qft_experiments/analysis_boston_linear_fowler_non_synchronized_layouting_dd_10-02-2026.json.gz
32,Linear Twine QFT,0.11829942838648018,ibm_boston,20,20,~/Nextcloud/Projects/IBM/qft_experiments/analysis_boston_linear_fowler_non_synchronized_layouting_dd_10-02-2026.json.gz
32,Linear Twine QFT,0.11777216805980914,ibm_boston,20,20,~/Nextcloud/Projects/IBM/qft_experiments/analysis_boston_linear_fowler_non_synchronized_layouting_dd_10-02-2026.json.gz
32,Linear Twine QFT,0.11684754576796473,ibm_boston,20,20,~/Nextcloud/Projects/IBM/qft_experiments/analysis_boston_linear_fowler_non_synchronized_layouting_dd_10-02-2026.json.gz
32,Linear Twine QFT,0.11888381474793806,ibm_boston,20,20,~/Nextcloud/Projects/IBM/qft_experiments/analysis_boston_linear_fowler_non_synchronized_layouting_dd_10-02-2026.json.gz
32,Linear Twine QFT,0.1191024493776678,ibm_boston,20,20,~/Nextcloud/Projects/IBM/qft_experiments/analysis_boston_linear_fowler_non_synchronized_layouting_dd_10-02-2026.json.gz
32,Linear Twine QFT,0.11639569766989294,ibm_boston,20,20,~/Nextcloud/Projects/IBM/qft_experiments/analysis_boston_linear_fowler_non_synchronized_layouting_dd_10-02-2026.json.gz
32,Linear Twine QFT,0.12462227018673933,ibm_boston,20,20,~/Nextcloud/Projects/IBM/qft_experiments/analysis_boston_linear_fowler_non_synchronized_layouting_dd_10-02-2026.json.gz
32,Linear Twine QFT,0.11628186365997399,ibm_boston,20,20,~/Nextcloud/Projects/IBM/qft_experiments/analysis_boston_linear_fowler_non_synchronized_layouting_dd_10-02-2026.json.gz
32,Linear Twine QFT,0.11865518898754622,ibm_boston,20,20,~/Nextcloud/Projects/IBM/qft_experiments/analysis_boston_linear_fowler_non_synchronized_layouting_dd_10-02-2026.json.gz
32,Linear Twine QFT,0.12067599291962704,ibm_boston,20,20,~/Nextcloud/Projects/IBM/qft_experiments/analysis_boston_linear_fowler_non_synchronized_layouting_dd_10-02-2026.json.gz
32,Linear Twine QFT,0.11706746985303469,ibm_boston,20,20,~/Nextcloud/Projects/IBM/qft_experiments/analysis_boston_linear_fowler_non_synchronized_layouting_dd_10-02-2026.json.gz
32,Linear Twine QFT,0.11956406424719182,ibm_boston,20,20,~/Nextcloud/Projects/IBM/qft_experiments/analysis_boston_linear_fowler_non_synchronized_layouting_dd_10-02-2026.json.gz
34,Linear Twine QFT,0.09377248145774104,ibm_boston,20,20,~/Nextcloud/Projects/IBM/qft_experiments/analysis_boston_linear_fowler_non_synchronized_layouting_dd_10-02-2026.json.gz
34,Linear Twine QFT,0.09377606740024005,ibm_boston,20,20,~/Nextcloud/Projects/IBM/qft_experiments/analysis_boston_linear_fowler_non_synchronized_layouting_dd_10-02-2026.json.gz
34,Linear Twine QFT,0.0974215341649647,ibm_boston,20,20,~/Nextcloud/Projects/IBM/qft_experiments/analysis_boston_linear_fowler_non_synchronized_layouting_dd_10-02-2026.json.gz
34,Linear Twine QFT,0.09714114374592626,ibm_boston,20,20,~/Nextcloud/Projects/IBM/qft_experiments/analysis_boston_linear_fowler_non_synchronized_layouting_dd_10-02-2026.json.gz
34,Linear Twine QFT,0.09636356053429171,ibm_boston,20,20,~/Nextcloud/Projects/IBM/qft_experiments/analysis_boston_linear_fowler_non_synchronized_layouting_dd_10-02-2026.json.gz
34,Linear Twine QFT,0.0946495551664806,ibm_boston,20,20,~/Nextcloud/Projects/IBM/qft_experiments/analysis_boston_linear_fowler_non_synchronized_layouting_dd_10-02-2026.json.gz
34,Linear Twine QFT,0.09579753036167724,ibm_boston,20,20,~/Nextcloud/Projects/IBM/qft_experiments/analysis_boston_linear_fowler_non_synchronized_layouting_dd_10-02-2026.json.gz
34,Linear Twine QFT,0.09961186123019018,ibm_boston,20,20,~/Nextcloud/Projects/IBM/qft_experiments/analysis_boston_linear_fowler_non_synchronized_layouting_dd_10-02-2026.json.gz
34,Linear Twine QFT,0.09689713384656048,ibm_boston,20,20,~/Nextcloud/Projects/IBM/qft_experiments/analysis_boston_linear_fowler_non_synchronized_layouting_dd_10-02-2026.json.gz
34,Linear Twine QFT,0.09878724309069178,ibm_boston,20,20,~/Nextcloud/Projects/IBM/qft_experiments/analysis_boston_linear_fowler_non_synchronized_layouting_dd_10-02-2026.json.gz
34,Linear Twine QFT,0.09575287205954067,ibm_boston,20,20,~/Nextcloud/Projects/IBM/qft_experiments/analysis_boston_linear_fowler_non_synchronized_layouting_dd_10-02-2026.json.gz
34,Linear Twine QFT,0.09446645888653168,ibm_boston,20,20,~/Nextcloud/Projects/IBM/qft_experiments/analysis_boston_linear_fowler_non_synchronized_layouting_dd_10-02-2026.json.gz
34,Linear Twine QFT,0.09934434038648954,ibm_boston,20,20,~/Nextcloud/Projects/IBM/qft_experiments/analysis_boston_linear_fowler_non_synchronized_layouting_dd_10-02-2026.json.gz
34,Linear Twine QFT,0.09784907352304675,ibm_boston,20,20,~/Nextcloud/Projects/IBM/qft_experiments/analysis_boston_linear_fowler_non_synchronized_layouting_dd_10-02-2026.json.gz
34,Linear Twine QFT,0.09754466486246419,ibm_boston,20,20,~/Nextcloud/Projects/IBM/qft_experiments/analysis_boston_linear_fowler_non_synchronized_layouting_dd_10-02-2026.json.gz
34,Linear Twine QFT,0.10039979551406086,ibm_boston,20,20,~/Nextcloud/Projects/IBM/qft_experiments/analysis_boston_linear_fowler_non_synchronized_layouting_dd_10-02-2026.json.gz
34,Linear Twine QFT,0.0995282817094191,ibm_boston,20,20,~/Nextcloud/Projects/IBM/qft_experiments/analysis_boston_linear_fowler_non_synchronized_layouting_dd_10-02-2026.json.gz
34,Linear Twine QFT,0.09906390157420643,ibm_boston,20,20,~/Nextcloud/Projects/IBM/qft_experiments/analysis_boston_linear_fowler_non_synchronized_layouting_dd_10-02-2026.json.gz
34,Linear Twine QFT,0.09989836578955966,ibm_boston,20,20,~/Nextcloud/Projects/IBM/qft_experiments/analysis_boston_linear_fowler_non_synchronized_layouting_dd_10-02-2026.json.gz
34,Linear Twine QFT,0.09909467886785005,ibm_boston,20,20,~/Nextcloud/Projects/IBM/qft_experiments/analysis_boston_linear_fowler_non_synchronized_layouting_dd_10-02-2026.json.gz
36,Linear Twine QFT,0.10230249493974479,ibm_boston,20,20,~/Nextcloud/Projects/IBM/qft_experiments/analysis_boston_linear_fowler_non_synchronized_layouting_dd_10-02-2026.json.gz
36,Linear Twine QFT,0.10200624337346292,ibm_boston,20,20,~/Nextcloud/Projects/IBM/qft_experiments/analysis_boston_linear_fowler_non_synchronized_layouting_dd_10-02-2026.json.gz
36,Linear Twine QFT,0.10280307483883695,ibm_boston,20,20,~/Nextcloud/Projects/IBM/qft_experiments/analysis_boston_linear_fowler_non_synchronized_layouting_dd_10-02-2026.json.gz
36,Linear Twine QFT,0.10268572577276262,ibm_boston,20,20,~/Nextcloud/Projects/IBM/qft_experiments/analysis_boston_linear_fowler_non_synchronized_layouting_dd_10-02-2026.json.gz
36,Linear Twine QFT,0.10221382228719518,ibm_boston,20,20,~/Nextcloud/Projects/IBM/qft_experiments/analysis_boston_linear_fowler_non_synchronized_layouting_dd_10-02-2026.json.gz
36,Linear Twine QFT,0.10353775976445807,ibm_boston,20,20,~/Nextcloud/Projects/IBM/qft_experiments/analysis_boston_linear_fowler_non_synchronized_layouting_dd_10-02-2026.json.gz
36,Linear Twine QFT,0.1000806455026807,ibm_boston,20,20,~/Nextcloud/Projects/IBM/qft_experiments/analysis_boston_linear_fowler_non_synchronized_layouting_dd_10-02-2026.json.gz
36,Linear Twine QFT,0.09990697764245107,ibm_boston,20,20,~/Nextcloud/Projects/IBM/qft_experiments/analysis_boston_linear_fowler_non_synchronized_layouting_dd_10-02-2026.json.gz
36,Linear Twine QFT,0.09795040116283232,ibm_boston,20,20,~/Nextcloud/Projects/IBM/qft_experiments/analysis_boston_linear_fowler_non_synchronized_layouting_dd_10-02-2026.json.gz
36,Linear Twine QFT,0.10259227496733042,ibm_boston,20,20,~/Nextcloud/Projects/IBM/qft_experiments/analysis_boston_linear_fowler_non_synchronized_layouting_dd_10-02-2026.json.gz
36,Linear Twine QFT,0.10234697030286317,ibm_boston,20,20,~/Nextcloud/Projects/IBM/qft_experiments/analysis_boston_linear_fowler_non_synchronized_layouting_dd_10-02-2026.json.gz
36,Linear Twine QFT,0.10176191690346341,ibm_boston,20,20,~/Nextcloud/Projects/IBM/qft_experiments/analysis_boston_linear_fowler_non_synchronized_layouting_dd_10-02-2026.json.gz
36,Linear Twine QFT,0.1014418341408336,ibm_boston,20,20,~/Nextcloud/Projects/IBM/qft_experiments/analysis_boston_linear_fowler_non_synchronized_layouting_dd_10-02-2026.json.gz
36,Linear Twine QFT,0.0992959672083922,ibm_boston,20,20,~/Nextcloud/Projects/IBM/qft_experiments/analysis_boston_linear_fowler_non_synchronized_layouting_dd_10-02-2026.json.gz
36,Linear Twine QFT,0.1007361454666049,ibm_boston,20,20,~/Nextcloud/Projects/IBM/qft_experiments/analysis_boston_linear_fowler_non_synchronized_layouting_dd_10-02-2026.json.gz
36,Linear Twine QFT,0.10039346013468156,ibm_boston,20,20,~/Nextcloud/Projects/IBM/qft_experiments/analysis_boston_linear_fowler_non_synchronized_layouting_dd_10-02-2026.json.gz
36,Linear Twine QFT,0.10077762920887691,ibm_boston,20,20,~/Nextcloud/Projects/IBM/qft_experiments/analysis_boston_linear_fowler_non_synchronized_layouting_dd_10-02-2026.json.gz
36,Linear Twine QFT,0.09973392087500162,ibm_boston,20,20,~/Nextcloud/Projects/IBM/qft_experiments/analysis_boston_linear_fowler_non_synchronized_layouting_dd_10-02-2026.json.gz
36,Linear Twine QFT,0.1013811983833609,ibm_boston,20,20,~/Nextcloud/Projects/IBM/qft_experiments/analysis_boston_linear_fowler_non_synchronized_layouting_dd_10-02-2026.json.gz
36,Linear Twine QFT,0.10056257935471742,ibm_boston,20,20,~/Nextcloud/Projects/IBM/qft_experiments/analysis_boston_linear_fowler_non_synchronized_layouting_dd_10-02-2026.json.gz
38,Linear Twine QFT,0.07843259818540195,ibm_boston,20,20,~/Nextcloud/Projects/IBM/qft_experiments/analysis_boston_linear_fowler_non_synchronized_layouting_dd_10-02-2026.json.gz
38,Linear Twine QFT,0.07938303629586028,ibm_boston,20,20,~/Nextcloud/Projects/IBM/qft_experiments/analysis_boston_linear_fowler_non_synchronized_layouting_dd_10-02-2026.json.gz
38,Linear Twine QFT,0.07968268742742962,ibm_boston,20,20,~/Nextcloud/Projects/IBM/qft_experiments/analysis_boston_linear_fowler_non_synchronized_layouting_dd_10-02-2026.json.gz
38,Linear Twine QFT,0.07629270098915257,ibm_boston,20,20,~/Nextcloud/Projects/IBM/qft_experiments/analysis_boston_linear_fowler_non_synchronized_layouting_dd_10-02-2026.json.gz
38,Linear Twine QFT,0.07901567533240547,ibm_boston,20,20,~/Nextcloud/Projects/IBM/qft_experiments/analysis_boston_linear_fowler_non_synchronized_layouting_dd_10-02-2026.json.gz
38,Linear Twine QFT,0.08046663241919788,ibm_boston,20,20,~/Nextcloud/Projects/IBM/qft_experiments/analysis_boston_linear_fowler_non_synchronized_layouting_dd_10-02-2026.json.gz
38,Linear Twine QFT,0.07909360595600741,ibm_boston,20,20,~/Nextcloud/Projects/IBM/qft_experiments/analysis_boston_linear_fowler_non_synchronized_layouting_dd_10-02-2026.json.gz
38,Linear Twine QFT,0.08098025805220907,ibm_boston,20,20,~/Nextcloud/Projects/IBM/qft_experiments/analysis_boston_linear_fowler_non_synchronized_layouting_dd_10-02-2026.json.gz
38,Linear Twine QFT,0.07773852533494482,ibm_boston,20,20,~/Nextcloud/Projects/IBM/qft_experiments/analysis_boston_linear_fowler_non_synchronized_layouting_dd_10-02-2026.json.gz
38,Linear Twine QFT,0.07979968557056127,ibm_boston,20,20,~/Nextcloud/Projects/IBM/qft_experiments/analysis_boston_linear_fowler_non_synchronized_layouting_dd_10-02-2026.json.gz
38,Linear Twine QFT,0.07895007105925647,ibm_boston,20,20,~/Nextcloud/Projects/IBM/qft_experiments/analysis_boston_linear_fowler_non_synchronized_layouting_dd_10-02-2026.json.gz
38,Linear Twine QFT,0.07842012301545105,ibm_boston,20,20,~/Nextcloud/Projects/IBM/qft_experiments/analysis_boston_linear_fowler_non_synchronized_layouting_dd_10-02-2026.json.gz
38,Linear Twine QFT,0.07686169842301435,ibm_boston,20,20,~/Nextcloud/Projects/IBM/qft_experiments/analysis_boston_linear_fowler_non_synchronized_layouting_dd_10-02-2026.json.gz
38,Linear Twine QFT,0.07650204741384553,ibm_boston,20,20,~/Nextcloud/Projects/IBM/qft_experiments/analysis_boston_linear_fowler_non_synchronized_layouting_dd_10-02-2026.json.gz
38,Linear Twine QFT,0.08199384091481869,ibm_boston,20,20,~/Nextcloud/Projects/IBM/qft_experiments/analysis_boston_linear_fowler_non_synchronized_layouting_dd_10-02-2026.json.gz
38,Linear Twine QFT,0.07725004009333745,ibm_boston,20,20,~/Nextcloud/Projects/IBM/qft_experiments/analysis_boston_linear_fowler_non_synchronized_layouting_dd_10-02-2026.json.gz
38,Linear Twine QFT,0.07685128440348714,ibm_boston,20,20,~/Nextcloud/Projects/IBM/qft_experiments/analysis_boston_linear_fowler_non_synchronized_layouting_dd_10-02-2026.json.gz
38,Linear Twine QFT,0.07805540819069202,ibm_boston,20,20,~/Nextcloud/Projects/IBM/qft_experiments/analysis_boston_linear_fowler_non_synchronized_layouting_dd_10-02-2026.json.gz
38,Linear Twine QFT,0.07873241700868884,ibm_boston,20,20,~/Nextcloud/Projects/IBM/qft_experiments/analysis_boston_linear_fowler_non_synchronized_layouting_dd_10-02-2026.json.gz
38,Linear Twine QFT,0.07683494896979794,ibm_boston,20,20,~/Nextcloud/Projects/IBM/qft_experiments/analysis_boston_linear_fowler_non_synchronized_layouting_dd_10-02-2026.json.gz
40,Linear Twine QFT,0.05509488645307886,ibm_boston,20,20,~/Nextcloud/Projects/IBM/qft_experiments/analysis_boston_linear_fowler_non_synchronized_layouting_dd_10-02-2026.json.gz
40,Linear Twine QFT,0.0571301376577886,ibm_boston,20,20,~/Nextcloud/Projects/IBM/qft_experiments/analysis_boston_linear_fowler_non_synchronized_layouting_dd_10-02-2026.json.gz
40,Linear Twine QFT,0.05578401510717462,ibm_boston,20,20,~/Nextcloud/Projects/IBM/qft_experiments/analysis_boston_linear_fowler_non_synchronized_layouting_dd_10-02-2026.json.gz
40,Linear Twine QFT,0.05524168803564502,ibm_boston,20,20,~/Nextcloud/Projects/IBM/qft_experiments/analysis_boston_linear_fowler_non_synchronized_layouting_dd_10-02-2026.json.gz
40,Linear Twine QFT,0.056877198957435614,ibm_boston,20,20,~/Nextcloud/Projects/IBM/qft_experiments/analysis_boston_linear_fowler_non_synchronized_layouting_dd_10-02-2026.json.gz
40,Linear Twine QFT,0.055405932771430896,ibm_boston,20,20,~/Nextcloud/Projects/IBM/qft_experiments/analysis_boston_linear_fowler_non_synchronized_layouting_dd_10-02-2026.json.gz
40,Linear Twine QFT,0.057532208105096155,ibm_boston,20,20,~/Nextcloud/Projects/IBM/qft_experiments/analysis_boston_linear_fowler_non_synchronized_layouting_dd_10-02-2026.json.gz
40,Linear Twine QFT,0.05450190927022474,ibm_boston,20,20,~/Nextcloud/Projects/IBM/qft_experiments/analysis_boston_linear_fowler_non_synchronized_layouting_dd_10-02-2026.json.gz
40,Linear Twine QFT,0.057354083138965124,ibm_boston,20,20,~/Nextcloud/Projects/IBM/qft_experiments/analysis_boston_linear_fowler_non_synchronized_layouting_dd_10-02-2026.json.gz
40,Linear Twine QFT,0.05655190024987897,ibm_boston,20,20,~/Nextcloud/Projects/IBM/qft_experiments/analysis_boston_linear_fowler_non_synchronized_layouting_dd_10-02-2026.json.gz
40,Linear Twine QFT,0.057165409635815734,ibm_boston,20,20,~/Nextcloud/Projects/IBM/qft_experiments/analysis_boston_linear_fowler_non_synchronized_layouting_dd_10-02-2026.json.gz
40,Linear Twine QFT,0.05726590866326907,ibm_boston,20,20,~/Nextcloud/Projects/IBM/qft_experiments/analysis_boston_linear_fowler_non_synchronized_layouting_dd_10-02-2026.json.gz
40,Linear Twine QFT,0.05414976488371664,ibm_boston,20,20,~/Nextcloud/Projects/IBM/qft_experiments/analysis_boston_linear_fowler_non_synchronized_layouting_dd_10-02-2026.json.gz
40,Linear Twine QFT,0.056894600744195875,ibm_boston,20,20,~/Nextcloud/Projects/IBM/qft_experiments/analysis_boston_linear_fowler_non_synchronized_layouting_dd_10-02-2026.json.gz
40,Linear Twine QFT,0.05431727649068606,ibm_boston,20,20,~/Nextcloud/Projects/IBM/qft_experiments/analysis_boston_linear_fowler_non_synchronized_layouting_dd_10-02-2026.json.gz
40,Linear Twine QFT,0.055751575858113724,ibm_boston,20,20,~/Nextcloud/Projects/IBM/qft_experiments/analysis_boston_linear_fowler_non_synchronized_layouting_dd_10-02-2026.json.gz
40,Linear Twine QFT,0.0550927259182697,ibm_boston,20,20,~/Nextcloud/Projects/IBM/qft_experiments/analysis_boston_linear_fowler_non_synchronized_layouting_dd_10-02-2026.json.gz
40,Linear Twine QFT,0.057364227257839455,ibm_boston,20,20,~/Nextcloud/Projects/IBM/qft_experiments/analysis_boston_linear_fowler_non_synchronized_layouting_dd_10-02-2026.json.gz
40,Linear Twine QFT,0.05538631269630112,ibm_boston,20,20,~/Nextcloud/Projects/IBM/qft_experiments/analysis_boston_linear_fowler_non_synchronized_layouting_dd_10-02-2026.json.gz
40,Linear Twine QFT,0.05482234411537541,ibm_boston,20,20,~/Nextcloud/Projects/IBM/qft_experiments/analysis_boston_linear_fowler_non_synchronized_layouting_dd_10-02-2026.json.gz
42,Linear Twine QFT,0.03988998902402071,ibm_boston,20,20,~/Nextcloud/Projects/IBM/qft_experiments/analysis_boston_linear_fowler_non_synchronized_layouting_dd_10-02-2026.json.gz
42,Linear Twine QFT,0.03994450260153278,ibm_boston,20,20,~/Nextcloud/Projects/IBM/qft_experiments/analysis_boston_linear_fowler_non_synchronized_layouting_dd_10-02-2026.json.gz
42,Linear Twine QFT,0.04226210469567729,ibm_boston,20,20,~/Nextcloud/Projects/IBM/qft_experiments/analysis_boston_linear_fowler_non_synchronized_layouting_dd_10-02-2026.json.gz
42,Linear Twine QFT,0.040840752213797016,ibm_boston,20,20,~/Nextcloud/Projects/IBM/qft_experiments/analysis_boston_linear_fowler_non_synchronized_layouting_dd_10-02-2026.json.gz
42,Linear Twine QFT,0.04071761534038797,ibm_boston,20,20,~/Nextcloud/Projects/IBM/qft_experiments/analysis_boston_linear_fowler_non_synchronized_layouting_dd_10-02-2026.json.gz
42,Linear Twine QFT,0.04047036103937229,ibm_boston,20,20,~/Nextcloud/Projects/IBM/qft_experiments/analysis_boston_linear_fowler_non_synchronized_layouting_dd_10-02-2026.json.gz
42,Linear Twine QFT,0.03980832311009531,ibm_boston,20,20,~/Nextcloud/Projects/IBM/qft_experiments/analysis_boston_linear_fowler_non_synchronized_layouting_dd_10-02-2026.json.gz
42,Linear Twine QFT,0.03883690655279412,ibm_boston,20,20,~/Nextcloud/Projects/IBM/qft_experiments/analysis_boston_linear_fowler_non_synchronized_layouting_dd_10-02-2026.json.gz
42,Linear Twine QFT,0.04166977224044467,ibm_boston,20,20,~/Nextcloud/Projects/IBM/qft_experiments/analysis_boston_linear_fowler_non_synchronized_layouting_dd_10-02-2026.json.gz
42,Linear Twine QFT,0.0419400547365448,ibm_boston,20,20,~/Nextcloud/Projects/IBM/qft_experiments/analysis_boston_linear_fowler_non_synchronized_layouting_dd_10-02-2026.json.gz
42,Linear Twine QFT,0.041312387809326334,ibm_boston,20,20,~/Nextcloud/Projects/IBM/qft_experiments/analysis_boston_linear_fowler_non_synchronized_layouting_dd_10-02-2026.json.gz
42,Linear Twine QFT,0.040319727105294835,ibm_boston,20,20,~/Nextcloud/Projects/IBM/qft_experiments/analysis_boston_linear_fowler_non_synchronized_layouting_dd_10-02-2026.json.gz
42,Linear Twine QFT,0.04055970438129925,ibm_boston,20,20,~/Nextcloud/Projects/IBM/qft_experiments/analysis_boston_linear_fowler_non_synchronized_layouting_dd_10-02-2026.json.gz
42,Linear Twine QFT,0.03997827266524934,ibm_boston,20,20,~/Nextcloud/Projects/IBM/qft_experiments/analysis_boston_linear_fowler_non_synchronized_layouting_dd_10-02-2026.json.gz
42,Linear Twine QFT,0.040930238947725885,ibm_boston,20,20,~/Nextcloud/Projects/IBM/qft_experiments/analysis_boston_linear_fowler_non_synchronized_layouting_dd_10-02-2026.json.gz
42,Linear Twine QFT,0.039734892557783764,ibm_boston,20,20,~/Nextcloud/Projects/IBM/qft_experiments/analysis_boston_linear_fowler_non_synchronized_layouting_dd_10-02-2026.json.gz
42,Linear Twine QFT,0.04063296335131571,ibm_boston,20,20,~/Nextcloud/Projects/IBM/qft_experiments/analysis_boston_linear_fowler_non_synchronized_layouting_dd_10-02-2026.json.gz
42,Linear Twine QFT,0.04405444658940426,ibm_boston,20,20,~/Nextcloud/Projects/IBM/qft_experiments/analysis_boston_linear_fowler_non_synchronized_layouting_dd_10-02-2026.json.gz
42,Linear Twine QFT,0.04253243207444591,ibm_boston,20,20,~/Nextcloud/Projects/IBM/qft_experiments/analysis_boston_linear_fowler_non_synchronized_layouting_dd_10-02-2026.json.gz
42,Linear Twine QFT,0.04143008927030934,ibm_boston,20,20,~/Nextcloud/Projects/IBM/qft_experiments/analysis_boston_linear_fowler_non_synchronized_layouting_dd_10-02-2026.json.gz
44,Linear Twine QFT,0.041510813092660734,ibm_boston,20,20,~/Nextcloud/Projects/IBM/qft_experiments/analysis_boston_linear_fowler_non_synchronized_layouting_dd_10-02-2026.json.gz
44,Linear Twine QFT,0.037995888908611566,ibm_boston,20,20,~/Nextcloud/Projects/IBM/qft_experiments/analysis_boston_linear_fowler_non_synchronized_layouting_dd_10-02-2026.json.gz
44,Linear Twine QFT,0.036922438044106075,ibm_boston,20,20,~/Nextcloud/Projects/IBM/qft_experiments/analysis_boston_linear_fowler_non_synchronized_layouting_dd_10-02-2026.json.gz
44,Linear Twine QFT,0.03756339122306547,ibm_boston,20,20,~/Nextcloud/Projects/IBM/qft_experiments/analysis_boston_linear_fowler_non_synchronized_layouting_dd_10-02-2026.json.gz
44,Linear Twine QFT,0.037376788750723394,ibm_boston,20,20,~/Nextcloud/Projects/IBM/qft_experiments/analysis_boston_linear_fowler_non_synchronized_layouting_dd_10-02-2026.json.gz
44,Linear Twine QFT,0.03663753862244916,ibm_boston,20,20,~/Nextcloud/Projects/IBM/qft_experiments/analysis_boston_linear_fowler_non_synchronized_layouting_dd_10-02-2026.json.gz
44,Linear Twine QFT,0.03920991515654516,ibm_boston,20,20,~/Nextcloud/Projects/IBM/qft_experiments/analysis_boston_linear_fowler_non_synchronized_layouting_dd_10-02-2026.json.gz
44,Linear Twine QFT,0.03826095515371727,ibm_boston,20,20,~/Nextcloud/Projects/IBM/qft_experiments/analysis_boston_linear_fowler_non_synchronized_layouting_dd_10-02-2026.json.gz
44,Linear Twine QFT,0.03844183918536894,ibm_boston,20,20,~/Nextcloud/Projects/IBM/qft_experiments/analysis_boston_linear_fowler_non_synchronized_layouting_dd_10-02-2026.json.gz
44,Linear Twine QFT,0.03754053615417234,ibm_boston,20,20,~/Nextcloud/Projects/IBM/qft_experiments/analysis_boston_linear_fowler_non_synchronized_layouting_dd_10-02-2026.json.gz
44,Linear Twine QFT,0.03974315677274017,ibm_boston,20,20,~/Nextcloud/Projects/IBM/qft_experiments/analysis_boston_linear_fowler_non_synchronized_layouting_dd_10-02-2026.json.gz
44,Linear Twine QFT,0.03857046867315983,ibm_boston,20,20,~/Nextcloud/Projects/IBM/qft_experiments/analysis_boston_linear_fowler_non_synchronized_layouting_dd_10-02-2026.json.gz
44,Linear Twine QFT,0.0396396164984403,ibm_boston,20,20,~/Nextcloud/Projects/IBM/qft_experiments/analysis_boston_linear_fowler_non_synchronized_layouting_dd_10-02-2026.json.gz
44,Linear Twine QFT,0.03867902037405091,ibm_boston,20,20,~/Nextcloud/Projects/IBM/qft_experiments/analysis_boston_linear_fowler_non_synchronized_layouting_dd_10-02-2026.json.gz
44,Linear Twine QFT,0.03728086366643852,ibm_boston,20,20,~/Nextcloud/Projects/IBM/qft_experiments/analysis_boston_linear_fowler_non_synchronized_layouting_dd_10-02-2026.json.gz
44,Linear Twine QFT,0.03881344387745058,ibm_boston,20,20,~/Nextcloud/Projects/IBM/qft_experiments/analysis_boston_linear_fowler_non_synchronized_layouting_dd_10-02-2026.json.gz
44,Linear Twine QFT,0.03871176801182118,ibm_boston,20,20,~/Nextcloud/Projects/IBM/qft_experiments/analysis_boston_linear_fowler_non_synchronized_layouting_dd_10-02-2026.json.gz
44,Linear Twine QFT,0.03726452458255885,ibm_boston,20,20,~/Nextcloud/Projects/IBM/qft_experiments/analysis_boston_linear_fowler_non_synchronized_layouting_dd_10-02-2026.json.gz
44,Linear Twine QFT,0.03813940743183494,ibm_boston,20,20,~/Nextcloud/Projects/IBM/qft_experiments/analysis_boston_linear_fowler_non_synchronized_layouting_dd_10-02-2026.json.gz
44,Linear Twine QFT,0.03861074633188798,ibm_boston,20,20,~/Nextcloud/Projects/IBM/qft_experiments/analysis_boston_linear_fowler_non_synchronized_layouting_dd_10-02-2026.json.gz
46,Linear Twine QFT,0.023391033885768332,ibm_boston,20,20,~/Nextcloud/Projects/IBM/qft_experiments/analysis_boston_linear_fowler_non_synchronized_layouting_dd_10-02-2026.json.gz
46,Linear Twine QFT,0.024822097396581855,ibm_boston,20,20,~/Nextcloud/Projects/IBM/qft_experiments/analysis_boston_linear_fowler_non_synchronized_layouting_dd_10-02-2026.json.gz
46,Linear Twine QFT,0.023757755294578596,ibm_boston,20,20,~/Nextcloud/Projects/IBM/qft_experiments/analysis_boston_linear_fowler_non_synchronized_layouting_dd_10-02-2026.json.gz
46,Linear Twine QFT,0.024176187450208077,ibm_boston,20,20,~/Nextcloud/Projects/IBM/qft_experiments/analysis_boston_linear_fowler_non_synchronized_layouting_dd_10-02-2026.json.gz
46,Linear Twine QFT,0.024955688170918873,ibm_boston,20,20,~/Nextcloud/Projects/IBM/qft_experiments/analysis_boston_linear_fowler_non_synchronized_layouting_dd_10-02-2026.json.gz
46,Linear Twine QFT,0.022898602095219725,ibm_boston,20,20,~/Nextcloud/Projects/IBM/qft_experiments/analysis_boston_linear_fowler_non_synchronized_layouting_dd_10-02-2026.json.gz
46,Linear Twine QFT,0.023701510683481662,ibm_boston,20,20,~/Nextcloud/Projects/IBM/qft_experiments/analysis_boston_linear_fowler_non_synchronized_layouting_dd_10-02-2026.json.gz
46,Linear Twine QFT,0.024646344028965473,ibm_boston,20,20,~/Nextcloud/Projects/IBM/qft_experiments/analysis_boston_linear_fowler_non_synchronized_layouting_dd_10-02-2026.json.gz
46,Linear Twine QFT,0.023694041435267786,ibm_boston,20,20,~/Nextcloud/Projects/IBM/qft_experiments/analysis_boston_linear_fowler_non_synchronized_layouting_dd_10-02-2026.json.gz
46,Linear Twine QFT,0.02280897067048207,ibm_boston,20,20,~/Nextcloud/Projects/IBM/qft_experiments/analysis_boston_linear_fowler_non_synchronized_layouting_dd_10-02-2026.json.gz
46,Linear Twine QFT,0.023264607193888672,ibm_boston,20,20,~/Nextcloud/Projects/IBM/qft_experiments/analysis_boston_linear_fowler_non_synchronized_layouting_dd_10-02-2026.json.gz
46,Linear Twine QFT,0.023765070599359464,ibm_boston,20,20,~/Nextcloud/Projects/IBM/qft_experiments/analysis_boston_linear_fowler_non_synchronized_layouting_dd_10-02-2026.json.gz
46,Linear Twine QFT,0.02378661530001441,ibm_boston,20,20,~/Nextcloud/Projects/IBM/qft_experiments/analysis_boston_linear_fowler_non_synchronized_layouting_dd_10-02-2026.json.gz
46,Linear Twine QFT,0.022947116431728254,ibm_boston,20,20,~/Nextcloud/Projects/IBM/qft_experiments/analysis_boston_linear_fowler_non_synchronized_layouting_dd_10-02-2026.json.gz
46,Linear Twine QFT,0.023444349059507093,ibm_boston,20,20,~/Nextcloud/Projects/IBM/qft_experiments/analysis_boston_linear_fowler_non_synchronized_layouting_dd_10-02-2026.json.gz
46,Linear Twine QFT,0.02475296784248304,ibm_boston,20,20,~/Nextcloud/Projects/IBM/qft_experiments/analysis_boston_linear_fowler_non_synchronized_layouting_dd_10-02-2026.json.gz
46,Linear Twine QFT,0.02407442059666674,ibm_boston,20,20,~/Nextcloud/Projects/IBM/qft_experiments/analysis_boston_linear_fowler_non_synchronized_layouting_dd_10-02-2026.json.gz
46,Linear Twine QFT,0.02305836207267587,ibm_boston,20,20,~/Nextcloud/Projects/IBM/qft_experiments/analysis_boston_linear_fowler_non_synchronized_layouting_dd_10-02-2026.json.gz
46,Linear Twine QFT,0.023373942446285448,ibm_boston,20,20,~/Nextcloud/Projects/IBM/qft_experiments/analysis_boston_linear_fowler_non_synchronized_layouting_dd_10-02-2026.json.gz
46,Linear Twine QFT,0.0224537699993357,ibm_boston,20,20,~/Nextcloud/Projects/IBM/qft_experiments/analysis_boston_linear_fowler_non_synchronized_layouting_dd_10-02-2026.json.gz
48,Linear Twine QFT,0.019101519601904225,ibm_boston,20,20,~/Nextcloud/Projects/IBM/qft_experiments/analysis_boston_linear_fowler_non_synchronized_layouting_dd_10-02-2026.json.gz
48,Linear Twine QFT,0.018128403609248306,ibm_boston,20,20,~/Nextcloud/Projects/IBM/qft_experiments/analysis_boston_linear_fowler_non_synchronized_layouting_dd_10-02-2026.json.gz
48,Linear Twine QFT,0.017051733167614862,ibm_boston,20,20,~/Nextcloud/Projects/IBM/qft_experiments/analysis_boston_linear_fowler_non_synchronized_layouting_dd_10-02-2026.json.gz
48,Linear Twine QFT,0.018919780797115003,ibm_boston,20,20,~/Nextcloud/Projects/IBM/qft_experiments/analysis_boston_linear_fowler_non_synchronized_layouting_dd_10-02-2026.json.gz
48,Linear Twine QFT,0.020467827639212958,ibm_boston,20,20,~/Nextcloud/Projects/IBM/qft_experiments/analysis_boston_linear_fowler_non_synchronized_layouting_dd_10-02-2026.json.gz
48,Linear Twine QFT,0.01878552632343391,ibm_boston,20,20,~/Nextcloud/Projects/IBM/qft_experiments/analysis_boston_linear_fowler_non_synchronized_layouting_dd_10-02-2026.json.gz
48,Linear Twine QFT,0.018097321153714072,ibm_boston,20,20,~/Nextcloud/Projects/IBM/qft_experiments/analysis_boston_linear_fowler_non_synchronized_layouting_dd_10-02-2026.json.gz
48,Linear Twine QFT,0.01882882088201435,ibm_boston,20,20,~/Nextcloud/Projects/IBM/qft_experiments/analysis_boston_linear_fowler_non_synchronized_layouting_dd_10-02-2026.json.gz
48,Linear Twine QFT,0.01791228305571737,ibm_boston,20,20,~/Nextcloud/Projects/IBM/qft_experiments/analysis_boston_linear_fowler_non_synchronized_layouting_dd_10-02-2026.json.gz
48,Linear Twine QFT,0.01892615030712236,ibm_boston,20,20,~/Nextcloud/Projects/IBM/qft_experiments/analysis_boston_linear_fowler_non_synchronized_layouting_dd_10-02-2026.json.gz
48,Linear Twine QFT,0.0192418646459184,ibm_boston,20,20,~/Nextcloud/Projects/IBM/qft_experiments/analysis_boston_linear_fowler_non_synchronized_layouting_dd_10-02-2026.json.gz
48,Linear Twine QFT,0.019408161095845023,ibm_boston,20,20,~/Nextcloud/Projects/IBM/qft_experiments/analysis_boston_linear_fowler_non_synchronized_layouting_dd_10-02-2026.json.gz
48,Linear Twine QFT,0.018018126282475844,ibm_boston,20,20,~/Nextcloud/Projects/IBM/qft_experiments/analysis_boston_linear_fowler_non_synchronized_layouting_dd_10-02-2026.json.gz
48,Linear Twine QFT,0.020098934184294186,ibm_boston,20,20,~/Nextcloud/Projects/IBM/qft_experiments/analysis_boston_linear_fowler_non_synchronized_layouting_dd_10-02-2026.json.gz
48,Linear Twine QFT,0.018848653157759084,ibm_boston,20,20,~/Nextcloud/Projects/IBM/qft_experiments/analysis_boston_linear_fowler_non_synchronized_layouting_dd_10-02-2026.json.gz
48,Linear Twine QFT,0.019788511133955203,ibm_boston,20,20,~/Nextcloud/Projects/IBM/qft_experiments/analysis_boston_linear_fowler_non_synchronized_layouting_dd_10-02-2026.json.gz
48,Linear Twine QFT,0.01901730549314192,ibm_boston,20,20,~/Nextcloud/Projects/IBM/qft_experiments/analysis_boston_linear_fowler_non_synchronized_layouting_dd_10-02-2026.json.gz
48,Linear Twine QFT,0.01796205419924906,ibm_boston,20,20,~/Nextcloud/Projects/IBM/qft_experiments/analysis_boston_linear_fowler_non_synchronized_layouting_dd_10-02-2026.json.gz
48,Linear Twine QFT,0.018463470763605175,ibm_boston,20,20,~/Nextcloud/Projects/IBM/qft_experiments/analysis_boston_linear_fowler_non_synchronized_layouting_dd_10-02-2026.json.gz
48,Linear Twine QFT,0.018987391559786657,ibm_boston,20,20,~/Nextcloud/Projects/IBM/qft_experiments/analysis_boston_linear_fowler_non_synchronized_layouting_dd_10-02-2026.json.gz
50,Linear Twine QFT,0.012667511658577251,ibm_boston,20,20,~/Nextcloud/Projects/IBM/qft_experiments/analysis_boston_linear_fowler_non_synchronized_layouting_dd_10-02-2026.json.gz
50,Linear Twine QFT,0.013377364205702782,ibm_boston,20,20,~/Nextcloud/Projects/IBM/qft_experiments/analysis_boston_linear_fowler_non_synchronized_layouting_dd_10-02-2026.json.gz
50,Linear Twine QFT,0.011659772590646432,ibm_boston,20,20,~/Nextcloud/Projects/IBM/qft_experiments/analysis_boston_linear_fowler_non_synchronized_layouting_dd_10-02-2026.json.gz
50,Linear Twine QFT,0.012336886177999275,ibm_boston,20,20,~/Nextcloud/Projects/IBM/qft_experiments/analysis_boston_linear_fowler_non_synchronized_layouting_dd_10-02-2026.json.gz
50,Linear Twine QFT,0.014597987573372318,ibm_boston,20,20,~/Nextcloud/Projects/IBM/qft_experiments/analysis_boston_linear_fowler_non_synchronized_layouting_dd_10-02-2026.json.gz
50,Linear Twine QFT,0.010433851706461847,ibm_boston,20,20,~/Nextcloud/Projects/IBM/qft_experiments/analysis_boston_linear_fowler_non_synchronized_layouting_dd_10-02-2026.json.gz
50,Linear Twine QFT,0.013358026553916146,ibm_boston,20,20,~/Nextcloud/Projects/IBM/qft_experiments/analysis_boston_linear_fowler_non_synchronized_layouting_dd_10-02-2026.json.gz
50,Linear Twine QFT,0.012472803197776784,ibm_boston,20,20,~/Nextcloud/Projects/IBM/qft_experiments/analysis_boston_linear_fowler_non_synchronized_layouting_dd_10-02-2026.json.gz
50,Linear Twine QFT,0.013538934199610804,ibm_boston,20,20,~/Nextcloud/Projects/IBM/qft_experiments/analysis_boston_linear_fowler_non_synchronized_layouting_dd_10-02-2026.json.gz
50,Linear Twine QFT,0.014208035900887473,ibm_boston,20,20,~/Nextcloud/Projects/IBM/qft_experiments/analysis_boston_linear_fowler_non_synchronized_layouting_dd_10-02-2026.json.gz
50,Linear Twine QFT,0.014313516025419434,ibm_boston,20,20,~/Nextcloud/Projects/IBM/qft_experiments/analysis_boston_linear_fowler_non_synchronized_layouting_dd_10-02-2026.json.gz
50,Linear Twine QFT,0.012048798402288445,ibm_boston,20,20,~/Nextcloud/Projects/IBM/qft_experiments/analysis_boston_linear_fowler_non_synchronized_layouting_dd_10-02-2026.json.gz
50,Linear Twine QFT,0.012582832291787744,ibm_boston,20,20,~/Nextcloud/Projects/IBM/qft_experiments/analysis_boston_linear_fowler_non_synchronized_layouting_dd_10-02-2026.json.gz
50,Linear Twine QFT,0.01217801697698202,ibm_boston,20,20,~/Nextcloud/Projects/IBM/qft_experiments/analysis_boston_linear_fowler_non_synchronized_layouting_dd_10-02-2026.json.gz
50,Linear Twine QFT,0.013059208935255237,ibm_boston,20,20,~/Nextcloud/Projects/IBM/qft_experiments/analysis_boston_linear_fowler_non_synchronized_layouting_dd_10-02-2026.json.gz
50,Linear Twine QFT,0.0131639498833038,ibm_boston,20,20,~/Nextcloud/Projects/IBM/qft_experiments/analysis_boston_linear_fowler_non_synchronized_layouting_dd_10-02-2026.json.gz
50,Linear Twine QFT,0.01343466850575299,ibm_boston,20,20,~/Nextcloud/Projects/IBM/qft_experiments/analysis_boston_linear_fowler_non_synchronized_layouting_dd_10-02-2026.json.gz
50,Linear Twine QFT,0.013979906729421673,ibm_boston,20,20,~/Nextcloud/Projects/IBM/qft_experiments/analysis_boston_linear_fowler_non_synchronized_layouting_dd_10-02-2026.json.gz
50,Linear Twine QFT,0.013254168108765502,ibm_boston,20,20,~/Nextcloud/Projects/IBM/qft_experiments/analysis_boston_linear_fowler_non_synchronized_layouting_dd_10-02-2026.json.gz
50,Linear Twine QFT,0.012212566332403408,ibm_boston,20,20,~/Nextcloud/Projects/IBM/qft_experiments/analysis_boston_linear_fowler_non_synchronized_layouting_dd_10-02-2026.json.gz
52,Linear Twine QFT,0.009461499428213857,ibm_boston,20,20,~/Nextcloud/Projects/IBM/qft_experiments/analysis_boston_linear_fowler_non_synchronized_layouting_dd_10-02-2026.json.gz
52,Linear Twine QFT,0.00774426521467608,ibm_boston,20,20,~/Nextcloud/Projects/IBM/qft_experiments/analysis_boston_linear_fowler_non_synchronized_layouting_dd_10-02-2026.json.gz
52,Linear Twine QFT,0.007819061007205691,ibm_boston,20,20,~/Nextcloud/Projects/IBM/qft_experiments/analysis_boston_linear_fowler_non_synchronized_layouting_dd_10-02-2026.json.gz
52,Linear Twine QFT,0.007569773175160556,ibm_boston,20,20,~/Nextcloud/Projects/IBM/qft_experiments/analysis_boston_linear_fowler_non_synchronized_layouting_dd_10-02-2026.json.gz
52,Linear Twine QFT,0.00742021688587601,ibm_boston,20,20,~/Nextcloud/Projects/IBM/qft_experiments/analysis_boston_linear_fowler_non_synchronized_layouting_dd_10-02-2026.json.gz
52,Linear Twine QFT,0.009030457355120211,ibm_boston,20,20,~/Nextcloud/Projects/IBM/qft_experiments/analysis_boston_linear_fowler_non_synchronized_layouting_dd_10-02-2026.json.gz
52,Linear Twine QFT,0.0075797433998762865,ibm_boston,20,20,~/Nextcloud/Projects/IBM/qft_experiments/analysis_boston_linear_fowler_non_synchronized_layouting_dd_10-02-2026.json.gz
52,Linear Twine QFT,0.008220659642643175,ibm_boston,20,20,~/Nextcloud/Projects/IBM/qft_experiments/analysis_boston_linear_fowler_non_synchronized_layouting_dd_10-02-2026.json.gz
52,Linear Twine QFT,0.008625681102758066,ibm_boston,20,20,~/Nextcloud/Projects/IBM/qft_experiments/analysis_boston_linear_fowler_non_synchronized_layouting_dd_10-02-2026.json.gz
52,Linear Twine QFT,0.008962643278866535,ibm_boston,20,20,~/Nextcloud/Projects/IBM/qft_experiments/analysis_boston_linear_fowler_non_synchronized_layouting_dd_10-02-2026.json.gz
52,Linear Twine QFT,0.0077459454910090595,ibm_boston,20,20,~/Nextcloud/Projects/IBM/qft_experiments/analysis_boston_linear_fowler_non_synchronized_layouting_dd_10-02-2026.json.gz
52,Linear Twine QFT,0.008468633055627544,ibm_boston,20,20,~/Nextcloud/Projects/IBM/qft_experiments/analysis_boston_linear_fowler_non_synchronized_layouting_dd_10-02-2026.json.gz
52,Linear Twine QFT,0.009284802082954905,ibm_boston,20,20,~/Nextcloud/Projects/IBM/qft_experiments/analysis_boston_linear_fowler_non_synchronized_layouting_dd_10-02-2026.json.gz
52,Linear Twine QFT,0.007669986436743467,ibm_boston,20,20,~/Nextcloud/Projects/IBM/qft_experiments/analysis_boston_linear_fowler_non_synchronized_layouting_dd_10-02-2026.json.gz
52,Linear Twine QFT,0.008438605960992732,ibm_boston,20,20,~/Nextcloud/Projects/IBM/qft_experiments/analysis_boston_linear_fowler_non_synchronized_layouting_dd_10-02-2026.json.gz
52,Linear Twine QFT,0.0089765511798546,ibm_boston,20,20,~/Nextcloud/Projects/IBM/qft_experiments/analysis_boston_linear_fowler_non_synchronized_layouting_dd_10-02-2026.json.gz
52,Linear Twine QFT,0.008343438680399693,ibm_boston,20,20,~/Nextcloud/Projects/IBM/qft_experiments/analysis_boston_linear_fowler_non_synchronized_layouting_dd_10-02-2026.json.gz
52,Linear Twine QFT,0.008359386844512623,ibm_boston,20,20,~/Nextcloud/Projects/IBM/qft_experiments/analysis_boston_linear_fowler_non_synchronized_layouting_dd_10-02-2026.json.gz
52,Linear Twine QFT,0.007675513370320211,ibm_boston,20,20,~/Nextcloud/Projects/IBM/qft_experiments/analysis_boston_linear_fowler_non_synchronized_layouting_dd_10-02-2026.json.gz
52,Linear Twine QFT,0.008704104884478715,ibm_boston,20,20,~/Nextcloud/Projects/IBM/qft_experiments/analysis_boston_linear_fowler_non_synchronized_layouting_dd_10-02-2026.json.gz
54,Linear Twine QFT,0.00280564581325011,ibm_boston,20,20,~/Nextcloud/Projects/IBM/qft_experiments/analysis_boston_linear_fowler_non_synchronized_layouting_dd_10-02-2026.json.gz
54,Linear Twine QFT,0.002961888515338167,ibm_boston,20,20,~/Nextcloud/Projects/IBM/qft_experiments/analysis_boston_linear_fowler_non_synchronized_layouting_dd_10-02-2026.json.gz
54,Linear Twine QFT,0.002830246965780099,ibm_boston,20,20,~/Nextcloud/Projects/IBM/qft_experiments/analysis_boston_linear_fowler_non_synchronized_layouting_dd_10-02-2026.json.gz
54,Linear Twine QFT,0.0024288762651142053,ibm_boston,20,20,~/Nextcloud/Projects/IBM/qft_experiments/analysis_boston_linear_fowler_non_synchronized_layouting_dd_10-02-2026.json.gz
54,Linear Twine QFT,0.0024846357482598124,ibm_boston,20,20,~/Nextcloud/Projects/IBM/qft_experiments/analysis_boston_linear_fowler_non_synchronized_layouting_dd_10-02-2026.json.gz
54,Linear Twine QFT,0.0025167489879653338,ibm_boston,20,20,~/Nextcloud/Projects/IBM/qft_experiments/analysis_boston_linear_fowler_non_synchronized_layouting_dd_10-02-2026.json.gz
54,Linear Twine QFT,0.00312067815749985,ibm_boston,20,20,~/Nextcloud/Projects/IBM/qft_experiments/analysis_boston_linear_fowler_non_synchronized_layouting_dd_10-02-2026.json.gz
54,Linear Twine QFT,0.0033804876756974964,ibm_boston,20,20,~/Nextcloud/Projects/IBM/qft_experiments/analysis_boston_linear_fowler_non_synchronized_layouting_dd_10-02-2026.json.gz
54,Linear Twine QFT,0.002728306551371696,ibm_boston,20,20,~/Nextcloud/Projects/IBM/qft_experiments/analysis_boston_linear_fowler_non_synchronized_layouting_dd_10-02-2026.json.gz
54,Linear Twine QFT,0.0030324112382645926,ibm_boston,20,20,~/Nextcloud/Projects/IBM/qft_experiments/analysis_boston_linear_fowler_non_synchronized_layouting_dd_10-02-2026.json.gz
54,Linear Twine QFT,0.002379421598836524,ibm_boston,20,20,~/Nextcloud/Projects/IBM/qft_experiments/analysis_boston_linear_fowler_non_synchronized_layouting_dd_10-02-2026.json.gz
54,Linear Twine QFT,0.0032265058884477457,ibm_boston,20,20,~/Nextcloud/Projects/IBM/qft_experiments/analysis_boston_linear_fowler_non_synchronized_layouting_dd_10-02-2026.json.gz
54,Linear Twine QFT,0.0027054480872569448,ibm_boston,20,20,~/Nextcloud/Projects/IBM/qft_experiments/analysis_boston_linear_fowler_non_synchronized_layouting_dd_10-02-2026.json.gz
54,Linear Twine QFT,0.0030332314030158073,ibm_boston,20,20,~/Nextcloud/Projects/IBM/qft_experiments/analysis_boston_linear_fowler_non_synchronized_layouting_dd_10-02-2026.json.gz
54,Linear Twine QFT,0.002666513932412055,ibm_boston,20,20,~/Nextcloud/Projects/IBM/qft_experiments/analysis_boston_linear_fowler_non_synchronized_layouting_dd_10-02-2026.json.gz
54,Linear Twine QFT,0.0028246516045914967,ibm_boston,20,20,~/Nextcloud/Projects/IBM/qft_experiments/analysis_boston_linear_fowler_non_synchronized_layouting_dd_10-02-2026.json.gz
54,Linear Twine QFT,0.003180188643695418,ibm_boston,20,20,~/Nextcloud/Projects/IBM/qft_experiments/analysis_boston_linear_fowler_non_synchronized_layouting_dd_10-02-2026.json.gz
54,Linear Twine QFT,0.0020082148957397956,ibm_boston,20,20,~/Nextcloud/Projects/IBM/qft_experiments/analysis_boston_linear_fowler_non_synchronized_layouting_dd_10-02-2026.json.gz
54,Linear Twine QFT,0.0021170923897270693,ibm_boston,20,20,~/Nextcloud/Projects/IBM/qft_experiments/analysis_boston_linear_fowler_non_synchronized_layouting_dd_10-02-2026.json.gz
54,Linear Twine QFT,0.002982011593523168,ibm_boston,20,20,~/Nextcloud/Projects/IBM/qft_experiments/analysis_boston_linear_fowler_non_synchronized_layouting_dd_10-02-2026.json.gz
56,Linear Twine QFT,0.0002752205434299593,ibm_boston,20,20,~/Nextcloud/Projects/IBM/qft_experiments/analysis_boston_linear_fowler_non_synchronized_layouting_dd_10-02-2026.json.gz
56,Linear Twine QFT,0.00011504440475498832,ibm_boston,20,20,~/Nextcloud/Projects/IBM/qft_experiments/analysis_boston_linear_fowler_non_synchronized_layouting_dd_10-02-2026.json.gz
56,Linear Twine QFT,0.0005213002374857954,ibm_boston,20,20,~/Nextcloud/Projects/IBM/qft_experiments/analysis_boston_linear_fowler_non_synchronized_layouting_dd_10-02-2026.json.gz
56,Linear Twine QFT,5.0850422955362346e-05,ibm_boston,20,20,~/Nextcloud/Projects/IBM/qft_experiments/analysis_boston_linear_fowler_non_synchronized_layouting_dd_10-02-2026.json.gz
56,Linear Twine QFT,0.0001863142714377602,ibm_boston,20,20,~/Nextcloud/Projects/IBM/qft_experiments/analysis_boston_linear_fowler_non_synchronized_layouting_dd_10-02-2026.json.gz
56,Linear Twine QFT,0.00013109780358807946,ibm_boston,20,20,~/Nextcloud/Projects/IBM/qft_experiments/analysis_boston_linear_fowler_non_synchronized_layouting_dd_10-02-2026.json.gz
56,Linear Twine QFT,0.00011302598518701629,ibm_boston,20,20,~/Nextcloud/Projects/IBM/qft_experiments/analysis_boston_linear_fowler_non_synchronized_layouting_dd_10-02-2026.json.gz
56,Linear Twine QFT,0.0006157518208859259,ibm_boston,20,20,~/Nextcloud/Projects/IBM/qft_experiments/analysis_boston_linear_fowler_non_synchronized_layouting_dd_10-02-2026.json.gz
56,Linear Twine QFT,0.00014741680217571226,ibm_boston,20,20,~/Nextcloud/Projects/IBM/qft_experiments/analysis_boston_linear_fowler_non_synchronized_layouting_dd_10-02-2026.json.gz
56,Linear Twine QFT,0.0001923681322573583,ibm_boston,20,20,~/Nextcloud/Projects/IBM/qft_experiments/analysis_boston_linear_fowler_non_synchronized_layouting_dd_10-02-2026.json.gz
56,Linear Twine QFT,0.0005972308317698788,ibm_boston,20,20,~/Nextcloud/Projects/IBM/qft_experiments/analysis_boston_linear_fowler_non_synchronized_layouting_dd_10-02-2026.json.gz
56,Linear Twine QFT,0.00025095250222122796,ibm_boston,20,20,~/Nextcloud/Projects/IBM/qft_experiments/analysis_boston_linear_fowler_non_synchronized_layouting_dd_10-02-2026.json.gz
56,Linear Twine QFT,0.00011248973039895974,ibm_boston,20,20,~/Nextcloud/Projects/IBM/qft_experiments/analysis_boston_linear_fowler_non_synchronized_layouting_dd_10-02-2026.json.gz
56,Linear Twine QFT,0.0004812699016720005,ibm_boston,20,20,~/Nextcloud/Projects/IBM/qft_experiments/analysis_boston_linear_fowler_non_synchronized_layouting_dd_10-02-2026.json.gz
56,Linear Twine QFT,0.0001561670929762157,ibm_boston,20,20,~/Nextcloud/Projects/IBM/qft_experiments/analysis_boston_linear_fowler_non_synchronized_layouting_dd_10-02-2026.json.gz
56,Linear Twine QFT,0.0003509948846693107,ibm_boston,20,20,~/Nextcloud/Projects/IBM/qft_experiments/analysis_boston_linear_fowler_non_synchronized_layouting_dd_10-02-2026.json.gz
56,Linear Twine QFT,0.0006391045519256728,ibm_boston,20,20,~/Nextcloud/Projects/IBM/qft_experiments/analysis_boston_linear_fowler_non_synchronized_layouting_dd_10-02-2026.json.gz
56,Linear Twine QFT,0.00014706900748509032,ibm_boston,20,20,~/Nextcloud/Projects/IBM/qft_experiments/analysis_boston_linear_fowler_non_synchronized_layouting_dd_10-02-2026.json.gz
56,Linear Twine QFT,0.00010555374489792929,ibm_boston,20,20,~/Nextcloud/Projects/IBM/qft_experiments/analysis_boston_linear_fowler_non_synchronized_layouting_dd_10-02-2026.json.gz
56,Linear Twine QFT,0.0001808295903994678,ibm_boston,20,20,~/Nextcloud/Projects/IBM/qft_experiments/analysis_boston_linear_fowler_non_synchronized_layouting_dd_10-02-2026.json.gz
58,Linear Twine QFT,0.00023397812696166164,ibm_boston,20,20,~/Nextcloud/Projects/IBM/qft_experiments/analysis_boston_linear_fowler_non_synchronized_layouting_dd_10-02-2026.json.gz
58,Linear Twine QFT,0.00012533530788939347,ibm_boston,20,20,~/Nextcloud/Projects/IBM/qft_experiments/analysis_boston_linear_fowler_non_synchronized_layouting_dd_10-02-2026.json.gz
58,Linear Twine QFT,0.00014593643190188342,ibm_boston,20,20,~/Nextcloud/Projects/IBM/qft_experiments/analysis_boston_linear_fowler_non_synchronized_layouting_dd_10-02-2026.json.gz
58,Linear Twine QFT,2.2329687826943618e-05,ibm_boston,20,20,~/Nextcloud/Projects/IBM/qft_experiments/analysis_boston_linear_fowler_non_synchronized_layouting_dd_10-02-2026.json.gz
58,Linear Twine QFT,2.631578947368421e-06,ibm_boston,20,20,~/Nextcloud/Projects/IBM/qft_experiments/analysis_boston_linear_fowler_non_synchronized_layouting_dd_10-02-2026.json.gz
58,Linear Twine QFT,3.7667653944696744e-05,ibm_boston,20,20,~/Nextcloud/Projects/IBM/qft_experiments/analysis_boston_linear_fowler_non_synchronized_layouting_dd_10-02-2026.json.gz
58,Linear Twine QFT,0.0,ibm_boston,20,20,~/Nextcloud/Projects/IBM/qft_experiments/analysis_boston_linear_fowler_non_synchronized_layouting_dd_10-02-2026.json.gz
58,Linear Twine QFT,0.0002783409279518434,ibm_boston,20,20,~/Nextcloud/Projects/IBM/qft_experiments/analysis_boston_linear_fowler_non_synchronized_layouting_dd_10-02-2026.json.gz
58,Linear Twine QFT,1.8421052631578954e-05,ibm_boston,20,20,~/Nextcloud/Projects/IBM/qft_experiments/analysis_boston_linear_fowler_non_synchronized_layouting_dd_10-02-2026.json.gz
58,Linear Twine QFT,0.00048111414866016533,ibm_boston,20,20,~/Nextcloud/Projects/IBM/qft_experiments/analysis_boston_linear_fowler_non_synchronized_layouting_dd_10-02-2026.json.gz
58,Linear Twine QFT,3.5939090130243095e-05,ibm_boston,20,20,~/Nextcloud/Projects/IBM/qft_experiments/analysis_boston_linear_fowler_non_synchronized_layouting_dd_10-02-2026.json.gz
58,Linear Twine QFT,3.7667653944696744e-05,ibm_boston,20,20,~/Nextcloud/Projects/IBM/qft_experiments/analysis_boston_linear_fowler_non_synchronized_layouting_dd_10-02-2026.json.gz
58,Linear Twine QFT,0.0,ibm_boston,20,20,~/Nextcloud/Projects/IBM/qft_experiments/analysis_boston_linear_fowler_non_synchronized_layouting_dd_10-02-2026.json.gz
58,Linear Twine QFT,1.751803749866415e-05,ibm_boston,20,20,~/Nextcloud/Projects/IBM/qft_experiments/analysis_boston_linear_fowler_non_synchronized_layouting_dd_10-02-2026.json.gz
58,Linear Twine QFT,0.00013804169505977828,ibm_boston,20,20,~/Nextcloud/Projects/IBM/qft_experiments/analysis_boston_linear_fowler_non_synchronized_layouting_dd_10-02-2026.json.gz
58,Linear Twine QFT,2.282530889443167e-21,ibm_boston,20,20,~/Nextcloud/Projects/IBM/qft_experiments/analysis_boston_linear_fowler_non_synchronized_layouting_dd_10-02-2026.json.gz
58,Linear Twine QFT,0.00012631578947368418,ibm_boston,20,20,~/Nextcloud/Projects/IBM/qft_experiments/analysis_boston_linear_fowler_non_synchronized_layouting_dd_10-02-2026.json.gz
58,Linear Twine QFT,0.00020292815361107398,ibm_boston,20,20,~/Nextcloud/Projects/IBM/qft_experiments/analysis_boston_linear_fowler_non_synchronized_layouting_dd_10-02-2026.json.gz
58,Linear Twine QFT,7.443229275647865e-06,ibm_boston,20,20,~/Nextcloud/Projects/IBM/qft_experiments/analysis_boston_linear_fowler_non_synchronized_layouting_dd_10-02-2026.json.gz
58,Linear Twine QFT,2.2329687826943618e-05,ibm_boston,20,20,~/Nextcloud/Projects/IBM/qft_experiments/analysis_boston_linear_fowler_non_synchronized_layouting_dd_10-02-2026.json.gz
60,Linear Twine QFT,0.0,ibm_boston,20,20,~/Nextcloud/Projects/IBM/qft_experiments/analysis_boston_linear_fowler_non_synchronized_layouting_dd_10-02-2026.json.gz
60,Linear Twine QFT,0.0,ibm_boston,20,20,~/Nextcloud/Projects/IBM/qft_experiments/analysis_boston_linear_fowler_non_synchronized_layouting_dd_10-02-2026.json.gz
60,Linear Twine QFT,2.631578947368421e-06,ibm_boston,20,20,~/Nextcloud/Projects/IBM/qft_experiments/analysis_boston_linear_fowler_non_synchronized_layouting_dd_10-02-2026.json.gz
60,Linear Twine QFT,1.5789473684210526e-05,ibm_boston,20,20,~/Nextcloud/Projects/IBM/qft_experiments/analysis_boston_linear_fowler_non_synchronized_layouting_dd_10-02-2026.json.gz
60,Linear Twine QFT,7.894736842105265e-06,ibm_boston,20,20,~/Nextcloud/Projects/IBM/qft_experiments/analysis_boston_linear_fowler_non_synchronized_layouting_dd_10-02-2026.json.gz
60,Linear Twine QFT,2.6315789473684205e-05,ibm_boston,20,20,~/Nextcloud/Projects/IBM/qft_experiments/analysis_boston_linear_fowler_non_synchronized_layouting_dd_10-02-2026.json.gz
60,Linear Twine QFT,2.631578947368421e-06,ibm_boston,20,20,~/Nextcloud/Projects/IBM/qft_experiments/analysis_boston_linear_fowler_non_synchronized_layouting_dd_10-02-2026.json.gz
60,Linear Twine QFT,7.894736842105265e-06,ibm_boston,20,20,~/Nextcloud/Projects/IBM/qft_experiments/analysis_boston_linear_fowler_non_synchronized_layouting_dd_10-02-2026.json.gz
60,Linear Twine QFT,2.631578947368421e-06,ibm_boston,20,20,~/Nextcloud/Projects/IBM/qft_experiments/analysis_boston_linear_fowler_non_synchronized_layouting_dd_10-02-2026.json.gz
60,Linear Twine QFT,7.894736842105265e-06,ibm_boston,20,20,~/Nextcloud/Projects/IBM/qft_experiments/analysis_boston_linear_fowler_non_synchronized_layouting_dd_10-02-2026.json.gz
60,Linear Twine QFT,1.5789473684210526e-05,ibm_boston,20,20,~/Nextcloud/Projects/IBM/qft_experiments/analysis_boston_linear_fowler_non_synchronized_layouting_dd_10-02-2026.json.gz
60,Linear Twine QFT,7.894736842105265e-06,ibm_boston,20,20,~/Nextcloud/Projects/IBM/qft_experiments/analysis_boston_linear_fowler_non_synchronized_layouting_dd_10-02-2026.json.gz
60,Linear Twine QFT,2.631578947368421e-06,ibm_boston,20,20,~/Nextcloud/Projects/IBM/qft_experiments/analysis_boston_linear_fowler_non_synchronized_layouting_dd_10-02-2026.json.gz
60,Linear Twine QFT,0.0,ibm_boston,20,20,~/Nextcloud/Projects/IBM/qft_experiments/analysis_boston_linear_fowler_non_synchronized_layouting_dd_10-02-2026.json.gz
60,Linear Twine QFT,1.5789473684210526e-05,ibm_boston,20,20,~/Nextcloud/Projects/IBM/qft_experiments/analysis_boston_linear_fowler_non_synchronized_layouting_dd_10-02-2026.json.gz
60,Linear Twine QFT,2.631578947368421e-06,ibm_boston,20,20,~/Nextcloud/Projects/IBM/qft_experiments/analysis_boston_linear_fowler_non_synchronized_layouting_dd_10-02-2026.json.gz
60,Linear Twine QFT,2.631578947368421e-06,ibm_boston,20,20,~/Nextcloud/Projects/IBM/qft_experiments/analysis_boston_linear_fowler_non_synchronized_layouting_dd_10-02-2026.json.gz
60,Linear Twine QFT,2.631578947368421e-06,ibm_boston,20,20,~/Nextcloud/Projects/IBM/qft_experiments/analysis_boston_linear_fowler_non_synchronized_layouting_dd_10-02-2026.json.gz
60,Linear Twine QFT,7.894736842105265e-06,ibm_boston,20,20,~/Nextcloud/Projects/IBM/qft_experiments/analysis_boston_linear_fowler_non_synchronized_layouting_dd_10-02-2026.json.gz
60,Linear Twine QFT,1.5789473684210526e-05,ibm_boston,20,20,~/Nextcloud/Projects/IBM/qft_experiments/analysis_boston_linear_fowler_non_synchronized_layouting_dd_10-02-2026.json.gz
